Actual_t+1,Predicted_t+1,Actual_t+3,Predicted_t+3,Actual_t+5,Predicted_t+5,Actual_t+7,Predicted_t+7,Actual_t+10,Predicted_t+10
31.84,31.516123,31.82,31.516356,31.8,31.520792,31.78,31.482845,31.68,31.521112
31.83,31.509304,31.81,31.50955,31.8,31.513893,31.76,31.476265,31.64,31.51444
31.82,31.500015,31.8,31.500292,31.78,31.504465,31.74,31.467297,31.59,31.50533
31.81,31.489918,31.8,31.490261,31.76,31.494307,31.68,31.457565,31.55,31.495476
31.8,31.481184,31.78,31.481655,31.74,31.485592,31.64,31.449085,31.51,31.487015
31.8,31.474352,31.76,31.47487,31.68,31.47873,31.59,31.442486,31.47,31.480354
31.78,31.467754,31.74,31.468353,31.64,31.472218,31.55,31.436256,31.44,31.473988
31.76,31.460442,31.68,31.461103,31.59,31.46487,31.51,31.429155,31.42,31.466885
31.74,31.454338,31.64,31.455084,31.55,31.458815,31.47,31.423296,31.39,31.460997
31.68,31.446518,31.59,31.447266,31.51,31.45083,31.44,31.415703,31.35,31.4533
31.64,31.43646,31.55,31.437246,31.47,31.440674,31.42,31.406029,31.33,31.44344
31.59,31.425377,31.51,31.426247,31.44,31.429432,31.39,31.395178,31.31,31.43258
31.55,31.41261,31.47,31.413471,31.42,31.41624,31.35,31.382597,31.29,31.419905
31.51,31.394728,31.44,31.395529,31.39,31.397839,31.33,31.365217,31.27,31.402134
31.47,31.368877,31.42,31.36962,31.35,31.371191,31.31,31.33987,31.25,31.3765
31.44,31.33847,31.39,31.339283,31.33,31.340046,31.29,31.310116,31.25,31.346443
31.42,31.306831,31.35,31.307732,31.31,31.307726,31.27,31.279184,31.23,31.315237
31.39,31.273918,31.33,31.274942,31.29,31.274187,31.25,31.247076,31.21,31.282818
31.35,31.238653,31.31,31.239792,31.27,31.238272,31.25,31.212723,31.23,31.248066
31.33,31.203432,31.29,31.20479,31.25,31.20264,31.23,31.178545,31.23,31.213541
31.31,31.169445,31.27,31.171041,31.25,31.168293,31.21,31.145456,31.21,31.180262
31.29,31.136791,31.25,31.138594,31.23,31.135338,31.23,31.11385,31.19,31.14829
31.27,31.106068,31.25,31.108171,31.21,31.10468,31.23,31.084335,31.19,31.118433
31.25,31.078909,31.23,31.081352,31.23,31.077589,31.21,31.058037,31.17,31.09211
31.25,31.058392,31.21,31.061197,31.23,31.057482,31.19,31.038515,31.1,31.072392
31.23,31.042105,31.23,31.045166,31.21,31.041529,31.19,31.023037,31.05,31.056793
31.21,31.026598,31.23,31.029911,31.19,31.026379,31.17,31.008356,30.99,31.041945
31.23,31.013384,31.21,31.016977,31.19,31.013609,31.1,30.995907,30.95,31.029387
31.23,31.002169,31.19,31.005978,31.17,31.00269,31.05,30.985197,30.91,31.018692
31.21,30.991695,31.19,30.995642,31.1,30.99246,30.99,30.975384,30.85,31.008642
31.19,30.981546,31.17,30.985703,31.05,30.98272,30.95,30.96594,30.83,30.99904
31.19,30.974316,31.1,30.978752,30.99,30.975925,30.91,30.959063,30.79,30.992327
31.17,30.972103,31.05,30.976707,30.95,30.974108,30.85,30.957142,30.77,30.990429
31.1,30.970182,30.99,30.974825,30.91,30.972443,30.83,30.955618,30.69,30.988724
31.05,30.964603,30.95,30.969332,30.85,30.967031,30.79,30.950388,30.65,30.983414
30.99,30.957996,30.91,30.96285,30.83,30.960466,30.77,30.94393,30.63,30.977028
30.95,30.949974,30.85,30.954803,30.79,30.952183,30.69,30.936049,30.6,30.969038
30.91,30.93503,30.83,30.93974,30.77,30.936699,30.65,30.921492,30.55,30.954105
30.85,30.910381,30.79,30.915033,30.69,30.911272,30.63,30.897303,30.51,30.929613
30.83,30.880959,30.77,30.88571,30.65,30.881168,30.6,30.868404,30.47,30.900505
30.79,30.850134,30.69,30.854937,30.63,30.849518,30.55,30.838034,30.45,30.869957
30.77,30.815517,30.65,30.82032,30.6,30.814054,30.51,30.804232,30.45,30.835659
30.69,30.776997,30.63,30.781958,30.55,30.7749,30.47,30.766703,30.4,30.797712
30.65,30.737679,30.6,30.742886,30.51,30.734968,30.45,30.728151,30.35,30.759048
30.63,30.70208,30.55,30.707556,30.47,30.699013,30.45,30.693508,30.32,30.724096
30.6,30.66888,30.51,30.674408,30.45,30.665272,30.4,30.661154,30.25,30.691526
30.55,30.628906,30.47,30.634718,30.45,30.62507,30.35,30.622557,30.19,30.652386
30.51,30.591957,30.45,30.59819,30.4,30.587986,30.32,30.586489,30.15,30.61633
30.47,30.563189,30.45,30.569912,30.35,30.559517,30.25,30.558699,30.11,30.588453
30.45,30.541372,30.4,30.548365,30.32,30.537867,30.19,30.537682,30.05,30.567299
30.45,30.518007,30.35,30.525246,30.25,30.514591,30.15,30.515215,30.03,30.544544
30.4,30.492313,30.32,30.49985,30.19,30.488953,30.11,30.49034,30.0,30.519526
30.35,30.466467,30.25,30.47432,30.15,30.463081,30.05,30.465149,29.95,30.494295
30.32,30.444437,30.19,30.452682,30.11,30.44134,30.03,30.443909,29.89,30.472939
30.25,30.42299,30.15,30.431444,30.05,30.419783,30.0,30.42293,29.89,30.451971
30.19,30.39905,30.11,30.407837,30.03,30.395943,29.95,30.399904,29.85,30.428486
30.15,30.378521,30.05,30.387594,30.0,30.375402,29.89,30.379784,29.81,30.408487
30.11,30.355722,30.03,30.365004,29.95,30.352373,29.89,30.357435,29.81,30.386045
30.05,30.33084,30.0,30.340223,29.89,30.32714,29.85,30.333235,29.83,30.36149
30.03,30.300074,29.95,30.309723,29.89,30.296032,29.81,30.303059,29.85,30.331215
30.0,30.268787,29.89,30.278812,29.85,30.26448,29.81,30.272242,29.85,30.300493
29.95,30.241306,29.89,30.251642,29.81,30.23683,29.83,30.245348,29.87,30.27352
29.89,30.214985,29.85,30.225601,29.81,30.210402,29.85,30.219679,29.89,30.247713
29.89,30.185452,29.81,30.196306,29.83,30.180496,29.85,30.19066,29.89,30.218634
29.85,30.154585,29.81,30.165752,29.85,30.149427,29.87,30.160538,29.91,30.188297
29.81,30.123335,29.83,30.134787,29.85,30.117884,29.89,30.129896,29.93,30.157574
29.81,30.096037,29.85,30.107836,29.87,30.090704,29.89,30.103418,29.95,30.131021
29.83,30.072857,29.85,30.085022,29.89,30.067774,29.91,30.080925,29.95,30.108604
29.85,30.051538,29.87,30.064062,29.89,30.046738,29.93,30.060343,29.97,30.087933
29.85,30.034489,29.89,30.047342,29.91,30.030115,29.95,30.044086,29.98,30.071554
29.87,30.020056,29.89,30.033281,29.93,30.01627,29.95,30.030396,30.0,30.057861
29.89,30.01218,29.91,30.025846,29.95,30.009264,29.97,30.02318,30.02,30.050764
29.89,30.010561,29.93,30.024458,29.95,30.008333,29.98,30.022022,30.04,30.049665
29.91,30.012377,29.95,30.02645,29.97,30.010962,30.0,30.024536,30.04,30.051958
29.93,30.015863,29.95,30.03012,29.98,30.015223,30.02,30.028454,30.04,30.05592
29.95,30.022356,29.97,30.036858,30.0,30.022577,30.04,30.035236,30.06,30.062853
29.95,30.03217,29.98,30.046747,30.02,30.03302,30.04,30.04529,30.08,30.072783
29.97,30.044598,30.0,30.059227,30.04,30.046192,30.04,30.058071,30.09,30.085335
29.98,30.060087,30.02,30.074808,30.04,30.062462,30.06,30.073559,30.09,30.10104
30.0,30.077097,30.04,30.091805,30.04,30.080029,30.08,30.090443,30.11,30.118048
30.02,30.09513,30.04,30.109676,30.06,30.098473,30.09,30.108454,30.14,30.135927
30.04,30.107615,30.04,30.121954,30.08,30.111002,30.09,30.12074,30.15,30.148184
30.04,30.11605,30.06,30.130333,30.09,30.119562,30.11,30.129057,30.19,30.156506
30.04,30.125134,30.08,30.139328,30.09,30.12869,30.14,30.137854,30.21,30.165434
30.06,30.135626,30.09,30.149742,30.11,30.139326,30.15,30.148188,30.23,30.175787
30.08,30.14645,30.09,30.160442,30.14,30.150213,30.19,30.15878,30.25,30.186415
30.09,30.154879,30.11,30.168722,30.15,30.158545,30.21,30.166931,30.25,30.194592
30.09,30.162216,30.14,30.175941,30.19,30.165846,30.23,30.174114,30.27,30.20172
30.11,30.168541,30.15,30.182169,30.21,30.172098,30.25,30.1802,30.29,30.207874
30.14,30.179178,30.19,30.192753,30.23,30.182991,30.25,30.190636,30.32,30.218575
30.15,30.258524,30.21,30.271744,30.25,30.26478,30.27,30.267609,30.34,30.299757
30.19,30.294107,30.23,30.306946,30.25,30.301561,30.29,30.302874,30.35,30.336277
30.21,30.30344,30.25,30.316193,30.27,30.310919,30.32,30.31186,30.37,30.34545
30.23,30.31293,30.25,30.325583,30.29,30.320421,30.34,30.321047,30.4,30.354734
30.25,30.325033,30.27,30.337587,30.32,30.332731,30.35,30.332973,30.4,30.366707
30.25,30.337503,30.29,30.34999,30.34,30.34538,30.37,30.34511,30.37,30.379042
30.27,30.352686,30.32,30.36513,30.35,30.360876,30.4,30.359974,30.37,30.39409
30.29,30.370615,30.34,30.382925,30.37,30.379038,30.4,30.377481,30.35,30.411772
30.32,30.38678,30.35,30.398874,30.4,30.39524,30.37,30.39327,30.33,30.427593
30.34,30.39574,30.37,30.40768,30.4,30.404047,30.37,30.40199,30.31,30.436085
30.35,30.322342,30.4,30.334377,30.37,30.328205,30.35,30.331327,30.31,30.36076
30.37,30.309383,30.4,30.321814,30.37,30.314518,30.33,30.318222,30.33,30.346586
30.4,30.325258,30.37,30.33753,30.35,30.330534,30.31,30.333797,30.35,30.36219
30.4,30.340145,30.37,30.352243,30.33,30.345524,30.31,30.34841,30.35,30.376791
30.37,30.352045,30.35,30.363934,30.31,30.357298,30.33,30.359932,30.35,30.388357
30.37,30.362816,30.33,30.374586,30.31,30.368105,30.35,30.370459,30.35,30.398876
30.35,30.374018,30.31,30.385633,30.33,30.379194,30.35,30.381174,30.35,30.4098
30.33,30.3861,30.31,30.397451,30.35,30.39116,30.35,30.392899,30.37,30.421686
30.31,30.424341,30.33,30.435024,30.35,30.430363,30.35,30.430725,30.37,30.46084
30.31,30.526493,30.35,30.537165,30.35,30.534954,30.35,30.528206,30.35,30.56424
30.33,30.534674,30.35,30.545189,30.35,30.543053,30.37,30.536001,30.35,30.572414
30.35,30.538837,30.35,30.549103,30.35,30.546894,30.37,30.539776,30.37,30.576544
30.35,30.550896,30.35,30.560955,30.37,30.55926,30.35,30.551428,30.4,30.589203
30.35,30.548903,30.35,30.558987,30.37,30.557272,30.35,30.549305,30.42,30.587517
30.35,30.561981,30.37,30.57211,30.35,30.571009,30.37,30.561949,30.45,30.601318
30.35,30.720276,30.37,30.730953,30.35,30.733255,30.4,30.713064,30.47,30.760387
30.37,30.718246,30.35,30.728888,30.37,30.731245,30.42,30.711245,30.51,30.75849
30.37,30.706268,30.35,30.717012,30.4,30.71902,30.45,30.69949,30.55,30.746464
30.35,30.657639,30.37,30.668701,30.42,30.66883,30.47,30.651733,30.58,30.696775
30.35,30.554888,30.4,30.56573,30.45,30.563684,30.51,30.553947,30.6,30.5932
30.37,30.687128,30.42,30.698387,30.47,30.699419,30.55,30.680168,30.63,30.726555
30.4,30.706505,30.45,30.717762,30.51,30.719578,30.58,30.699276,30.65,30.746304
30.42,30.72441,30.47,30.735468,30.55,30.737944,30.6,30.717018,30.68,30.76434
30.45,30.73004,30.51,30.74103,30.58,30.743643,30.63,30.722534,30.68,30.769915
30.47,30.711285,30.55,30.722294,30.6,30.724016,30.65,30.70414,30.7,30.750362
30.51,30.562798,30.58,30.573324,30.63,30.57195,30.68,30.562551,30.73,30.601254
30.55,30.5754,30.6,30.585957,30.65,30.585072,30.68,30.575014,29.83,30.614042
30.58,30.589727,30.63,30.600267,30.68,30.599874,30.7,30.589167,29.85,30.628407
30.6,30.625044,30.65,30.635548,30.68,30.636549,30.73,30.623966,29.86,30.664324
30.63,30.630735,30.68,30.641222,30.7,30.642145,29.83,30.629557,29.88,30.669413
30.65,30.561068,30.68,30.570944,30.73,30.571066,29.85,30.564854,29.9,30.599478
30.68,30.709246,30.7,30.719538,29.83,30.723116,29.86,30.707146,29.92,30.748089
30.68,30.839003,30.73,30.849966,29.85,30.85614,29.88,30.830954,29.92,30.878027
30.7,30.861185,29.83,30.87195,29.86,30.878363,29.9,30.852491,29.98,30.8994
30.73,30.91061,29.85,30.921135,29.88,30.928852,29.92,30.90063,30.0,30.948776
29.83,31.085754,29.86,31.096687,29.9,31.108023,29.92,31.067955,30.0,31.124256
29.85,31.117704,29.88,31.128387,29.92,31.140234,29.98,31.098759,29.97,31.15573
29.86,31.161694,29.9,31.172691,29.92,31.185053,30.0,31.140392,29.96,31.199602
29.88,31.244822,29.92,31.254347,29.98,31.264608,30.0,31.21524,29.96,31.27936
29.9,31.484568,29.92,31.493544,30.0,31.506517,29.97,31.443563,29.94,31.514732
29.92,31.399986,29.98,31.410133,30.0,31.41824,29.96,31.355207,29.93,31.430698
29.92,31.149971,30.0,31.161566,29.97,31.16384,29.96,31.112803,29.95,31.182947
29.98,30.973967,30.0,30.98516,29.96,30.984005,29.94,30.94372,29.97,31.007912
30.0,30.97907,29.97,30.991003,29.96,30.991367,29.93,30.949173,30.0,31.015814
30.0,31.017555,29.96,31.030575,29.94,31.032608,29.95,30.985565,30.09,31.056667
29.97,30.802069,29.96,30.814522,29.93,30.812271,29.97,30.77828,30.29,30.841934
29.96,30.834934,29.94,30.848795,29.95,30.848345,30.0,30.809587,30.43,30.877548
29.96,30.723001,29.93,30.737303,29.97,30.73498,30.09,30.701992,30.75,30.766558
29.94,30.590343,29.95,30.605825,30.0,30.604076,30.29,30.57786,31.39,30.637089
29.93,30.36957,29.97,30.384539,30.09,30.38209,30.43,30.369509,31.91,30.42086
29.95,30.38942,30.0,30.403679,30.29,30.404177,30.75,30.394302,32.51,30.440466
29.97,30.4422,30.09,30.454556,30.43,30.45667,31.39,30.44787,33.03,30.491674
30.0,30.414862,30.29,30.427334,30.75,30.427906,31.91,30.420551,33.22,30.463175
30.09,30.370998,30.43,30.383745,31.39,30.382364,32.51,30.377169,33.22,30.418137
30.29,30.45992,30.75,30.472706,31.91,30.470762,33.03,30.460068,33.13,30.503878
30.43,30.647566,31.39,30.660603,32.51,30.661364,33.22,30.638586,33.11,30.690144
30.75,30.830795,31.91,30.837837,33.03,30.836155,33.22,30.811676,33.42,30.859335
31.39,31.150612,32.51,31.159023,33.22,31.165056,33.13,31.119844,33.65,31.17967
31.91,31.316153,33.03,31.325275,33.22,31.337692,33.11,31.282095,33.52,31.348064
32.51,31.431658,33.22,31.44067,33.13,31.458542,33.42,31.39727,33.28,31.464973
33.03,31.653456,33.22,31.662899,33.11,31.689991,33.65,31.616985,33.04,31.688051
33.22,31.956514,33.13,31.965897,33.42,32.003254,33.52,31.9144,32.91,31.989096
33.22,32.387623,33.11,32.39672,33.65,32.448524,33.28,32.33773,32.79,32.415913
33.13,32.821655,33.42,32.83061,33.52,32.896122,33.04,32.762966,32.77,32.843666
33.11,32.948135,33.65,32.959156,33.28,33.027706,32.91,32.88712,32.75,32.966076
33.42,33.04073,33.52,33.051773,33.04,33.12344,32.79,32.98146,32.78,33.05552
33.65,32.92453,33.28,32.933678,32.91,33.005642,32.77,32.87743,32.75,32.942898
33.52,32.84933,33.04,32.853764,32.79,32.923176,32.75,32.80866,32.74,32.865597
33.28,32.90503,32.91,32.90444,32.77,32.975666,32.78,32.867527,32.77,32.917297
33.04,33.11288,32.79,33.10865,32.75,33.182365,32.75,33.067554,32.94,33.11719
32.91,33.303436,32.77,33.294792,32.78,33.367638,32.74,33.247345,33.09,33.297523
32.79,33.383785,32.75,33.37006,32.75,33.438976,32.77,33.320942,33.09,33.36952
32.77,33.32645,32.78,33.309723,32.74,33.36859,32.94,33.256817,33.32,33.30598
32.75,33.186127,32.75,33.168537,32.77,33.21621,33.09,33.112946,33.84,33.16238
32.78,32.975613,32.74,32.958656,32.94,32.9948,33.09,32.902164,33.98,32.951176
32.75,32.762318,32.77,32.747864,33.09,32.774044,33.32,32.689667,33.73,32.738472
32.74,32.742077,32.94,32.729668,33.09,32.753815,33.84,32.665936,33.83,32.71922
32.77,32.806747,33.09,32.79538,33.32,32.821037,33.98,32.726208,33.97,32.784443
32.94,32.760025,33.09,32.748333,33.84,32.77163,33.73,32.679672,34.09,32.737247
33.09,32.70108,33.32,32.6886,33.98,32.71034,33.83,32.623295,33.98,32.67872
33.09,32.662212,33.84,32.650272,33.73,32.671635,33.97,32.58518,33.85,32.642357
33.32,32.748447,33.98,32.73842,33.83,32.7636,34.09,32.667503,33.8,32.731483
33.84,33.045837,33.73,33.037735,33.97,33.07368,33.98,32.95644,33.79,33.028946
33.98,33.374893,33.83,33.366642,34.09,33.414753,33.85,33.276722,33.88,33.35675
33.73,33.478813,33.97,33.47038,33.98,33.524643,33.8,33.381687,34.05,33.46124
33.83,33.638958,34.09,33.630623,33.85,33.693348,33.79,33.540688,34.29,33.62243
33.97,33.73592,33.98,33.72698,33.8,33.794334,33.88,33.637707,34.52,33.717632
34.09,33.789207,33.85,33.778305,33.79,33.847363,34.05,33.69233,34.72,33.766796
33.98,33.899857,33.8,33.8872,33.88,33.961044,34.29,33.802475,34.83,33.875366
33.85,33.96211,33.79,33.949657,34.05,34.024055,34.52,33.861176,34.81,33.934414
33.8,34.03302,33.88,34.02105,34.29,34.09685,34.72,33.930202,34.81,34.001938
33.79,34.035183,34.05,34.022575,34.52,34.096386,34.83,33.93203,34.89,34.00078
33.88,33.938038,34.29,33.92199,34.72,33.991142,34.81,33.838417,34.95,33.90312
34.05,33.741276,34.52,33.71942,34.83,33.78081,34.81,33.648212,34.87,33.706894
34.29,33.806107,34.72,33.785103,34.81,33.84436,34.89,33.704704,34.86,33.76855
34.52,33.982395,34.83,33.96387,34.81,34.025257,34.95,33.8695,34.77,33.94
34.72,34.000008,34.81,33.981964,34.89,34.042156,34.87,33.8838,34.7,33.956543
34.83,34.160847,34.81,34.145,34.95,34.21061,34.86,34.03611,34.7,34.117386
34.81,34.322254,34.89,34.306854,34.87,34.37774,34.77,34.189316,34.66,34.27775
34.81,34.478756,34.95,34.46278,34.86,34.54037,34.7,34.342274,34.65,34.432648
34.89,34.54068,34.87,34.524044,34.77,34.604115,34.7,34.402878,34.71,34.492767
34.95,34.577614,34.86,34.561504,34.7,34.642323,34.66,34.438484,34.83,34.527157
34.87,34.638027,34.77,34.621315,34.7,34.704033,34.65,34.497196,34.81,34.585617
34.86,34.765285,34.7,34.748867,34.66,34.835655,34.71,34.61921,34.75,34.71007
34.77,34.859768,34.7,34.843456,34.65,34.932327,34.83,34.70916,34.7,34.800774
34.7,34.813656,34.66,34.793858,34.71,34.87889,34.81,34.664146,34.67,34.752186
34.7,34.81979,34.65,34.799854,34.83,34.883377,34.75,34.66917,34.67,34.756184
34.66,34.721684,34.71,34.697865,34.81,34.774933,34.7,34.571922,35.07,34.657104
34.65,34.607113,34.83,34.581905,34.75,34.65138,34.67,34.458755,35.18,34.5404
34.71,34.521973,34.81,34.496387,34.7,34.560432,34.67,34.374577,35.23,34.454063
34.83,34.456017,34.75,34.430492,34.67,34.490273,35.07,34.30897,35.37,34.38725
34.81,34.428173,34.7,34.402966,34.67,34.4613,35.18,34.281525,35.61,34.35984
34.75,34.364037,34.67,34.338444,35.07,34.394444,35.23,34.220325,35.7,34.296036
34.7,34.337,34.67,34.311314,35.18,34.366417,35.37,34.194748,35.72,34.269062
34.67,34.371773,35.07,34.346592,35.23,34.40283,35.61,34.227276,35.76,34.303795
34.67,34.414207,35.18,34.38994,35.37,34.448383,35.7,34.268024,35.79,34.346764
35.07,34.37231,35.23,34.347572,35.61,34.40452,35.72,34.22806,35.85,34.30507
35.18,34.386013,35.37,34.36174,35.7,34.419735,35.76,34.241528,35.84,34.319393
35.23,34.40622,35.61,34.382088,35.72,34.441246,35.79,34.261166,35.8,34.340187
35.37,34.68881,35.7,34.67097,35.76,34.741646,35.85,34.532207,35.74,34.62209
35.61,34.89417,35.72,34.876408,35.79,34.95704,35.84,34.72933,35.17,34.828724
35.7,35.073753,35.76,35.055138,35.85,35.14491,35.8,34.902355,35.59,35.00904
35.72,35.19599,35.79,35.17668,35.84,35.273506,35.74,35.021187,35.56,35.132618
35.76,35.330376,35.85,35.309967,35.8,35.414444,35.17,35.151478,35.47,35.268482
35.79,35.415943,35.84,35.39479,35.74,35.503757,35.59,35.234245,35.44,35.35394
35.85,35.48999,35.8,35.467907,35.17,35.580574,35.56,35.30582,35.53,35.427322
35.84,35.66241,35.74,35.63748,35.59,35.75984,35.47,35.47177,35.57,35.600533
35.8,35.753292,35.17,35.72744,35.56,35.85465,35.44,35.559223,35.45,35.690945
35.74,35.93997,35.59,35.91104,35.47,36.049137,35.53,35.73947,35.38,35.87702
35.17,35.90836,35.56,35.875263,35.44,36.00922,35.57,35.707077,35.49,35.841595
35.59,35.863487,35.47,35.829544,35.53,35.958893,35.45,35.662823,35.58,35.79385
35.56,35.852703,35.44,35.81895,35.57,35.945446,35.38,35.648937,35.55,35.78214
35.47,35.87888,35.53,35.84516,35.45,35.970055,35.49,35.669357,35.53,35.806496
35.44,35.859837,35.57,35.82707,35.38,35.95059,35.58,35.65083,35.45,35.787506
35.53,35.86078,35.45,35.82884,35.49,35.950375,35.55,35.64746,35.36,35.788326
35.57,35.89161,35.38,35.859676,35.58,35.982178,35.53,35.675568,35.3,35.818577
35.45,35.87469,35.49,35.84367,35.55,35.96519,35.45,35.659405,35.34,35.8019
35.38,35.932526,35.58,35.907406,35.53,36.030663,35.36,35.71168,35.34,35.860764
35.49,35.953117,35.55,35.927444,35.45,36.051643,35.3,35.730053,35.28,35.881493
35.58,35.999752,35.53,35.972527,35.36,36.099255,35.34,35.77329,35.18,35.92852
35.55,36.088425,35.45,36.060062,35.3,36.192776,35.34,35.857338,34.95,36.018852
35.53,36.061954,35.36,36.034084,35.34,36.16586,35.28,35.833057,34.83,35.99301
35.45,35.840244,35.3,35.81823,35.34,35.939705,35.18,35.624756,34.75,35.773037
35.36,35.788002,35.34,35.767014,35.28,35.88294,34.95,35.572556,34.63,35.716686
35.3,35.768566,35.34,35.747395,35.18,35.863705,34.83,35.557777,34.49,35.69705
35.34,35.733704,35.28,35.71275,34.95,35.82708,34.75,35.52398,34.4,35.66256
35.34,35.66873,35.18,35.64964,34.83,35.757957,34.63,35.459915,34.4,35.594322
35.28,35.528145,34.95,35.50571,34.75,35.60669,34.49,35.327114,34.24,35.451195
35.18,35.390903,34.83,35.370083,34.63,35.46255,34.4,35.194923,34.24,35.311085
34.95,35.2681,34.75,35.248444,34.49,35.33347,34.4,35.076706,34.18,35.18574
34.83,35.071453,34.63,35.046055,34.4,35.122566,34.24,34.89045,34.36,34.98772
34.75,34.95149,34.49,34.92492,34.4,34.99524,34.24,34.775826,34.39,34.866142
34.63,34.878174,34.4,34.850735,34.24,34.918167,34.18,34.70587,34.35,34.79334
34.49,34.801533,34.4,34.774555,34.24,34.84005,34.36,34.6332,34.77,34.71922
34.4,34.606663,34.24,34.578793,34.18,34.635693,34.39,34.445915,35.14,34.524624
34.4,34.456257,34.24,34.428658,34.36,34.479053,34.35,34.301117,35.21,34.37466
34.24,34.44686,34.18,34.421776,34.39,34.472336,34.77,34.291336,35.08,34.36655
34.24,34.371254,34.36,34.347187,34.35,34.39581,35.14,34.21895,35.02,34.29308
34.18,34.299217,34.39,34.275322,34.77,34.322353,35.21,34.15022,35.0,34.22377
34.36,34.50759,34.35,34.4959,35.14,34.551327,35.08,34.349834,35.06,34.43365
34.39,34.72543,34.77,34.722965,35.21,34.787075,35.02,34.557163,35.06,34.652267
34.35,34.922436,35.14,34.924713,35.08,34.997177,35.0,34.743347,34.86,34.850597
34.77,35.145397,35.21,35.149235,35.02,35.231693,35.06,34.954327,34.75,35.07514
35.14,35.298523,35.08,35.300873,35.0,35.393074,35.06,35.101448,34.7,35.23185
35.21,35.40322,35.02,35.401867,35.06,35.50116,34.86,35.203377,34.44,35.340103
35.08,35.361523,35.0,35.360344,35.06,35.460003,34.75,35.16668,33.96,35.29962
35.02,35.360935,35.06,35.36072,34.86,35.46036,34.7,35.16643,33.48,35.297897
35.0,35.410385,35.06,35.4102,34.75,35.51261,34.44,35.215206,32.97,35.346146
35.06,35.443806,34.86,35.4424,34.7,35.546944,33.96,35.249,32.71,35.37844
35.06,35.40001,34.75,35.40142,34.44,35.502052,33.48,35.207188,32.6,35.331535
34.86,35.33661,34.7,35.343742,33.96,35.437206,32.97,35.14324,32.5,35.26309
34.75,35.2976,34.44,35.310936,33.48,35.397778,32.71,35.10183,32.55,35.218723
34.7,35.178432,33.96,35.191483,32.97,35.26972,32.6,34.985825,32.52,35.096073
34.44,34.67178,33.48,34.649307,32.71,34.720264,32.5,34.521683,32.5,34.59872
33.96,34.508823,32.97,34.48081,32.6,34.54484,32.55,34.365673,32.49,34.435802
33.48,34.465893,32.71,34.437542,32.5,34.496857,32.52,34.320366,32.49,34.39087
32.97,34.334644,32.6,34.30525,32.55,34.357037,32.5,34.191647,32.48,34.258095
32.71,34.09408,32.5,34.06375,32.52,34.10568,32.49,33.958824,32.48,34.01908
32.6,33.757442,32.55,33.727318,32.5,33.757442,32.49,33.633633,32.46,33.685677
32.5,33.290344,32.52,33.261154,32.49,33.275375,32.48,33.181137,32.45,33.2223
32.55,32.92554,32.5,32.898453,32.49,32.901665,32.48,32.8266,32.43,32.862106
32.52,32.616035,32.49,32.588783,32.48,32.585262,32.46,32.528778,32.42,32.557606
32.5,32.390804,32.49,32.364094,32.48,32.35645,32.45,32.312134,32.4,32.337086
32.49,32.218853,32.48,32.194855,32.46,32.184956,32.43,32.146442,32.39,32.17087
32.49,32.093544,32.48,32.07262,32.45,32.060753,32.42,32.023502,32.37,32.0506
32.48,31.996729,32.46,31.978004,32.43,31.966413,32.4,31.931116,32.36,31.958721
32.48,31.88903,32.45,31.87244,32.42,31.861961,32.39,31.829098,32.35,31.85746
32.46,31.793396,32.43,31.779774,32.4,31.770636,32.37,31.738064,32.31,31.768568
32.45,31.753252,32.42,31.742968,32.39,31.736206,32.36,31.70035,32.23,31.734394
32.43,31.773993,32.4,31.766953,32.37,31.764414,32.35,31.722528,32.18,31.760664
32.42,31.834837,32.39,31.8296,32.36,31.831587,32.31,31.783472,32.16,31.825277
32.4,31.90694,32.37,31.902187,32.35,31.90875,32.23,31.85667,32.14,31.899372
32.39,31.956104,32.36,31.951477,32.31,31.961304,32.18,31.907059,32.14,31.949575
32.37,31.973646,32.35,31.968885,32.23,31.97964,32.16,31.924692,32.16,31.96722
32.36,31.97247,32.31,31.96769,32.18,31.978903,32.14,31.924377,32.18,31.966282
32.35,31.959423,32.23,31.954735,32.16,31.96563,32.14,31.911533,32.19,31.953493
32.31,31.948782,32.18,31.94424,32.14,31.954887,32.16,31.901146,32.19,31.943068
32.23,31.938992,32.16,31.934515,32.14,31.945013,32.18,31.891733,32.18,31.933487
32.18,31.926708,32.14,31.922338,32.16,31.93259,32.19,31.87979,32.16,31.921455
32.16,31.911346,32.14,31.907038,32.18,31.916788,32.19,31.864626,32.16,31.906218
32.14,31.890722,32.16,31.886364,32.19,31.895477,32.18,31.84447,32.14,31.885689
32.14,31.861246,32.18,31.85685,32.19,31.865114,32.16,31.8157,32.14,31.856445
32.16,31.827587,32.19,31.823393,32.18,31.830776,32.16,31.782782,32.12,31.823257
32.18,31.797024,32.19,31.793097,32.16,31.799707,32.14,31.752811,32.12,31.793196
32.19,31.772163,32.18,31.768555,32.16,31.774809,32.14,31.728794,32.11,31.768963
32.19,31.752378,32.16,31.749111,32.14,31.755184,32.12,31.709682,32.11,31.749819
32.18,31.737728,32.16,31.734844,32.14,31.740946,32.12,31.695726,32.09,31.735804
32.16,31.729858,32.14,31.72727,32.12,31.733538,32.11,31.68833,32.09,31.728447
32.16,31.723536,32.14,31.721117,32.12,31.72758,32.11,31.682516,32.09,31.722525
32.14,31.716875,32.12,31.714642,32.11,31.721304,32.09,31.676416,32.09,31.716293
32.14,31.713274,32.12,31.711325,32.11,31.718306,32.09,31.673237,32.11,31.713182
32.12,31.717285,32.11,31.71564,32.09,31.72309,32.09,31.677385,32.11,31.717606
32.12,31.726446,32.11,31.7249,32.09,31.732832,32.09,31.686583,32.12,31.726908
32.11,31.734177,32.09,31.732666,32.09,31.741096,32.11,31.694534,32.14,31.734755
32.11,31.736734,32.09,31.735174,32.09,31.743654,32.11,31.696964,32.14,31.73726
32.09,31.734911,32.09,31.733303,32.11,31.741724,32.12,31.695255,32.12,31.7354
32.09,31.727703,32.09,31.725996,32.11,31.734098,32.14,31.688114,32.11,31.72813
32.09,31.716547,32.11,31.714828,32.12,31.72257,32.14,31.677162,32.09,31.717018
32.09,31.704197,32.11,31.702494,32.14,31.709805,32.12,31.664957,32.08,31.704746
32.11,31.692833,32.12,31.69122,32.14,31.698303,32.11,31.65394,32.08,31.693573
32.11,31.684452,32.14,31.682993,32.12,31.689945,32.09,31.645754,32.09,31.685448
32.12,31.679943,32.14,31.678589,32.11,31.685522,32.08,31.6414,32.09,31.681114
32.14,31.678923,32.12,31.677727,32.09,31.684902,32.08,31.640701,32.11,31.680357
32.14,31.679811,32.11,31.678686,32.08,31.685959,32.09,31.641539,32.12,31.681366
32.12,31.683159,32.09,31.682146,32.08,31.68976,32.09,31.64515,32.12,31.68489
32.11,31.687962,32.08,31.687008,32.09,31.694881,32.11,31.649895,32.12,31.68979
32.09,31.694403,32.08,31.693521,32.09,31.701662,32.12,31.656279,32.14,31.696278
32.08,31.700008,32.09,31.699038,32.11,31.707327,32.12,31.661793,32.14,31.701775
32.08,31.702242,32.09,31.701244,32.12,31.709652,32.12,31.664103,32.12,31.703983
32.09,31.70179,32.11,31.700735,32.12,31.708988,32.14,31.663471,32.12,31.703436
32.09,31.700153,32.12,31.699049,32.12,31.707232,32.14,31.661905,32.11,31.701744
32.11,31.697128,32.12,31.696007,32.14,31.704058,32.12,31.658897,32.09,31.69871
32.12,31.693707,32.12,31.692583,32.14,31.70047,32.12,31.655447,32.07,31.695278
32.12,31.690989,32.14,31.68987,32.12,31.697697,32.11,31.652834,32.07,31.69259
32.12,31.688812,32.14,31.687737,32.12,31.695524,32.09,31.650692,32.05,31.690481
32.14,31.68755,32.12,31.686485,32.11,31.69421,32.07,31.649391,32.04,31.689217
32.14,31.686413,32.12,31.68534,32.09,31.693089,32.07,31.648388,32.02,31.688112
32.12,31.685314,32.11,31.684286,32.07,31.692091,32.05,31.647388,32.02,31.687113
32.12,31.68756,32.09,31.686647,32.07,31.694614,32.04,31.64964,32.01,31.689484
32.11,31.694887,32.07,31.694078,32.05,31.702347,32.02,31.65686,32.0,31.696878
32.09,31.703806,32.07,31.702951,32.04,31.711493,32.02,31.665625,31.94,31.705702
32.07,31.710129,32.05,31.709206,32.02,31.717957,32.01,31.671911,31.93,31.711937
32.07,31.71231,32.04,31.71128,32.02,31.719952,32.0,31.673904,31.93,31.713959
32.05,31.711193,32.02,31.710085,32.01,31.71861,31.94,31.672733,31.91,31.712715
32.04,31.705797,32.02,31.704548,32.0,31.712713,31.93,31.667273,31.91,31.707151
32.02,31.696508,32.01,31.695215,31.94,31.703037,31.93,31.658155,31.9,31.69784
32.02,31.6855,32.0,31.68419,31.93,31.69156,31.91,31.64716,31.9,31.686836
32.01,31.674913,31.94,31.673653,31.93,31.680674,31.91,31.636751,31.9,31.676325
32.0,31.663006,31.93,31.6617,31.91,31.668272,31.9,31.624958,31.89,31.664425
31.94,31.648783,31.93,31.647524,31.91,31.653767,31.9,31.611177,31.89,31.650373
31.93,31.634747,31.91,31.633621,31.9,31.639507,31.9,31.597364,31.9,31.63658
31.93,31.623653,31.91,31.622684,31.9,31.62829,31.89,31.586452,31.9,31.625696
31.91,31.611645,31.9,31.610624,31.9,31.615887,31.89,31.574718,31.91,31.613745
31.91,31.594854,31.9,31.593893,31.89,31.598871,31.9,31.558577,31.93,31.597223
31.9,31.57746,31.9,31.576698,31.89,31.581299,31.9,31.541496,31.93,31.580223
31.9,31.564405,31.89,31.56379,31.9,31.568121,31.91,31.528748,31.93,31.567442
31.9,31.553846,31.89,31.553366,31.9,31.557718,31.93,31.518791,31.93,31.557243
31.89,31.54247,31.9,31.542103,31.91,31.546282,31.93,31.50771,31.93,31.546173
31.89,31.533087,31.9,31.53291,31.93,31.537098,31.93,31.498804,31.93,31.53716
31.9,31.527191,31.91,31.527105,31.93,31.531313,31.93,31.493135,31.91,31.53158
31.9,31.519508,31.93,31.519512,31.93,31.523726,31.93,31.485846,31.9,31.524157
31.91,31.511385,31.93,31.511461,31.93,31.515657,31.93,31.478146,31.9,31.516304
31.93,31.506624,31.93,31.506971,31.93,31.511421,31.91,31.47382,31.89,31.512016
31.93,31.508808,31.93,31.509338,31.93,31.513983,31.9,31.475918,31.89,31.51444
31.93,31.515392,31.93,31.515993,31.91,31.521103,31.9,31.482744,31.88,31.521141
31.93,31.521294,31.93,31.521969,31.9,31.527481,31.89,31.488781,31.88,31.527214
31.93,31.526737,31.91,31.52746,31.9,31.533146,31.89,31.494059,31.9,31.532677
31.93,31.537954,31.9,31.53868,31.89,31.544838,31.88,31.5052,31.9,31.543972
31.91,31.558626,31.9,31.559135,31.89,31.566088,31.88,31.52551,31.91,31.564901
31.9,31.563694,31.89,31.564169,31.88,31.571274,31.9,31.530474,31.93,31.569935
31.9,31.567228,31.89,31.567707,31.88,31.5749,31.9,31.533936,31.93,31.573437
31.89,31.572956,31.88,31.573374,31.9,31.580633,31.91,31.539385,31.91,31.579103
31.89,31.573496,31.88,31.573801,31.9,31.581015,31.93,31.539919,31.91,31.579506
31.88,31.570793,31.9,31.571056,31.91,31.578129,31.93,31.537226,31.9,31.576754
31.88,31.566525,31.9,31.56676,31.93,31.573565,31.91,31.532854,31.9,31.57242
31.9,31.562374,31.91,31.562555,31.93,31.569183,31.91,31.528755,31.88,31.568235
31.9,31.555283,31.93,31.555418,31.91,31.561811,31.9,31.52179,31.87,31.561157
31.91,31.543104,31.93,31.543285,31.91,31.549292,31.9,31.50988,31.87,31.548988
31.93,31.809298,31.91,31.809835,31.9,31.822636,31.88,31.767649,31.86,31.813211
31.93,31.809517,31.91,31.810116,31.9,31.822958,31.87,31.767801,31.86,31.813549
31.91,31.809605,31.9,31.810232,31.88,31.823221,31.87,31.768076,31.86,31.813744
31.91,31.808413,31.9,31.809156,31.87,31.822279,31.86,31.76712,31.87,31.812689
31.9,31.813862,31.88,31.8147,31.87,31.82802,31.86,31.7724,31.88,31.81819
31.9,31.82057,31.87,31.821339,31.86,31.83488,31.86,31.779053,31.88,31.824804
31.88,31.823883,31.87,31.824608,31.86,31.83832,31.87,31.782465,31.88,31.828098
31.87,31.823225,31.86,31.823908,31.86,31.837502,31.88,31.78168,31.87,31.82735
31.87,31.824087,31.86,31.824804,31.87,31.838448,31.88,31.782583,31.87,31.828226
31.86,31.824694,31.86,31.82537,31.88,31.838905,31.88,31.783003,31.86,31.828741
31.86,31.536139,31.87,31.536673,31.88,31.542524,31.87,31.503237,31.86,31.541862
31.86,31.537142,31.88,31.537523,31.88,31.543493,31.87,31.504309,31.84,31.543003
31.87,31.534983,31.88,31.535326,31.87,31.541164,31.86,31.501974,31.84,31.540972
31.88,31.527054,31.88,31.52737,31.87,31.532953,31.86,31.49421,31.84,31.533052
31.88,31.518066,31.87,31.518368,31.86,31.523752,31.84,31.485476,31.86,31.524172
31.88,31.510658,31.87,31.511103,31.86,31.516397,31.84,31.478312,31.86,31.517023
31.87,31.508436,31.86,31.508997,31.84,31.514328,31.84,31.476131,31.87,31.514978
31.87,31.510206,31.86,31.510855,31.84,31.516376,31.86,31.478025,31.88,31.51687
31.86,31.5118,31.84,31.512451,31.84,31.5181,31.86,31.479683,31.88,31.518522
31.86,31.512283,31.84,31.512962,31.86,31.518723,31.87,31.48027,31.89,31.51907
31.84,31.513075,31.84,31.513802,31.86,31.519636,31.88,31.48107,31.89,31.519928
31.84,31.502504,31.86,31.503334,31.87,31.508728,31.88,31.470694,31.89,31.509108
31.84,31.497646,31.86,31.498526,31.88,31.503786,31.89,31.46607,31.9,31.504168
31.86,31.496643,31.87,31.497473,31.88,31.502628,31.89,31.464972,31.9,31.50311
31.86,31.494408,31.88,31.495226,31.89,31.50035,31.89,31.462872,31.89,31.500887
31.87,31.490692,31.88,31.491472,31.89,31.496449,31.9,31.459162,31.89,31.497177
31.88,31.487108,31.89,31.48794,31.89,31.49287,31.9,31.45572,31.88,31.493675
31.88,31.48572,31.89,31.48657,31.9,31.491482,31.89,31.454334,31.86,31.49237
31.89,31.520794,31.89,31.52133,31.9,31.527782,31.89,31.489014,31.86,31.52817
31.89,31.537813,31.9,31.538227,31.89,31.545473,31.88,31.505833,31.84,31.545628
31.89,31.540836,31.9,31.541283,31.89,31.548637,31.86,31.50879,31.79,31.548664
31.9,31.545391,31.89,31.545877,31.88,31.553484,31.86,31.51341,31.79,31.553278
31.9,31.550148,31.89,31.550615,31.86,31.558346,31.84,31.518028,31.79,31.55799
31.89,31.560478,31.88,31.560957,31.86,31.569128,31.79,31.528265,31.82,31.56844
31.89,31.577188,31.86,31.577602,31.84,31.586355,31.79,31.544582,31.82,31.585321
31.88,31.585484,31.86,31.585878,31.79,31.594843,31.79,31.552683,31.84,31.593525
31.86,31.591112,31.84,31.591364,31.79,31.600368,31.82,31.558123,31.86,31.598942
31.86,31.59173,31.79,31.591888,31.79,31.600866,31.82,31.558784,31.86,31.599436
31.84,31.553705,31.79,31.554201,31.82,31.56136,31.84,31.520954,31.86,31.560532
31.79,31.534313,31.79,31.534906,31.82,31.541151,31.86,31.50176,31.88,31.540672
31.79,31.528873,31.82,31.529434,31.84,31.535471,31.86,31.49641,31.88,31.535213
31.79,31.521328,31.82,31.521854,31.86,31.527498,31.86,31.488758,31.88,31.52762
31.82,31.511223,31.84,31.511635,31.86,31.516851,31.88,31.478798,31.86,31.517422
31.82,31.492453,31.86,31.492859,31.86,31.497541,31.88,31.460537,31.86,31.498672
31.84,31.4672,31.86,31.467697,31.88,31.471535,31.88,31.435707,31.84,31.47341
31.86,31.455942,31.86,31.456617,31.88,31.460342,31.86,31.424877,31.84,31.46247
31.86,31.450544,31.88,31.45134,31.88,31.455051,31.86,31.419636,31.82,31.457333
31.86,31.449793,31.88,31.450724,31.86,31.454653,31.84,31.419165,31.82,31.456837
31.88,31.451105,31.88,31.452139,31.86,31.456343,31.84,31.42065,31.79,31.458366
31.88,31.45481,31.86,31.455965,31.84,31.460428,31.82,31.4244,31.79,31.462233
31.88,31.460169,31.86,31.46133,31.84,31.46606,31.82,31.429775,31.82,31.467625
31.86,31.466017,31.84,31.467245,31.82,31.472353,31.79,31.435791,31.82,31.473598
31.86,31.475166,31.84,31.476553,31.82,31.48207,31.79,31.444805,31.84,31.482887
31.84,31.48946,31.82,31.490913,31.79,31.496828,31.82,31.458727,31.84,31.497095
31.84,31.50332,31.82,31.504654,31.79,31.510914,31.82,31.47234,31.86,31.510681
31.82,31.509178,31.79,31.510311,31.82,31.516554,31.84,31.477987,31.86,31.516232
31.82,31.507656,31.79,31.508661,31.82,31.514666,31.84,31.47635,31.87,31.51451
31.79,31.502127,31.82,31.503057,31.84,31.508698,31.86,31.47071,31.87,31.50883
31.79,31.49519,31.82,31.496002,31.84,31.501234,31.86,31.463728,31.88,31.50174
31.82,31.491581,31.84,31.49234,31.86,31.497477,31.87,31.460157,31.88,31.49824
31.82,31.481398,31.84,31.48212,31.86,31.486807,31.87,31.449938,31.88,31.48806
31.84,31.47246,31.86,31.473137,31.87,31.47759,31.88,31.44125,31.89,31.479204
31.84,31.46242,31.86,31.463188,31.87,31.467485,31.88,31.43155,31.89,31.46941
31.86,31.456486,31.87,31.45734,31.88,31.461542,31.88,31.425663,31.89,31.463705
31.86,31.49484,31.87,31.495516,31.88,31.501545,31.89,31.463724,31.9,31.503004
31.87,31.595413,31.88,31.596226,31.88,31.605429,31.89,31.56095,31.9,31.604813
31.87,31.602852,31.88,31.603804,31.89,31.613491,31.89,31.568535,31.9,31.612478
31.88,31.609598,31.88,31.610554,31.89,31.620474,31.9,31.575071,31.89,31.619234
31.88,31.61824,31.89,31.61928,31.89,31.629622,31.9,31.583782,31.89,31.627977
31.88,31.6225,31.89,31.6235,31.9,31.63395,31.9,31.587946,31.88,31.632105
31.89,31.632328,31.89,31.633411,31.9,31.64429,31.89,31.597794,31.84,31.641975
31.89,31.649416,31.9,31.650484,31.9,31.661797,31.89,31.614283,31.82,31.659033
31.89,31.674114,31.9,31.674932,31.89,31.686998,31.88,31.638447,31.8,31.683735
31.9,31.696085,31.9,31.69664,31.89,31.709486,31.84,31.66006,31.8,31.705841
31.9,31.672325,31.89,31.672989,31.88,31.684622,31.82,31.636314,31.76,31.681456
31.9,31.574278,31.89,31.57474,31.84,31.583317,31.8,31.541676,31.76,31.582188
31.89,31.573687,31.88,31.574066,31.82,31.582476,31.8,31.540983,31.74,31.581411
31.89,31.580711,31.84,31.581038,31.8,31.589636,31.76,31.547802,31.72,31.588463
31.88,31.582,31.82,31.582262,31.8,31.59079,31.76,31.548956,31.69,31.589638
31.84,31.595812,31.8,31.595852,31.76,31.604883,31.74,31.56251,31.65,31.603619
31.82,31.595333,31.8,31.595314,31.76,31.604246,31.72,31.56197,31.61,31.60306
31.8,31.586481,31.76,31.586452,31.74,31.59497,31.69,31.553242,31.61,31.593987
31.8,31.568136,31.76,31.568184,31.72,31.575785,31.65,31.534986,31.61,31.575186
31.76,31.566025,31.74,31.565857,31.69,31.573408,31.61,31.532995,31.61,31.573122
31.76,31.579136,31.72,31.578836,31.65,31.58686,31.61,31.545776,31.57,31.586637
31.74,31.564764,31.69,31.564548,31.61,31.572136,31.61,31.531603,31.55,31.572416
31.72,31.555006,31.65,31.554739,31.61,31.56195,31.61,31.52181,31.57,31.562777
31.69,31.534594,31.61,31.534397,31.61,31.541111,31.57,31.502056,31.57,31.54247
31.65,31.528814,31.61,31.528511,31.61,31.535221,31.55,31.496323,31.55,31.53719
31.61,31.517538,31.61,31.5172,31.57,31.523848,31.57,31.485554,31.55,31.526354
31.61,31.498505,31.61,31.498243,31.55,31.504362,31.57,31.466856,31.56,31.507542
31.61,31.475748,31.57,31.475552,31.57,31.481106,31.55,31.444632,31.57,31.485037
31.61,31.551298,31.55,31.551615,31.57,31.5594,31.55,31.517006,31.59,31.561903
31.57,31.504835,31.57,31.505606,31.55,31.512077,31.56,31.471615,31.59,31.515528
31.55,31.47165,31.57,31.472666,31.55,31.478474,31.57,31.439474,31.61,31.482721
31.57,31.466616,31.55,31.467785,31.56,31.473822,31.59,31.434729,31.63,31.478298
31.57,31.453493,31.55,31.454792,31.57,31.460783,31.59,31.422224,31.63,31.465597
31.55,31.492128,31.56,31.493341,31.59,31.500938,31.61,31.460064,31.63,31.50526
31.55,31.592047,31.57,31.594044,31.59,31.60432,31.63,31.555643,31.65,31.60623
31.56,31.559584,31.59,31.561914,31.61,31.57138,31.63,31.524027,31.65,31.573938
31.57,31.550587,31.59,31.55311,31.63,31.562647,31.63,31.515562,31.67,31.565334
31.59,31.545046,31.61,31.547739,31.63,31.557533,31.65,31.510578,31.67,31.560217
31.59,31.45332,31.63,31.456036,31.63,31.463676,31.65,31.422459,31.69,31.468184
31.61,31.456959,31.63,31.459826,31.65,31.4678,31.67,31.426178,31.69,31.472046
31.63,31.440617,31.63,31.443748,31.65,31.451271,31.67,31.410513,31.67,31.455399
31.63,31.435753,31.65,31.438887,31.67,31.446325,31.69,31.405949,31.65,31.450428
31.63,31.435478,31.65,31.43877,31.67,31.446465,31.69,31.406054,31.63,31.450296
31.65,31.395113,31.67,31.398739,31.69,31.40506,31.67,31.36656,31.61,31.40938
31.65,31.286331,31.67,31.289406,31.69,31.293007,31.65,31.26273,31.57,31.29956
31.67,31.296125,31.69,31.29907,31.67,31.302998,31.63,31.272572,31.55,31.309135
31.67,31.308174,31.69,31.311108,31.65,31.315458,31.61,31.284372,31.5,31.32129
31.69,31.401037,31.67,31.404001,31.63,31.411118,31.57,31.374113,31.48,31.415075
31.69,31.418877,31.65,31.421804,31.61,31.429462,31.55,31.391619,31.45,31.432837
31.67,31.430557,31.63,31.433374,31.57,31.4412,31.5,31.4029,30.75,31.444258
31.65,31.44034,31.61,31.44308,31.55,31.451069,31.48,31.412413,30.75,31.453821
31.63,31.448368,31.57,31.45105,31.5,31.45909,31.45,31.420065,30.79,31.461628
31.61,31.64888,31.55,31.651705,31.48,31.664246,30.75,31.612448,30.81,31.661558
31.57,31.679667,31.5,31.681967,31.45,31.695505,30.75,31.642616,30.82,31.692581
31.55,31.782873,31.48,31.785282,30.75,31.801416,30.79,31.741573,30.85,31.79646
31.5,31.91073,31.45,31.913515,30.75,31.93254,30.81,31.863514,30.86,31.924807
31.48,31.941498,30.75,31.94419,30.79,31.963932,30.82,31.893038,30.88,31.955837
31.45,31.831875,30.75,31.834381,30.81,31.850983,30.85,31.787167,30.88,31.845587
30.75,31.857864,30.79,31.860313,30.82,31.87747,30.86,31.811905,30.9,31.871998
30.75,31.831985,30.81,31.83446,30.85,31.850895,30.88,31.786646,30.9,31.846386
30.79,31.803988,30.82,31.806814,30.86,31.821999,30.88,31.758244,30.85,31.818724
30.81,31.733078,30.85,31.734514,30.88,31.745302,30.9,31.686237,30.82,31.745884
30.82,31.53735,30.86,31.538836,30.88,31.544909,30.9,31.49807,30.82,31.550993
30.85,31.428577,30.88,31.431145,30.9,31.433416,30.85,31.38884,30.86,31.444046
30.86,31.253021,30.88,31.256966,30.9,31.255629,30.82,31.218504,30.9,31.270891
30.88,31.080675,30.9,31.084524,30.85,31.080265,30.82,31.053413,30.96,31.099674
30.88,30.991741,30.9,30.99633,30.82,30.99083,30.86,30.967897,30.99,31.011984
30.9,30.951336,30.85,30.956316,30.82,30.951256,30.9,30.92966,31.01,30.973673
30.9,30.8643,30.82,30.86999,30.86,30.863558,30.96,30.84596,31.17,30.88741
30.85,30.826492,30.82,30.832516,30.9,30.82632,30.99,30.810205,31.6,30.851181
30.82,31.046776,30.86,31.052906,30.96,31.05176,31.01,31.022919,32.23,31.069872
30.82,31.058699,30.9,31.067137,30.99,31.069664,31.17,31.037205,32.58,31.086231
30.86,31.002861,30.96,31.011208,31.01,31.01325,31.6,30.983572,32.5,31.031084
30.9,31.031439,30.99,31.03928,31.17,31.043625,32.23,31.015366,32.3,31.059
30.96,31.215054,31.01,31.22248,31.6,31.230474,32.58,31.191555,32.06,31.241455
30.99,31.23899,31.17,31.246265,32.23,31.255125,32.5,31.214716,32.06,31.266056
31.01,31.357693,31.6,31.36542,32.58,31.377415,32.3,31.328552,32.19,31.38595
31.17,31.468092,32.23,31.476236,32.5,31.491503,32.06,31.435326,32.24,31.497385
31.6,31.624947,32.58,31.63373,32.3,31.653067,32.06,31.586004,32.4,31.655203
32.23,31.680084,32.5,31.688725,32.06,31.710093,32.19,31.640175,32.48,31.710863
32.58,31.466352,32.3,31.474714,32.06,31.49391,32.24,31.437195,32.67,31.501526
32.5,31.52366,32.06,31.532818,32.19,31.554918,32.4,31.494465,33.29,31.559423
32.3,31.700462,32.06,31.711624,32.24,31.740393,32.48,31.667788,33.81,31.737019
32.06,31.984758,32.19,31.996983,32.4,32.033577,32.67,31.944117,33.8,32.01842
32.06,32.09392,32.24,32.10545,32.48,32.145737,33.29,32.053825,33.66,32.12443
32.19,32.380726,32.4,32.389313,32.67,32.436043,33.81,32.333015,33.67,32.4056
32.24,32.45887,32.48,32.465546,33.29,32.51165,33.8,32.408184,33.69,32.47896
32.4,32.386,32.67,32.391354,33.81,32.433388,33.66,32.337246,33.76,32.402958
32.48,32.445843,33.29,32.451,33.8,32.49279,33.67,32.39289,33.92,32.461197
32.67,32.734444,33.81,32.738182,33.66,32.78638,33.69,32.671047,34.04,32.745056
33.29,33.10198,33.8,33.1035,33.67,33.159958,33.76,33.02613,34.04,33.10425
33.81,33.32612,33.66,33.32462,33.69,33.38595,33.92,33.241707,34.04,33.324142
33.8,33.444683,33.67,33.43991,33.76,33.50288,34.04,33.355713,34.12,33.438763
33.66,33.458775,33.69,33.453117,33.92,33.517212,34.04,33.370544,34.06,33.453354
33.67,33.694263,33.76,33.688587,34.04,33.761196,34.04,33.597366,34.01,33.6886
33.69,33.830647,33.92,33.824085,34.04,33.9027,34.12,33.732285,34.06,33.82316
33.76,34.066284,34.04,34.057213,34.04,34.144436,34.06,33.963036,33.73,34.0543
33.92,34.373978,34.04,34.362583,34.12,34.4606,34.01,34.26128,33.55,34.35743
34.04,34.429253,34.04,34.41769,34.06,34.516773,34.06,34.315434,33.5,34.40974
34.04,34.496136,34.12,34.48424,34.01,34.582645,33.73,34.37641,33.68,34.473255
34.04,34.369213,34.06,34.35317,34.06,34.44533,33.55,34.253498,33.89,34.34438
34.12,34.38298,34.01,34.36647,33.73,34.457275,33.5,34.266212,34.26,34.35468
34.06,34.52591,34.06,34.509487,33.55,34.602184,33.68,34.39963,34.59,34.49339
34.01,34.641106,33.73,34.62463,33.5,34.716595,33.89,34.504707,34.77,34.60299
34.06,34.478046,33.55,34.460712,33.68,34.542583,34.26,34.34479,34.85,34.436947
33.73,34.322857,33.5,34.306026,33.89,34.378883,34.59,34.19223,34.97,34.27986
33.55,34.21253,33.68,34.19528,34.26,34.262928,34.77,34.08521,35.2,34.16971
33.5,34.101494,33.89,34.08386,34.59,34.146812,34.85,33.97829,35.8,34.058357
33.68,33.998917,34.26,33.979992,34.77,34.03788,34.97,33.879246,35.96,33.953808
33.89,33.863853,34.59,33.843864,34.85,33.89617,35.2,33.74926,35.92,33.818478
34.26,34.249695,34.77,34.245953,34.97,34.303505,35.8,34.11082,35.77,34.19458
34.59,34.870224,34.85,34.891537,35.2,34.959675,35.96,34.68832,35.61,34.799877
34.77,34.947075,34.97,34.96451,35.8,35.037197,35.92,34.762276,35.45,34.87687
34.85,34.993916,35.2,35.010002,35.96,35.086018,35.77,34.807533,35.33,34.925827
34.97,35.08529,35.8,35.09824,35.92,35.179195,35.61,34.89492,35.31,35.019558
35.2,35.16759,35.96,35.178925,35.77,35.263615,35.45,34.974163,35.15,35.101868
35.8,35.25379,35.92,35.261993,35.61,35.35254,35.33,35.058197,35.04,35.19073
35.96,35.31892,35.77,35.32662,35.45,35.42062,35.31,35.12209,34.99,35.254917
35.92,35.415638,35.61,35.422905,35.33,35.523666,35.15,35.21871,34.97,35.351994
35.77,35.499447,35.45,35.507977,35.31,35.614773,35.04,35.302094,34.97,35.43551
35.61,35.590374,35.33,35.607033,35.15,35.71375,34.99,35.384167,34.95,35.52038
35.45,35.5399,35.31,35.534935,35.04,35.64991,34.97,35.3564,34.93,35.471394
35.33,35.47797,35.15,35.454548,34.99,35.572784,34.97,35.30951,35.04,35.409966
35.31,35.437027,35.04,35.413788,34.97,35.524834,34.95,35.264732,35.14,35.363846
35.15,35.377842,34.99,35.35279,34.97,35.457222,34.93,35.204205,35.15,35.30171
35.04,35.311886,34.97,35.28958,34.95,35.386135,35.04,35.135212,35.09,35.232243
34.99,35.09414,34.97,35.064808,34.93,35.15012,35.14,34.92449,34.99,35.013767
34.97,35.04666,34.95,35.01752,35.04,35.097202,35.15,34.87433,34.92,34.963486
34.97,35.034622,34.93,35.00613,35.14,35.08348,35.09,34.860073,34.86,34.950676
34.95,34.94297,35.04,34.91483,35.15,34.985813,34.99,34.769142,34.81,34.85771
34.93,34.788303,35.14,34.7606,35.09,34.823826,34.92,34.619904,34.81,34.702854
35.04,34.727283,35.15,34.70135,34.99,34.762142,34.86,34.55952,34.85,34.644745
35.14,34.88988,35.09,34.876522,34.92,34.942997,34.81,34.713543,34.96,34.807487
35.15,34.972023,34.99,34.958817,34.86,35.03151,34.81,34.79356,35.05,34.893265
35.09,35.02772,34.92,35.013775,34.81,35.091084,34.85,34.84782,35.1,34.95168
34.99,35.044292,34.86,35.02954,34.81,35.1091,34.96,34.865173,35.01,34.970238
34.92,35.092415,34.81,35.07627,34.85,35.15908,35.05,34.912792,34.92,35.019485
34.86,35.13395,34.81,35.116577,34.96,35.20301,35.1,34.95506,34.82,35.062737
34.81,35.131638,34.85,35.114025,35.05,35.2006,35.01,34.952972,34.65,35.060696
34.81,35.176674,34.96,35.158886,35.1,35.247726,34.92,34.99578,34.46,35.10617
34.85,35.167976,35.05,35.14992,35.01,35.23872,34.82,34.987843,34.34,35.097874
34.96,35.152687,35.1,35.134575,34.92,35.22281,34.65,34.97326,34.14,35.08276
35.05,35.0115,35.01,34.990482,34.82,35.073368,34.46,34.83943,33.77,34.942333
35.1,34.854504,34.92,34.832188,34.65,34.907307,34.34,34.68856,33.62,34.784164
35.01,34.761547,34.82,34.738476,34.46,34.809002,34.14,34.599133,33.52,34.69088
34.92,34.763836,34.65,34.74068,34.34,34.811546,33.77,34.6016,33.4,34.6934
34.82,34.72635,34.46,34.703255,34.14,34.7726,33.62,34.565685,33.48,34.655834
34.65,34.8216,34.34,34.799603,33.77,34.873894,33.52,34.65718,33.65,34.752193
34.46,34.800056,34.14,34.777817,33.62,34.851204,33.4,34.636894,33.67,34.730526
34.34,34.713852,33.77,34.69095,33.52,34.76044,33.48,34.554565,33.43,34.644005
34.14,34.657352,33.62,34.634277,33.4,34.70078,33.65,34.49943,33.25,34.58682
33.77,34.586502,33.52,34.562756,33.48,34.62624,33.67,34.43157,33.17,34.515865
33.62,34.42914,33.4,34.404175,33.65,34.46125,33.43,34.28063,33.13,34.358627
33.52,34.351887,33.48,34.32742,33.67,34.381466,33.25,34.20542,33.03,34.282684
33.4,34.18859,33.65,34.163635,33.43,34.211216,33.17,34.0478,32.85,34.119972
33.48,34.11389,33.67,34.09152,33.25,34.13671,33.13,33.975304,32.8,34.046646
33.65,33.961266,33.43,33.939285,33.17,33.979836,33.03,33.82724,32.76,33.898083
33.67,33.668907,33.25,33.647835,33.13,33.67811,32.85,33.545597,32.7,33.608223
33.43,33.488064,33.17,33.467854,33.03,33.493614,32.8,33.371674,32.93,33.431183
33.25,33.366886,33.13,33.34761,32.85,33.37219,32.76,33.25657,33.01,33.31482
33.17,33.31689,33.03,33.298145,32.8,33.324238,32.7,33.21064,32.87,33.269745
33.13,33.248848,32.85,33.230186,32.76,33.25625,32.93,33.146854,32.72,33.20466
33.03,33.256268,32.8,33.238552,32.7,33.266567,33.01,33.154877,32.56,33.215042
32.85,33.162228,32.76,33.14532,32.93,33.17237,32.87,33.065323,32.5,33.124527
32.8,33.053265,32.7,33.03763,33.01,33.06324,32.72,32.960796,32.46,33.019497
32.76,32.87408,32.93,32.859245,32.87,32.880207,32.56,32.788036,32.44,32.842625
32.7,32.805344,33.01,32.79059,32.72,32.810776,32.5,32.72314,32.43,32.775196
32.93,32.7738,32.87,32.759377,32.56,32.77997,32.46,32.693863,32.5,32.74521
33.01,32.8337,32.72,32.820133,32.5,32.842316,32.44,32.74979,32.69,32.805832
32.87,32.9486,32.56,32.935547,32.46,32.961624,32.43,32.86034,33.02,32.921
32.72,32.841522,32.5,32.829033,32.44,32.853764,32.5,32.758087,33.08,32.81733
32.56,32.771088,32.46,32.760555,32.43,32.784214,32.69,32.689117,32.97,32.750122
32.5,32.819557,32.44,32.809345,32.5,32.83555,33.02,32.736015,32.91,32.799965
32.46,32.9635,32.43,32.952812,32.69,32.984577,33.08,32.87642,32.83,32.944
32.44,33.012173,32.5,33.001755,33.02,33.03533,32.97,32.92329,32.63,32.99354
32.43,33.163696,32.69,33.154472,33.08,33.193134,32.91,33.068714,32.57,33.14571
32.5,33.282494,33.02,33.27464,32.97,33.317513,32.83,33.18208,32.52,33.266117
32.69,33.452267,33.08,33.444996,32.91,33.49384,32.63,33.346,32.46,33.435234
33.02,33.37364,32.97,33.36655,32.83,33.413834,32.57,33.27157,32.43,33.357796
33.08,33.23277,32.91,33.226326,32.63,33.270367,32.52,33.13764,32.41,33.218674
32.97,33.24093,32.83,33.23472,32.57,33.279606,32.46,33.14567,32.4,33.22795
32.91,33.25387,32.63,33.248207,32.52,33.295536,32.43,33.16053,32.39,33.2429
32.83,33.177834,32.57,33.172993,32.46,33.21843,32.41,33.087532,32.39,33.167217
32.63,33.066822,32.52,33.06195,32.43,33.10479,32.4,32.982754,32.35,33.056
32.57,33.035667,32.46,33.029892,32.41,33.073,32.39,32.955166,32.33,33.024666
32.52,32.863342,32.43,32.857037,32.4,32.89529,32.39,32.790203,32.32,32.85273
32.46,32.714344,32.41,32.707096,32.39,32.740833,32.35,32.647774,32.31,32.703053
32.43,32.46402,32.4,32.455994,32.39,32.481934,32.33,32.40518,32.31,32.453876
32.41,32.388218,32.39,32.38033,32.35,32.403034,32.32,32.33034,32.3,32.377422
32.4,32.3877,32.39,32.380013,32.33,32.40137,32.31,32.32796,32.28,32.376076
32.39,32.344234,32.35,32.33639,32.32,32.3551,32.31,32.28417,32.26,32.331642
32.39,32.25606,32.33,32.247364,32.31,32.262016,32.3,32.196922,32.26,32.24258
32.35,32.145626,32.32,32.136433,32.31,32.1477,32.28,32.089363,32.24,32.132805
32.33,32.045002,32.31,32.0367,32.3,32.045044,32.26,31.990253,32.2,32.033855
32.32,31.98739,32.31,31.980103,32.28,31.987276,32.26,31.933765,32.2,31.977877
32.31,31.954912,32.3,31.94839,32.26,31.955647,32.24,31.902933,32.22,31.946781
32.31,31.936893,32.28,31.931475,32.26,31.93964,32.2,31.886559,32.24,31.93054
32.3,31.928312,32.26,31.923616,32.24,31.93226,32.2,31.878487,32.26,31.92303
32.28,31.935503,32.26,31.931202,32.2,31.941076,32.22,31.886719,32.26,31.931067
32.26,31.897104,32.24,31.892748,32.2,31.902414,32.24,31.850677,32.28,31.89309
32.26,31.888693,32.2,31.88464,32.22,31.894442,32.26,31.842796,32.28,31.88508
32.24,31.886005,32.2,31.882101,32.24,31.892178,32.26,31.840559,32.26,31.88271
32.2,31.879179,32.22,31.875313,32.26,31.885416,32.28,31.834146,32.26,31.87612
32.2,31.868002,32.24,31.86426,32.26,31.874247,32.28,31.823414,32.24,31.865248
32.22,31.855022,32.26,31.851336,32.28,31.861013,32.26,31.810741,32.24,31.852484
32.24,31.843086,32.26,31.839481,32.28,31.849012,32.26,31.799282,32.22,31.840845
32.26,31.829895,32.28,31.82645,32.26,31.835808,32.24,31.786507,32.2,31.828016
32.26,31.822033,32.28,31.818832,32.26,31.828201,32.24,31.778925,32.2,31.820555
32.28,31.819494,32.26,31.816525,32.24,31.8261,32.22,31.776659,32.18,31.818378
32.28,31.798208,32.26,31.795721,32.24,31.804602,32.2,31.755798,32.15,31.796911
32.26,31.800442,32.24,31.798035,32.22,31.807196,32.2,31.75822,32.13,31.79931
32.26,31.803415,32.24,31.801125,32.2,31.810648,32.18,31.761408,32.13,31.802505
32.24,31.808777,32.22,31.806618,32.2,31.816399,32.15,31.766682,32.13,31.808
32.24,31.815287,32.2,31.813087,32.18,31.823101,32.13,31.77313,32.15,31.814457
32.22,31.816584,32.2,31.814358,32.15,31.824568,32.13,31.774715,32.18,31.815756
32.2,31.817942,32.18,31.815771,32.13,31.826023,32.13,31.775993,32.18,31.817137
32.2,31.822763,32.15,31.820639,32.13,31.831009,32.15,31.780668,32.15,31.82192
32.18,31.825647,32.13,31.823397,32.13,31.833717,32.18,31.783424,32.13,31.82458
32.15,31.819368,32.13,31.816925,32.15,31.826921,32.18,31.777288,32.13,31.818066
32.13,31.808346,32.13,31.805807,32.18,31.815332,32.15,31.76637,32.11,31.806974
32.13,31.794886,32.15,31.792355,32.18,31.801321,32.13,31.752964,32.09,31.79353
32.13,31.78033,32.18,31.777748,32.15,31.78611,32.13,31.738523,32.09,31.778944
32.15,31.762499,32.18,31.759884,32.13,31.767746,32.11,31.72115,32.08,31.761229
32.18,31.743694,32.15,31.741234,32.13,31.748623,32.09,31.702744,32.08,31.742733
32.18,31.729607,32.13,31.727314,32.11,31.734371,32.09,31.688904,32.09,31.728931
32.15,31.722992,32.13,31.720942,32.09,31.728146,32.08,31.682768,32.11,31.722736
32.13,31.720543,32.11,31.7187,32.09,31.726063,32.08,31.680483,32.11,31.720612
32.13,31.722624,32.09,31.720957,32.08,31.728636,32.09,31.682741,32.13,31.722937
32.11,31.725075,32.09,31.723433,32.08,31.731298,32.11,31.685251,32.15,31.725477
32.09,31.722939,32.08,31.72124,32.09,31.729124,32.11,31.683323,32.15,31.723356
32.09,31.71702,32.08,31.715376,32.11,31.723219,32.13,31.677698,32.13,31.717607
32.08,31.711956,32.09,31.710424,32.11,31.71815,32.15,31.672655,32.09,31.712694
32.08,31.710308,32.11,31.70885,32.13,31.716614,32.15,31.67112,32.09,31.711151
32.09,31.709028,32.11,31.7076,32.15,31.715408,32.13,31.669966,32.08,31.709948
32.11,31.705637,32.13,31.704218,32.15,31.71194,32.09,31.66665,32.06,31.70661
32.11,31.69903,32.15,31.697588,32.13,31.705097,32.09,31.660175,32.06,31.700003
32.13,31.690048,32.15,31.68857,32.09,31.695812,32.08,31.651403,32.04,31.691053
32.15,31.680035,32.13,31.67864,32.09,31.685707,32.06,31.641727,32.03,31.681248
32.15,31.674011,32.09,31.672789,32.08,31.679806,32.06,31.635855,32.01,31.675482
32.13,31.675674,32.09,31.674662,32.06,31.681961,32.04,31.637648,32.01,31.677414
32.09,31.683195,32.08,31.682297,32.06,31.689997,32.03,31.645155,32.03,31.685074
32.09,31.695332,32.06,31.694479,32.04,31.702719,32.01,31.657227,32.04,31.697308
32.08,31.70382,32.06,31.702963,32.03,31.711475,32.01,31.66555,32.04,31.705753
32.06,31.70813,32.04,31.707113,32.01,31.715654,32.03,31.669733,32.01,31.709858
32.06,31.70736,32.03,31.706284,32.01,31.714828,32.04,31.66914,32.0,31.709059
32.04,31.70396,32.01,31.702866,32.03,31.711155,32.04,31.66553,31.98,31.705603
32.03,31.702099,32.01,31.700968,32.04,31.709084,32.01,31.663597,31.96,31.703667
32.01,31.698824,32.03,31.697598,32.04,31.705564,32.0,31.660341,31.94,31.700361
32.01,31.690058,32.04,31.688803,32.01,31.6964,31.98,31.651594,31.94,31.691608
32.03,31.67916,32.04,31.677881,32.0,31.685051,31.96,31.640762,31.96,31.680727
32.04,31.663956,32.01,31.662622,31.98,31.669252,31.94,31.625797,31.98,31.665543
32.04,31.643505,32.0,31.642214,31.96,31.648317,31.94,31.605919,31.98,31.645254
32.01,31.628492,31.98,31.627417,31.94,31.633268,31.96,31.591293,31.96,31.630634
32.0,31.623169,31.96,31.622435,31.94,31.628376,31.98,31.586174,31.94,31.625729
31.98,31.626102,31.94,31.625523,31.96,31.63172,31.98,31.589125,31.93,31.62886
31.96,31.62959,31.94,31.62897,31.98,31.635435,31.96,31.592793,31.93,31.63241
31.94,31.624525,31.96,31.623928,31.98,31.63038,31.94,31.58805,31.93,31.627453
31.94,31.614487,31.98,31.613905,31.96,31.620005,31.93,31.578115,31.94,31.617424
31.96,31.606762,31.98,31.606236,31.94,31.612211,31.93,31.570694,31.96,31.609842
31.98,31.596807,31.96,31.596298,31.93,31.602001,31.93,31.560934,31.93,31.599974
31.98,31.58882,31.94,31.58844,31.93,31.594069,31.94,31.553291,31.98,31.592218
31.96,31.58662,31.93,31.586355,31.93,31.592094,31.96,31.551178,31.98,31.590324
31.94,31.585213,31.93,31.585043,31.94,31.59085,31.93,31.549868,31.96,31.589058
31.93,31.58376,31.93,31.583614,31.96,31.589455,31.98,31.548561,32.0,31.587679
31.93,31.5796,31.94,31.579405,31.93,31.585165,31.98,31.54452,32.0,31.583567
31.93,31.57017,31.96,31.57003,31.98,31.5756,31.96,31.535423,31.99,31.57427
31.94,31.562393,31.93,31.562319,31.98,31.567703,32.0,31.527761,31.98,31.566637
31.96,31.557688,31.98,31.557737,31.96,31.563154,32.0,31.52333,31.95,31.562145
31.93,31.555025,31.98,31.555178,32.0,31.560675,31.99,31.520855,31.95,31.559666
31.98,31.557377,31.96,31.557661,32.0,31.563429,31.98,31.523336,31.97,31.562218
31.98,31.565704,32.0,31.5661,31.99,31.57225,31.95,31.531544,31.99,31.570717
31.96,31.567657,32.0,31.567934,31.98,31.57403,31.95,31.533415,32.01,31.572453
32.0,31.567675,31.99,31.56795,31.95,31.574236,31.97,31.5338,32.01,31.572538
32.0,31.56513,31.98,31.565401,31.95,31.571531,31.99,31.531055,31.99,31.570026
31.99,31.58473,31.95,31.584738,31.97,31.591824,32.01,31.550613,31.97,31.590084
31.98,31.589489,31.95,31.589622,31.99,31.597069,32.01,31.55551,31.95,31.595034
31.95,31.598349,31.97,31.598577,32.01,31.606249,31.99,31.563995,31.95,31.603899
31.95,31.610485,31.99,31.61066,32.01,31.618738,31.97,31.576035,31.94,31.615915
31.97,31.618536,32.01,31.618574,31.99,31.626835,31.95,31.583942,31.92,31.623783
31.99,31.61944,32.01,31.619308,31.97,31.627382,31.95,31.584633,31.9,31.624449
32.01,31.612953,31.99,31.612682,31.95,31.620434,31.94,31.578306,31.88,31.617752
32.01,31.608881,31.97,31.608717,31.95,31.616398,31.92,31.57432,31.87,31.613813
31.99,31.609241,31.95,31.609089,31.94,31.616577,31.9,31.574291,31.87,31.614088
31.97,31.613678,31.95,31.613539,31.92,31.621315,31.88,31.578983,31.88,31.618538
31.95,31.59721,31.94,31.597452,31.9,31.604343,31.87,31.56241,31.9,31.60159
31.95,31.59978,31.92,31.599907,31.88,31.606646,31.87,31.564678,31.9,31.603924
31.94,31.597692,31.9,31.59765,31.87,31.604324,31.88,31.562826,31.88,31.601685
31.92,31.588366,31.88,31.588242,31.87,31.594496,31.9,31.553507,31.87,31.592314
31.9,31.579788,31.87,31.579754,31.88,31.58575,31.9,31.54506,31.85,31.583847
31.88,31.576786,31.87,31.576872,31.9,31.582834,31.88,31.542095,31.85,31.58099
31.87,31.576508,31.88,31.576616,31.9,31.58253,31.87,31.541721,31.83,31.58071
31.87,31.5734,31.9,31.573416,31.88,31.579174,31.85,31.538698,31.83,31.577509
31.88,31.562202,31.9,31.562077,31.87,31.567411,31.85,31.527695,31.82,31.566254
31.9,31.544058,31.88,31.543856,31.85,31.548597,31.83,31.509865,31.8,31.548174
31.9,31.524574,31.87,31.52442,31.85,31.528664,31.83,31.490835,31.79,31.528936
31.88,31.509401,31.85,31.509432,31.83,31.513447,31.82,31.476105,31.77,31.51417
31.87,31.502546,31.85,31.50283,31.83,31.506926,31.8,31.46957,31.75,31.50774
31.85,31.503235,31.83,31.503712,31.82,31.508066,31.79,31.470404,31.73,31.508717
31.85,31.505074,31.83,31.505552,31.8,31.510094,31.77,31.47235,31.73,31.510624
31.83,31.502554,31.82,31.50302,31.79,31.507652,31.75,31.47015,31.72,31.50821
31.83,31.495813,31.8,31.49629,31.77,31.500797,31.73,31.463598,31.72,31.501617
31.82,31.492868,31.79,31.493448,31.75,31.49804,31.73,31.460823,31.73,31.498951
31.8,31.639286,31.77,31.640232,31.73,31.648798,31.72,31.601366,31.75,31.646307
31.79,31.651257,31.75,31.652122,31.73,31.661354,31.72,31.613317,31.77,31.658707
31.77,31.648832,31.73,31.649715,31.72,31.658903,31.73,31.61092,31.79,31.656351
31.75,31.731258,31.73,31.732075,31.72,31.743744,31.75,31.690536,31.79,31.739683
31.73,31.723715,31.72,31.72446,31.73,31.735867,31.77,31.683096,31.77,31.732197
31.73,31.707964,31.72,31.708702,31.75,31.719614,31.79,31.667637,31.77,31.716566
31.72,31.690475,31.73,31.691307,31.77,31.701761,31.79,31.650503,31.75,31.69931
31.72,31.67456,31.75,31.675482,31.79,31.685541,31.77,31.634922,31.73,31.683636
31.73,31.661463,31.77,31.662558,31.79,31.672459,31.77,31.622307,31.72,31.67088
31.75,31.647184,31.79,31.648384,31.77,31.65797,31.75,31.608397,31.7,31.65681
31.77,31.489643,31.79,31.490717,31.77,31.496445,31.73,31.457418,31.69,31.498793
31.79,31.47941,31.77,31.480576,31.75,31.486193,31.72,31.447557,31.66,31.48879
31.79,31.47461,31.77,31.475931,31.73,31.481722,31.7,31.443165,31.64,31.484333
31.77,31.394108,31.75,31.395536,31.72,31.399223,31.69,31.36563,31.63,31.403328
31.77,31.39679,31.73,31.398403,31.7,31.402386,31.66,31.368465,31.61,31.406193
31.75,31.404842,31.72,31.406551,31.69,31.410948,31.64,31.376541,31.61,31.414343
31.73,31.41298,31.7,31.414675,31.66,31.419394,31.63,31.384632,31.59,31.422466
31.72,31.419477,31.69,31.421202,31.64,31.426199,31.61,31.39113,31.57,31.428978
31.7,31.42468,31.66,31.426342,31.63,31.431395,31.61,31.396086,31.56,31.434078
31.69,31.431362,31.64,31.432943,31.61,31.4382,31.59,31.402666,31.55,31.440742
31.66,31.432657,31.63,31.434164,31.61,31.439384,31.57,31.403822,31.51,31.44202
31.64,31.55149,31.61,31.553535,31.59,31.561405,31.56,31.517096,31.49,31.561247
31.63,31.548653,31.61,31.55059,31.57,31.55831,31.55,31.514217,31.47,31.558443
31.61,31.533524,31.59,31.535355,31.56,31.542427,31.51,31.499212,31.47,31.543186
31.61,31.513376,31.57,31.515125,31.55,31.52151,31.49,31.479437,31.49,31.52305
31.59,31.49078,31.56,31.492556,31.51,31.498314,31.47,31.45732,31.51,31.50069
31.57,31.469404,31.55,31.47131,31.49,31.476543,31.47,31.436369,31.51,31.47966
31.56,31.452274,31.51,31.454334,31.47,31.459248,31.49,31.419706,31.49,31.46289
31.55,31.437115,31.49,31.439299,31.47,31.444002,31.51,31.405079,31.46,31.448093
31.51,31.418753,31.47,31.421074,31.49,31.425438,31.51,31.38734,31.44,31.430002
31.49,31.402481,31.47,31.404902,31.51,31.409025,31.49,31.371656,31.44,31.414036
31.47,31.263906,31.49,31.265888,31.51,31.26671,31.46,31.238932,31.46,31.274912
31.47,31.24654,31.51,31.248583,31.49,31.24897,31.44,31.222012,31.48,31.257675
31.49,31.232157,31.51,31.234297,31.46,31.23456,31.44,31.20826,31.5,31.243628
31.51,31.216597,31.49,31.218838,31.44,31.218826,31.46,31.193094,31.53,31.228422
31.51,31.202724,31.46,31.205109,31.44,31.204994,31.48,31.179764,31.53,31.214943
31.49,31.193169,31.44,31.19578,31.46,31.195751,31.5,31.17073,31.51,31.20586
31.46,31.187775,31.44,31.190573,31.48,31.19067,31.53,31.165613,31.5,31.20084
31.44,31.186663,31.46,31.189627,31.5,31.189995,31.53,31.164835,31.48,31.200039
31.44,31.185917,31.48,31.188946,31.53,31.18946,31.51,31.164248,31.46,31.199469
31.46,31.181873,31.5,31.184904,31.53,31.185392,31.5,31.160416,31.46,31.195515
31.48,31.173634,31.53,31.176622,31.51,31.176998,31.48,31.15253,31.48,31.1874
31.5,31.186728,31.53,31.189583,31.5,31.190907,31.46,31.165731,31.5,31.201347
31.53,31.217812,31.51,31.220514,31.48,31.223406,31.46,31.19646,31.51,31.233526
31.53,31.22301,31.5,31.225925,31.46,31.229248,31.48,31.201801,31.53,31.239
31.51,31.233576,31.48,31.236574,31.46,31.240395,31.5,31.212334,31.53,31.24967
31.5,31.253344,31.46,31.256338,31.48,31.260927,31.51,31.231796,31.5,31.26965
31.48,31.264763,31.46,31.26766,31.5,31.27256,31.53,31.242931,31.48,31.281021
31.46,31.270977,31.48,31.273746,31.51,31.278809,31.53,31.249035,31.46,31.287199
31.46,31.273811,31.5,31.276525,31.53,31.281704,31.5,31.251799,31.44,31.290129
31.48,31.272408,31.51,31.275166,31.53,31.280258,31.48,31.250309,31.42,31.28875
31.5,31.274416,31.53,31.2772,31.5,31.28235,31.46,31.252256,31.42,31.290752
31.51,31.254694,31.53,31.257723,31.48,31.261988,31.44,31.232845,31.46,31.27047
31.53,31.221558,31.5,31.224924,31.46,31.227758,31.42,31.200174,31.48,31.236551
31.53,31.23353,31.48,31.236841,31.44,31.240107,31.42,31.211823,31.5,31.24873
31.5,31.236567,31.46,31.239838,31.42,31.243149,31.46,31.214733,31.51,31.251749
31.48,31.2273,31.44,31.23056,31.42,31.233458,31.48,31.20567,31.51,31.242195
31.46,31.222189,31.42,31.225441,31.46,31.22812,31.5,31.200642,31.53,31.236969
31.44,31.215723,31.42,31.218985,31.48,31.221367,31.51,31.19424,31.55,31.230373
31.42,31.208612,31.46,31.211868,31.5,31.213966,31.51,31.187288,31.55,31.223127
31.42,31.205471,31.48,31.208714,31.51,31.210724,31.53,31.184212,31.57,31.220003
31.46,31.2069,31.5,31.210152,31.51,31.212238,31.55,31.185545,31.58,31.221588
31.48,31.203667,31.51,31.20691,31.53,31.208847,31.55,31.18231,31.59,31.218338
31.5,31.198874,31.51,31.202045,31.55,31.203846,31.57,31.177658,31.61,31.213541
31.51,31.182266,31.53,31.18552,31.55,31.18683,31.58,31.161526,31.61,31.196827
31.51,31.25755,31.55,31.26089,31.57,31.26465,31.59,31.23428,31.59,31.273357
31.53,31.374487,31.55,31.378239,31.58,31.385191,31.61,31.34655,31.58,31.391386
31.55,31.383595,31.57,31.387327,31.59,31.394749,31.61,31.355593,31.56,31.400772
31.55,31.385847,31.58,31.389652,31.61,31.397303,31.59,31.35794,31.55,31.403202
31.57,31.391582,31.59,31.395523,31.61,31.403503,31.58,31.36367,31.55,31.409107
31.58,31.404081,31.61,31.40817,31.59,31.416664,31.56,31.376015,31.53,31.4217
31.59,31.416252,31.61,31.420408,31.58,31.429283,31.55,31.388031,31.53,31.4337
31.61,31.43584,31.59,31.440052,31.56,31.449572,31.55,31.407314,31.51,31.453186
31.61,31.45571,31.58,31.459938,31.55,31.469889,31.53,31.426575,31.51,31.472805
31.59,31.47361,31.56,31.47768,31.55,31.487917,31.53,31.443933,31.5,31.490257
31.58,31.41667,31.55,31.42042,31.53,31.428913,31.51,31.389256,31.5,31.432339
31.56,31.34208,31.55,31.34486,31.53,31.35168,31.51,31.318607,31.48,31.35724
31.55,31.33757,31.53,31.340239,31.51,31.346567,31.5,31.31402,31.48,31.352167
31.55,31.33938,31.53,31.341928,31.51,31.34808,31.5,31.315624,31.51,31.3537
31.53,31.339481,31.51,31.341875,31.5,31.347715,31.48,31.315357,31.53,31.353537
31.53,31.335485,31.51,31.337736,31.5,31.343266,31.48,31.311325,31.55,31.34932
31.51,31.40812,31.5,31.410362,31.48,31.41793,31.51,31.38131,31.55,31.422733
31.51,31.40045,31.5,31.402622,31.48,31.409742,31.53,31.373493,31.55,31.414951
31.5,31.392536,31.48,31.394686,31.51,31.401545,31.55,31.365791,31.53,31.407028
31.5,31.381811,31.48,31.383886,31.53,31.390308,31.55,31.3551,31.78,31.396292
31.48,31.350933,31.51,31.353134,31.55,31.358452,31.55,31.324862,31.51,31.3651
31.48,31.312967,31.53,31.3154,31.55,31.31938,31.53,31.287529,31.5,31.32685
31.51,31.338717,31.55,31.340982,31.55,31.346218,31.78,31.312935,31.48,31.353561
31.53,31.337223,31.55,31.339523,31.53,31.344873,31.51,31.311422,31.48,31.352446
31.55,31.365854,31.55,31.367971,31.78,31.374748,31.5,31.339851,31.46,31.381964
31.55,31.362114,31.53,31.36438,31.51,31.371305,31.48,31.33639,31.45,31.37856
31.55,31.300547,31.78,31.302858,31.5,31.308283,31.48,31.277115,31.45,31.316711
31.53,31.307407,31.51,31.309862,31.48,31.315758,31.46,31.284134,31.43,31.323776
31.78,31.32028,31.5,31.322742,31.48,31.329123,31.45,31.296753,31.43,31.336777
31.51,31.328478,31.48,31.330984,31.46,31.337727,31.45,31.304989,31.41,31.344994
31.5,31.366194,31.48,31.36814,31.45,31.376457,31.43,31.342257,31.4,31.3833
31.48,31.368446,31.46,31.371214,31.45,31.380148,31.43,31.345186,31.4,31.385937
31.48,31.352278,31.45,31.354864,31.43,31.36177,31.41,31.32744,31.43,31.368082
31.46,31.356579,31.45,31.35885,31.43,31.366333,31.4,31.333418,31.45,31.371826
31.45,31.309473,31.43,31.311642,31.41,31.316818,31.4,31.286215,31.48,31.323761
31.45,31.2911,31.43,31.293493,31.4,31.297848,31.43,31.267824,31.5,31.305363
31.43,31.27291,31.41,31.275272,31.4,31.27879,31.45,31.249815,31.53,31.28679
31.43,31.268412,31.4,31.270641,31.43,31.274029,31.48,31.245289,31.55,31.282482
31.41,31.256876,31.4,31.259129,31.45,31.262222,31.5,31.233927,31.56,31.271206
31.4,31.242702,31.43,31.244982,31.48,31.24767,31.53,31.219936,31.57,31.257195
31.4,31.201685,31.45,31.204632,31.5,31.205736,31.55,31.179441,31.59,31.215752
31.43,31.353615,31.48,31.356466,31.53,31.360348,31.56,31.323896,31.61,31.36728
31.45,31.341688,31.5,31.344822,31.55,31.349878,31.57,31.314196,31.61,31.35694
31.48,31.319738,31.53,31.323336,31.56,31.327377,31.59,31.291128,31.59,31.33559
31.5,31.340416,31.55,31.344519,31.57,31.350037,31.61,31.312317,31.59,31.357174
31.53,31.40817,31.56,31.411839,31.59,31.420097,31.61,31.379047,31.61,31.425928
31.55,31.484882,31.57,31.488531,31.61,31.499601,31.59,31.454006,31.63,31.503778
31.56,31.517086,31.59,31.520542,31.61,31.53304,31.59,31.485878,31.43,31.536573
31.57,31.586407,31.61,31.58973,31.59,31.604797,31.61,31.55393,31.42,31.60674
31.59,31.619633,31.61,31.623016,31.59,31.63924,31.63,31.58643,31.45,31.64019
31.61,31.701275,31.59,31.704594,31.61,31.72345,31.43,31.666035,31.47,31.722456
31.61,31.551962,31.59,31.554453,31.63,31.570427,31.42,31.524185,31.47,31.573345
31.59,31.573158,31.61,31.575686,31.43,31.592157,31.45,31.544754,31.49,31.594296
31.59,31.600449,31.63,31.602932,31.42,31.620087,31.47,31.57133,31.51,31.621344
31.61,31.607973,31.43,31.610294,31.45,31.627237,31.47,31.578503,31.51,31.628044
31.63,31.577457,31.42,31.579653,31.47,31.59495,31.49,31.548325,31.53,31.596186
31.43,31.507435,31.45,31.509394,31.47,31.52208,31.51,31.480211,31.53,31.524755
31.42,31.478909,31.47,31.48114,31.49,31.492222,31.51,31.451674,31.53,31.495234
31.45,31.421051,31.47,31.42349,31.51,31.432251,31.53,31.394861,31.55,31.436325
31.47,31.399944,31.49,31.401909,31.51,31.408983,31.53,31.373299,31.55,31.413965
31.47,31.354908,31.51,31.356684,31.53,31.362278,31.53,31.32985,31.57,31.368368
31.49,31.473682,31.51,31.476498,31.53,31.483807,31.55,31.441195,31.57,31.487202
31.51,31.552052,31.53,31.555738,31.53,31.564812,31.55,31.51514,31.58,31.566664
31.51,31.6538,31.53,31.657701,31.55,31.669804,31.57,31.612993,31.59,31.669758
31.53,31.72254,31.53,31.72644,31.55,31.740973,31.57,31.679821,31.61,31.739706
31.53,31.832937,31.55,31.837433,31.57,31.855078,31.58,31.785734,31.62,31.851294
31.53,31.897053,31.55,31.901672,31.57,31.921581,31.59,31.848228,31.64,31.916386
31.55,31.91294,31.57,31.917736,31.58,31.938326,31.61,31.86381,31.67,31.932669
31.55,31.951113,31.57,31.955795,31.59,31.97779,31.62,31.901182,31.69,31.97139
31.57,32.014812,31.58,32.02041,31.61,32.0451,31.64,31.963688,31.78,32.036507
31.57,31.996052,31.59,32.00159,31.62,32.025963,31.67,31.945477,32.07,32.017826
31.58,31.862572,31.61,31.867184,31.64,31.889374,31.69,31.819754,32.51,31.884382
31.59,31.771616,31.62,31.775198,31.67,31.79531,31.78,31.733517,32.62,31.792408
31.61,31.717808,31.64,31.720713,31.69,31.739632,32.07,31.682615,32.45,31.738214
31.62,31.735163,31.67,31.73809,31.78,31.757208,32.51,31.699072,32.51,31.755325
31.64,31.61638,31.69,31.618597,32.07,31.634602,32.62,31.585361,33.19,31.635542
31.67,31.59267,31.78,31.594667,32.51,31.610037,32.45,31.562618,33.92,31.611547
31.69,31.607433,32.07,31.609318,32.62,31.62499,32.51,31.576826,33.84,31.626207
31.78,31.619244,32.51,31.621082,32.45,31.637117,33.19,31.588472,33.61,31.637918
32.07,31.606583,32.62,31.608236,32.51,31.62392,33.92,31.576315,33.84,31.624994
32.51,31.847094,32.45,31.849218,33.19,31.870155,33.84,31.807297,33.95,31.864056
32.62,32.05673,32.51,32.059277,33.92,32.085358,33.61,32.0089,33.75,32.073025
32.45,32.320263,33.19,32.323048,33.84,32.356297,33.84,32.263607,33.87,32.335526
32.51,32.550777,33.92,32.553482,33.61,32.595203,33.95,32.488953,33.9,32.56621
33.19,32.71796,33.84,32.719555,33.84,32.76752,33.75,32.653755,33.82,32.7321
33.92,33.135452,33.61,33.13564,33.95,33.19478,33.87,33.057247,33.93,33.14449
33.84,33.403465,33.84,33.40125,33.75,33.46804,33.9,33.316902,34.47,33.408485
33.61,33.73174,33.95,33.727615,33.87,33.806164,33.82,33.63642,34.7,33.733833
33.84,33.96033,33.75,33.95637,33.9,34.045525,33.93,33.86174,34.8,33.959988
33.95,34.330414,33.87,34.322754,33.82,34.426796,34.47,34.22456,34.77,34.323284
33.75,34.543896,33.9,34.53211,33.93,34.642788,34.7,34.43224,34.73,34.53008
33.87,34.733284,33.82,34.718445,34.47,34.83357,34.8,34.613293,34.73,34.713085
33.9,34.72678,33.93,34.712364,34.7,34.823605,34.77,34.602867,34.73,34.70374
33.82,34.729267,34.47,34.71431,34.8,34.82139,34.73,34.602028,34.6,34.70132
33.93,34.654198,34.7,34.639965,34.77,34.742886,34.73,34.53019,34.56,34.624077
34.47,34.680565,34.8,34.66598,34.73,34.766617,34.73,34.5503,34.62,34.648827
34.7,34.9488,34.77,34.93676,34.73,35.039303,34.6,34.796112,34.76,34.908398
34.8,35.068127,34.73,35.055916,34.73,35.160015,34.56,34.90665,34.83,35.023678
34.77,34.984863,34.73,34.97394,34.6,35.07245,34.62,34.82526,34.89,34.937817
34.73,34.927315,34.73,34.918865,34.56,35.012745,34.76,34.76796,34.85,34.878113
34.73,34.961487,34.6,34.95441,34.62,35.049072,34.83,34.800175,34.79,34.91223
34.73,35.066853,34.56,35.05862,34.76,35.156063,34.89,34.899456,34.69,35.015175
34.6,35.146027,34.62,35.13651,34.83,35.237274,34.85,34.976585,34.62,35.09249
34.56,35.07598,34.76,35.068752,34.89,35.165005,34.79,34.908535,34.45,35.019753
34.62,35.128475,34.83,35.123085,34.85,35.219208,34.69,34.956173,34.3,35.069283
34.76,35.087036,34.89,35.084343,34.79,35.17572,34.62,34.914925,34.25,35.023605
34.83,34.945015,34.85,34.93394,34.69,35.0218,34.45,34.78364,34.19,34.883087
34.89,34.814903,34.79,34.79621,34.62,34.879673,34.3,34.66031,34.16,34.75444
34.85,34.92073,34.69,34.902477,34.45,34.988052,34.25,34.758423,34.59,34.858593
34.79,34.90177,34.62,34.88374,34.3,34.9674,34.19,34.7395,34.74,34.838528
34.69,34.780064,34.45,34.762276,34.25,34.838703,34.16,34.62108,34.73,34.71499
34.62,34.574444,34.3,34.552647,34.19,34.61987,34.59,34.423656,34.7,34.508743
34.45,34.553864,34.25,34.531338,34.16,34.59719,34.74,34.403053,34.73,34.48801
34.3,34.551994,34.19,34.529396,34.59,34.594746,34.73,34.40073,34.61,34.485752
34.25,34.602146,34.16,34.580532,34.74,34.64809,34.7,34.4482,34.52,34.53659
34.19,34.56412,34.59,34.54251,34.73,34.608376,34.73,34.411133,34.46,34.498917
34.16,34.500713,34.74,34.478825,34.7,34.54169,34.61,34.34983,34.36,34.43546
34.59,34.64665,34.73,34.63324,34.73,34.700882,34.52,34.489014,34.53,34.579834
34.74,34.651558,34.7,34.63776,34.61,34.705402,34.46,34.492733,34.58,34.584538
34.73,34.67957,34.73,34.665672,34.52,34.73504,34.36,34.518826,34.42,34.61374
34.7,34.685577,34.61,34.6724,34.46,34.743958,34.53,34.525497,34.39,34.62333
34.73,34.712658,34.52,34.69953,34.36,34.772526,34.58,34.551136,34.35,34.65154
34.61,34.636494,34.46,34.623283,34.53,34.693295,34.42,34.47997,34.32,34.573772
34.52,34.64654,34.36,34.63269,34.58,34.70431,34.39,34.49135,34.32,34.584568
34.46,34.613297,34.53,34.59867,34.42,34.66921,34.35,34.460583,34.27,34.550804
34.36,34.646202,34.58,34.63148,34.39,34.70352,34.32,34.492596,34.25,34.583614
34.53,34.636253,34.42,34.621456,34.35,34.692764,34.32,34.48312,34.43,34.572506
34.58,34.456676,34.39,34.43604,34.32,34.501747,34.27,34.31316,34.67,34.39504
34.42,34.377125,34.35,34.354954,34.32,34.417297,34.25,34.23743,34.85,34.315308
34.39,34.294247,34.32,34.2711,34.27,34.33044,34.43,34.158688,34.87,34.23302
34.35,34.36416,34.32,34.341038,34.25,34.401714,34.67,34.223694,34.81,34.301434
34.32,34.402065,34.27,34.379242,34.43,34.440933,34.85,34.259453,34.77,34.338875
34.32,34.38958,34.25,34.36762,34.67,34.42901,34.87,34.246403,34.75,34.328358
34.27,34.35375,34.43,34.332375,34.85,34.39183,34.81,34.210415,34.72,34.293488
34.25,34.366745,34.67,34.346214,34.87,34.40607,34.77,34.221844,34.68,34.307125
34.43,34.441803,34.85,34.422466,34.81,34.48641,34.75,34.29422,34.69,34.383842
34.67,34.71275,34.87,34.701927,34.77,34.775574,34.72,34.55259,34.78,34.65419
34.85,34.80914,34.81,34.797787,34.75,34.876205,34.68,34.645042,34.75,34.75109
34.87,34.87141,34.77,34.860256,34.72,34.942883,34.69,34.7059,34.7,34.81527
34.81,34.969234,34.75,34.957767,34.68,35.045475,34.78,34.79995,34.64,34.914528
34.77,34.9294,34.72,34.918087,34.69,35.004208,34.75,34.763607,34.6,34.87329
34.75,34.9772,34.68,34.96575,34.78,35.054626,34.7,34.81012,34.59,34.92159
34.72,35.007797,34.69,34.99588,34.75,35.085255,34.64,34.83927,34.59,34.950348
34.68,35.08563,34.78,35.073067,34.7,35.166183,34.6,34.915276,34.5,35.027546
34.69,35.0382,34.75,35.0262,34.64,35.11575,34.59,34.86869,34.44,34.97749
34.78,35.036545,34.7,35.025097,34.6,35.114426,34.59,34.86763,34.52,34.97556
34.75,34.806267,34.64,34.786068,34.59,34.86662,34.5,34.64885,34.6,34.74468
34.7,34.69694,34.6,34.675385,34.59,34.750076,34.44,34.543068,34.54,34.633823
34.64,34.62469,34.59,34.60217,34.5,34.67263,34.52,34.473053,34.44,34.55993
34.6,34.6102,34.59,34.587296,34.44,34.65598,34.6,34.457897,34.29,34.544415
34.59,34.569122,34.5,34.5458,34.52,34.61188,34.54,34.41768,34.17,34.5025
34.59,34.45979,34.44,34.435833,34.6,34.496502,34.44,34.311768,34.06,34.392876
34.5,34.428207,34.52,34.404816,34.54,34.464073,34.29,34.280632,34.03,34.36196
34.44,34.432076,34.6,34.409363,34.44,34.4689,34.17,34.28388,34.18,34.366543
34.52,34.464066,34.54,34.44216,34.29,34.50317,34.06,34.31424,34.3,34.399452
34.6,34.36157,34.44,34.338455,34.17,34.39509,34.03,34.216274,34.46,34.29622
34.54,34.33335,34.29,34.31002,34.06,34.366043,34.18,34.189713,34.39,34.26863
34.44,34.40917,34.17,34.387157,34.03,34.44668,34.3,34.262062,34.27,34.345657
34.29,34.448807,34.06,34.427517,34.18,34.488632,34.46,34.299393,34.18,34.386307
34.17,34.367886,34.03,34.34578,34.3,34.403748,34.39,34.222572,34.16,34.304832
34.06,34.31339,34.18,34.290993,34.46,34.347015,34.27,34.1703,34.22,34.25059
34.03,34.3111,34.3,34.28937,34.39,34.34529,34.18,34.167393,34.29,34.248913
34.18,34.32739,34.46,34.306458,34.27,34.36334,34.16,34.182724,34.3,34.265656
34.3,34.29465,34.39,34.2742,34.18,34.330154,34.22,34.151047,34.22,34.233696
34.46,34.43663,34.27,34.422764,34.16,34.4849,34.29,34.288185,34.27,34.375797
34.39,34.426876,34.18,34.413162,34.22,34.47663,34.3,34.280228,34.18,34.36878
34.27,34.425697,34.16,34.412052,34.29,34.476154,34.22,34.279404,33.98,34.36882
34.18,34.42883,34.22,34.415203,34.3,34.479824,34.27,34.283054,33.86,34.37211
34.16,34.39281,34.29,34.37851,34.22,34.441525,34.18,34.248524,33.79,34.335136
34.22,34.356976,34.3,34.342125,34.27,34.40442,33.98,34.214996,33.79,34.299904
34.29,34.334206,34.22,34.319057,34.18,34.381187,33.86,34.193554,33.73,34.278587
34.3,34.34044,34.27,34.325733,33.98,34.38868,33.79,34.199596,33.73,34.28587
34.22,34.291157,34.18,34.276558,33.86,34.33807,33.79,34.15317,33.64,34.23727
34.27,34.353207,33.98,34.338585,33.79,34.402733,33.73,34.21293,33.4,34.299057
34.18,34.188347,33.86,34.16859,33.79,34.227425,33.73,34.055954,33.19,34.135803
33.98,34.193226,33.79,34.17229,33.73,34.231,33.64,34.061134,33.03,34.139362
33.86,34.1918,33.79,34.170765,33.73,34.22965,33.4,34.06034,32.93,34.13818
33.79,34.073757,33.73,34.051834,33.64,34.105568,33.19,33.9462,32.87,34.019802
33.79,34.10208,33.73,34.081203,33.4,34.135666,33.03,33.97213,32.89,34.04883
33.73,34.05752,33.64,34.037193,33.19,34.090275,32.93,33.928745,32.93,34.00582
33.73,34.0008,33.4,33.980988,33.03,34.032013,32.87,33.87345,32.86,33.95013
33.64,33.856487,33.19,33.83611,32.93,33.882698,32.89,33.7357,32.67,33.806858
33.4,33.743355,33.03,33.722324,32.87,33.765602,32.93,33.627716,32.49,33.694576
33.19,33.563972,32.93,33.54272,32.89,33.580475,32.86,33.456654,32.41,33.516144
33.03,33.529823,32.87,33.50921,32.93,33.545357,32.67,33.42195,32.34,33.48263
32.93,33.42226,32.89,33.401985,32.86,33.434486,32.49,33.317223,32.3,33.37631
32.87,33.29216,32.93,33.27228,32.67,33.30035,32.41,33.19037,32.25,33.247677
32.89,33.283623,32.86,33.265385,32.49,33.294125,32.34,33.18142,32.23,33.241608
32.93,33.45817,32.67,33.44869,32.41,33.48318,32.3,33.34994,32.21,33.414978
32.86,33.732224,32.49,33.72983,32.34,33.772797,32.25,33.612144,32.19,33.686703
32.67,33.63778,32.41,33.633972,32.3,33.67552,32.23,33.52231,32.15,33.594967
32.49,33.564728,32.34,33.55951,32.25,33.60039,32.21,33.45277,32.14,33.524975
32.41,33.4901,32.3,33.483746,32.23,33.523716,32.19,33.381596,32.11,33.45307
32.34,33.394375,32.25,33.386642,32.21,33.42432,32.15,33.28923,32.11,33.359203
32.3,33.236958,32.23,33.227703,32.19,33.261517,32.14,33.138077,32.12,33.20354
32.25,33.11769,32.21,33.10831,32.15,33.140118,32.11,33.02314,32.15,33.08784
32.23,33.02465,32.19,33.015984,32.14,33.045826,32.11,32.93229,32.17,32.997547
32.21,32.850475,32.15,32.84233,32.11,32.868587,32.12,32.7651,32.17,32.82597
32.19,32.41659,32.14,32.40946,32.11,32.4249,32.15,32.346615,32.15,32.398308
32.15,31.913034,32.11,31.905378,32.12,31.908642,32.17,31.860163,32.12,31.901253
32.14,31.865688,32.11,31.85832,32.15,31.861223,32.17,31.81476,32.12,31.855278
32.11,31.810331,32.12,31.803242,32.17,31.805408,32.15,31.761557,32.11,31.801184
32.11,31.75087,32.15,31.744385,32.17,31.74581,32.12,31.704222,32.09,31.743322
32.12,31.76312,32.17,31.757975,32.15,31.761082,32.12,31.716349,32.07,31.758255
32.15,31.971352,32.17,31.96792,32.12,31.977875,32.11,31.918175,32.05,31.967686
32.17,32.113857,32.15,32.110947,32.12,32.12602,32.09,32.056396,32.05,32.111824
32.17,32.126877,32.12,32.12432,32.11,32.141083,32.07,32.07047,32.03,32.12609
32.15,32.130577,32.12,32.12844,32.09,32.146233,32.05,32.074924,32.01,32.130722
32.12,32.136814,32.11,32.135117,32.07,32.15383,32.05,32.081715,32.01,32.137695
32.12,32.145473,32.09,32.14402,32.05,32.16343,32.03,32.090538,32.0,32.146744
32.11,32.15146,32.07,32.15008,32.05,32.169983,32.01,32.0968,32.0,32.15293
32.09,32.14953,32.05,32.14811,32.03,32.168137,32.01,32.095165,32.02,32.15111
32.07,32.142128,32.05,32.14083,32.01,32.160866,32.0,32.08824,32.05,32.143944
32.05,32.078026,32.03,32.07685,32.01,32.09488,32.0,32.02584,32.07,32.079437
32.05,31.85105,32.01,31.849808,32.0,31.861897,32.02,31.806858,32.08,31.853184
32.03,31.71201,32.01,31.710619,32.0,31.718702,32.05,31.672968,32.1,31.713215
32.01,31.700518,32.0,31.699125,32.02,31.706758,32.07,31.661724,32.11,31.701557
32.01,31.689726,32.0,31.688261,32.05,31.69549,32.08,31.651083,32.11,31.690746
32.0,31.673443,32.02,31.671923,32.07,31.67855,32.1,31.635004,32.1,31.674475
32.0,31.653965,32.05,31.652452,32.08,31.658503,32.11,31.615938,32.08,31.655128
32.02,31.635077,32.07,31.633732,32.1,31.639347,32.11,31.597504,32.08,31.636576
32.05,31.62163,32.08,31.620527,32.11,31.625906,32.1,31.584332,32.06,31.623491
32.07,31.614029,32.1,31.613083,32.11,31.618439,32.08,31.577036,32.05,31.616173
32.08,31.60901,32.11,31.608204,32.1,31.61374,32.08,31.57249,32.05,31.61148
32.1,31.607107,32.11,31.606535,32.08,31.612318,32.06,31.570848,32.03,31.609955
32.11,31.613693,32.1,31.613346,32.08,31.619606,32.05,31.577478,32.03,31.616877
32.11,31.624348,32.08,31.624128,32.06,31.63098,32.05,31.588194,32.01,31.627699
32.1,31.636347,32.08,31.63616,32.05,31.64355,32.03,31.600163,32.0,31.639755
32.08,31.648355,32.06,31.648209,32.05,31.656109,32.03,31.61213,32.0,31.6518
32.08,31.661278,32.05,31.661154,32.03,31.669489,32.01,31.624817,32.02,31.664682
32.06,31.674273,32.05,31.67407,32.03,31.682732,32.0,31.637516,32.05,31.677492
32.05,31.684256,32.03,31.6839,32.01,31.6928,32.0,31.647337,32.07,31.687254
32.05,31.690233,32.03,31.689793,32.0,31.69874,32.02,31.653088,32.07,31.693048
32.03,31.693144,32.01,31.692547,32.0,31.701307,32.05,31.655645,32.05,31.695675
32.03,31.691511,32.0,31.690718,32.02,31.699224,32.07,31.653954,32.04,31.693777
32.01,31.682125,32.0,31.681208,32.05,31.68924,32.07,31.644615,32.04,31.684221
32.0,31.671494,32.02,31.670517,32.07,31.678005,32.05,31.633934,32.03,31.673496
32.0,31.660444,32.05,31.659452,32.07,31.666504,32.04,31.62301,32.03,31.66244
32.02,31.647797,32.07,31.64676,32.05,31.653315,32.04,31.610456,32.0,31.649775
32.05,31.633726,32.07,31.632713,32.04,31.638874,32.03,31.596714,32.0,31.635832
32.07,31.620556,32.05,31.619638,32.04,31.625492,32.03,31.58384,31.99,31.622871
32.07,31.612478,32.04,31.611774,32.03,31.617605,32.0,31.576056,31.99,31.615126
32.05,31.611996,32.04,31.6115,32.03,31.617521,32.0,31.575708,32.0,31.614931
32.04,31.618076,32.03,31.617767,32.0,31.62426,31.99,31.581938,32.02,31.621264
32.04,31.626875,32.03,31.626638,32.0,31.633516,31.99,31.590641,32.04,31.630135
32.03,31.633759,32.0,31.633461,31.99,31.640594,32.0,31.597513,32.05,31.63695
32.03,31.636269,32.0,31.63592,31.99,31.643213,32.02,31.600153,32.05,31.639462
32.0,31.636097,31.99,31.635733,32.0,31.642963,32.04,31.599863,32.04,31.639261
32.0,31.637463,31.99,31.63713,32.02,31.644447,32.05,31.60126,32.02,31.64066
31.99,31.6407,32.0,31.640404,32.04,31.647814,32.05,31.604403,32.02,31.6439
31.99,31.643194,32.02,31.642815,32.05,31.650188,32.04,31.606718,32.01,31.646252
32.0,31.64195,32.04,31.641481,32.05,31.648764,32.02,31.605543,32.01,31.644909
32.02,31.634388,32.05,31.633795,32.04,31.640661,32.02,31.59795,32.0,31.637209
32.04,31.622507,32.05,31.621851,32.02,31.628292,32.01,31.58628,31.98,31.625315
32.05,31.610205,32.04,31.60959,32.02,31.615685,32.01,31.574207,31.98,31.613148
32.05,31.603025,32.02,31.602617,32.01,31.608656,32.0,31.567238,31.97,31.606255
32.04,31.60444,32.02,31.604223,32.01,31.61046,31.98,31.56866,31.95,31.60789
32.02,31.611374,32.01,31.611238,32.0,31.617834,31.98,31.57562,31.95,31.614925
32.02,31.61849,32.01,31.618366,31.98,31.625301,31.97,31.582756,31.95,31.622066
32.01,31.622776,32.0,31.622604,31.98,31.629654,31.95,31.58697,31.97,31.626295
32.01,31.625124,31.98,31.624931,31.97,31.632116,31.95,31.589376,31.98,31.628637
32.0,31.626804,31.98,31.626606,31.95,31.633797,31.95,31.590944,29.7,31.630291
31.98,31.628984,31.97,31.628784,31.95,31.636026,31.97,31.593092,29.7,31.632435
31.98,31.63113,31.95,31.63092,31.95,31.638197,31.98,31.595177,29.68,31.634546
31.97,31.631683,31.95,31.631418,31.97,31.638603,29.7,31.595594,29.67,31.634996
31.95,31.628414,31.95,31.62801,31.98,31.634966,29.7,31.592299,29.65,31.631565
31.95,31.619682,31.97,31.619198,29.7,31.625801,29.68,31.583721,29.62,31.622784
31.95,31.607336,31.98,31.606829,29.7,31.612947,29.67,31.571447,29.58,31.610432
31.97,31.683361,29.7,31.682821,29.68,31.691404,29.65,31.644945,29.56,31.687672
31.98,31.689274,29.7,31.688522,29.67,31.69765,29.62,31.651024,29.56,31.694162
29.7,31.679977,29.68,31.67937,29.65,31.688341,29.58,31.641949,29.53,31.685112
29.7,31.676167,29.67,31.675714,29.62,31.684757,29.56,31.63834,29.51,31.681545
29.68,31.670774,29.65,31.671524,29.58,31.67966,29.56,31.631435,29.48,31.676401
29.67,31.560627,29.62,31.556353,29.56,31.554482,29.53,31.516666,29.46,31.558283
29.65,31.28823,29.58,31.283596,29.56,31.275537,29.51,31.256523,29.46,31.285185
29.62,30.907934,29.56,30.90462,29.53,30.88385,29.48,30.877928,29.44,30.907373
29.58,30.569849,29.56,30.573732,29.51,30.54362,29.46,30.542536,29.42,30.574558
29.56,30.445473,29.53,30.450733,29.48,30.42036,29.46,30.423195,29.42,30.454302
29.56,30.284678,29.51,30.291645,29.46,30.258587,29.44,30.266985,29.4,30.295637
29.53,30.169834,29.48,30.177792,29.46,30.143974,29.42,30.156723,29.4,30.183535
29.51,30.044685,29.46,30.0535,29.44,30.019114,29.42,30.0371,29.38,30.061615
29.48,29.884068,29.46,29.893362,29.42,29.857197,29.4,29.882654,29.36,29.90374
29.46,29.67437,29.44,29.6832,29.42,29.643969,29.4,29.680426,29.36,29.696117
29.46,29.566055,29.42,29.581964,29.4,29.547834,29.38,29.580994,29.38,29.598438
29.44,29.56813,29.42,29.586973,29.4,29.55483,29.36,29.580124,29.4,29.606169
29.42,29.669443,29.4,29.689604,29.38,29.664991,29.36,29.686441,29.42,29.71087
29.42,29.82816,29.4,29.844028,29.36,29.825388,29.38,29.844345,29.43,29.8707
29.4,29.815435,29.38,29.83146,29.36,29.812662,29.4,29.831919,29.44,29.858253
29.4,29.804459,29.36,29.82063,29.38,29.801754,29.42,29.821333,29.44,29.84754
29.38,29.796484,29.36,29.812849,29.4,29.794073,29.43,29.813707,29.42,29.839968
29.36,29.790487,29.38,29.807001,29.42,29.788277,29.44,29.80788,29.4,29.834314
29.36,29.78504,29.4,29.801655,29.43,29.783005,29.44,29.802776,29.37,29.829079
29.38,29.779156,29.42,29.795849,29.44,29.777208,29.42,29.797142,29.35,29.823399
29.4,29.77714,29.43,29.793848,29.44,29.775509,29.4,29.79532,29.33,29.821953
29.42,29.793098,29.44,29.809309,29.42,29.792698,29.37,29.81205,29.3,29.839647
29.43,29.862593,29.44,29.87839,29.4,29.864311,29.35,29.879229,29.28,29.911032
29.44,29.865805,29.42,29.881819,29.37,29.868258,29.33,29.882586,29.28,29.914951
29.44,29.866362,29.4,29.882555,29.35,29.869324,29.3,29.883442,29.3,29.915827
29.42,29.8702,29.37,29.886545,29.33,29.873657,29.28,29.887333,29.32,29.919992
29.4,29.874426,29.35,29.890848,29.3,29.878225,29.28,29.89163,29.35,29.924355
29.37,29.88063,29.33,29.897093,29.28,29.884754,29.3,29.897884,29.35,29.930656
29.35,29.88564,29.3,29.90204,29.28,29.889814,29.32,29.902752,29.33,29.935633
29.33,29.888659,29.28,29.905006,29.3,29.892876,29.35,29.90581,29.32,29.938599
29.3,29.883501,29.28,29.899801,29.32,29.887259,29.35,29.90061,29.3,29.932983
29.28,29.850733,29.3,29.867542,29.35,29.853024,29.33,29.867727,29.28,29.898592
29.28,29.79008,29.32,29.807272,29.35,29.790367,29.32,29.809216,29.27,29.835825
29.3,29.778154,29.35,29.795269,29.33,29.777657,29.3,29.7972,29.25,29.823404
29.32,29.765497,29.35,29.782543,29.32,29.764376,29.28,29.78453,29.22,29.810589
29.35,29.749704,29.33,29.766785,29.3,29.748089,29.27,29.768831,29.22,29.794777
29.35,29.7349,29.32,29.75212,29.28,29.733036,29.25,29.754179,29.2,29.7801
29.33,29.723751,29.3,29.741138,29.27,29.721884,29.22,29.743282,29.2,29.769129
29.32,29.719557,29.28,29.737146,29.25,29.718054,29.22,29.739405,29.22,29.76524
29.3,29.719894,29.27,29.737623,29.22,29.718756,29.2,29.739868,29.32,29.76583
29.28,29.721703,29.25,29.739504,29.22,29.720846,29.2,29.741898,29.25,29.767702
29.27,29.72481,29.22,29.742632,29.2,29.724203,29.22,29.74511,29.27,29.770943
29.25,29.72522,29.22,29.743063,29.2,29.724707,29.32,29.74557,29.28,29.771439
29.22,29.725073,29.2,29.74295,29.22,29.724678,29.25,29.745506,29.25,29.771389
29.22,29.725298,29.2,29.743225,29.32,29.725004,29.27,29.745733,29.25,29.771692
29.2,29.725426,29.22,29.743351,29.25,29.72509,29.28,29.745789,29.23,29.771801
29.2,29.723492,29.32,29.741287,29.27,29.722847,29.25,29.743826,29.22,29.769678
29.22,29.717031,29.25,29.734753,29.28,29.716022,29.25,29.737398,29.22,29.763073
29.32,29.70465,29.27,29.722292,29.25,29.703007,29.23,29.724945,29.22,29.750517
29.25,29.690134,29.28,29.70783,29.25,29.68815,29.22,29.710707,29.2,29.736012
29.27,29.677858,29.25,29.695671,29.23,29.675812,29.22,29.698704,29.2,29.72394
29.28,29.673336,29.25,29.691591,29.22,29.671986,29.22,29.69446,29.23,29.719957
29.25,29.676971,29.23,29.695284,29.22,29.675852,29.2,29.697943,29.23,29.72375
29.25,29.68479,29.22,29.703142,29.22,29.684322,29.2,29.706326,29.25,29.731773
29.23,29.690144,29.22,29.708456,29.2,29.689814,29.23,29.711508,29.27,29.737225
29.22,29.689695,29.22,29.708078,29.2,29.689491,29.23,29.711115,29.3,29.73685
29.22,29.694601,29.2,29.713015,29.23,29.694687,29.25,29.716125,29.3,29.74187
29.22,29.69692,29.2,29.715286,29.23,29.696964,29.27,29.71829,29.32,29.744158
29.2,29.698599,29.23,29.71698,29.25,29.698778,29.3,29.720098,29.33,29.74586
29.2,29.700811,29.23,29.719152,29.27,29.700968,29.3,29.722189,29.33,29.748035
29.23,29.701284,29.25,29.719654,29.3,29.701355,29.32,29.7225,29.34,29.74842
29.23,29.696913,29.27,29.714947,29.3,29.696201,29.33,29.717957,29.35,29.743631
29.25,29.688007,29.3,29.706078,29.32,29.687237,29.33,29.70953,29.35,29.73478
29.27,29.677332,29.3,29.69554,29.33,29.676228,29.34,29.69847,29.34,29.724215
29.3,29.671051,29.32,29.689438,29.33,29.670095,29.35,29.692455,29.34,29.718082
29.3,29.675303,29.33,29.693722,29.34,29.674738,29.35,29.696934,29.32,29.722534
29.32,29.677046,29.33,29.695543,29.35,29.676723,29.34,29.698662,29.3,29.724443
29.33,29.683006,29.34,29.701677,29.35,29.683279,29.34,29.704813,29.3,29.730675
29.33,29.693478,29.35,29.712137,29.34,29.694143,29.32,29.715193,29.28,29.741243
29.34,29.705872,29.35,29.724527,29.34,29.707077,29.3,29.727674,29.27,29.75381
29.35,29.716904,29.34,29.735472,29.32,29.718357,29.3,29.738611,29.27,29.7648
29.35,29.726336,29.34,29.744883,29.3,29.72807,29.28,29.748001,29.25,29.774206
29.34,29.736916,29.32,29.755415,29.3,29.73887,29.27,29.758423,29.23,29.784721
29.34,29.746494,29.3,29.764864,29.28,29.748493,29.27,29.767828,29.22,29.794127
29.32,29.755009,29.3,29.773264,29.27,29.75704,29.25,29.776222,29.2,29.802462
29.3,29.759796,29.28,29.777903,29.27,29.761576,29.23,29.78072,29.2,29.807005
29.3,29.76189,29.27,29.77989,29.25,29.763441,29.22,29.782642,29.18,29.808876
29.28,29.761057,29.27,29.778881,29.23,29.76211,29.2,29.781534,29.16,29.807745
29.27,29.756804,29.25,29.774534,29.22,29.757483,29.2,29.777206,29.16,29.80334
29.27,29.7484,29.23,29.76611,29.2,29.748547,29.18,29.768621,29.18,29.794687
29.25,29.740417,29.22,29.75811,29.2,29.74015,29.16,29.760546,29.2,29.786587
29.23,29.733517,29.2,29.751202,29.18,29.732971,29.16,29.753674,29.22,29.779636
29.22,29.726086,29.2,29.743795,29.16,29.725271,29.18,29.746183,29.23,29.772186
29.2,29.71819,29.18,29.735914,29.16,29.717077,29.2,29.738283,29.24,29.76424
29.2,29.710054,29.16,29.727741,29.18,29.708645,29.22,29.73026,29.22,29.756044
29.18,29.700806,29.16,29.718533,29.2,29.699162,29.23,29.721119,29.22,29.74679
29.16,29.690557,29.18,29.708319,29.22,29.688631,29.24,29.710981,29.2,29.736536
29.16,29.68201,29.2,29.699886,29.23,29.6801,29.22,29.702703,29.18,29.728125
29.18,29.674614,29.22,29.692574,29.24,29.67261,29.22,29.69537,29.16,29.720797
29.2,29.667645,29.23,29.685654,29.22,29.665575,29.2,29.688597,29.16,29.713892
29.22,29.661625,29.24,29.67969,29.22,29.659609,29.18,29.682875,29.2,29.708021
29.23,29.6551,29.22,29.673311,29.2,29.653208,29.16,29.676493,29.22,29.701729
29.24,29.6512,29.22,29.669577,29.18,29.649572,29.16,29.672808,29.22,29.698095
29.22,29.652405,29.2,29.670916,29.16,29.651232,29.2,29.674261,29.24,29.699587
29.22,29.656033,29.18,29.674664,29.16,29.655289,29.22,29.677992,29.27,29.70348
29.2,29.67346,29.16,29.69199,29.2,29.673843,29.22,29.695627,29.28,29.72198
29.18,29.704668,29.16,29.72245,29.22,29.70674,29.24,29.727726,29.3,29.755274
29.16,29.717974,29.2,29.735697,29.22,29.720673,29.27,29.74097,29.28,29.769133
29.16,29.75088,29.22,29.767984,29.24,29.75503,29.28,29.774126,29.28,29.803831
29.2,29.75755,29.22,29.774689,29.27,29.76205,29.3,29.780592,29.27,29.810904
29.22,29.758465,29.24,29.775545,29.28,29.762848,29.28,29.781424,29.25,29.811708
29.22,29.757538,29.27,29.774513,29.3,29.761717,29.28,29.780533,29.25,29.810652
29.24,29.755295,29.28,29.772276,29.28,29.759434,29.27,29.778353,29.27,29.808405
29.27,29.753174,29.3,29.770199,29.28,29.757246,29.25,29.776127,29.28,29.806288
29.28,29.752743,29.28,29.76978,29.27,29.756828,29.25,29.775736,29.3,29.80586
29.3,29.734861,29.28,29.751986,29.25,29.738113,29.27,29.758106,29.32,29.787119
29.28,29.7049,29.27,29.722807,29.25,29.70689,29.28,29.72766,29.23,29.75538
29.28,29.70129,29.25,29.71933,29.27,29.703144,29.3,29.723999,29.33,29.751461
29.27,29.690897,29.25,29.709667,29.28,29.692081,29.32,29.713036,29.36,29.739315
29.25,29.697392,29.27,29.716135,29.3,29.69857,29.23,29.719383,29.36,29.745466
29.25,29.707148,29.28,29.72588,29.32,29.708666,29.33,29.729155,29.4,29.755232
29.27,29.72073,29.3,29.739344,29.23,29.72253,29.36,29.742474,29.38,29.768932
29.28,29.762768,29.32,29.780724,29.33,29.76612,29.36,29.783884,29.38,29.813139
29.3,29.771748,29.23,29.789455,29.36,29.775166,29.4,29.79279,29.4,29.822264
29.32,29.769325,29.33,29.786997,29.36,29.772491,29.38,29.790216,29.42,29.819704
29.23,29.782204,29.36,29.799807,29.4,29.786007,29.38,29.802824,29.42,29.833376
29.33,29.784203,29.36,29.801764,29.38,29.787971,29.4,29.804808,29.43,29.835295
29.36,29.78679,29.4,29.804344,29.38,29.790522,29.42,29.807268,29.43,29.837746
29.36,29.83746,29.38,29.854221,29.4,29.842693,29.42,29.857254,29.44,29.890238
29.4,29.917654,29.38,29.93428,29.42,29.926067,29.43,29.935951,29.46,29.972837
29.38,29.937439,29.4,29.954306,29.42,29.946953,29.43,29.9548,29.48,29.993788
29.38,29.939423,29.42,29.956415,29.43,29.949207,29.44,29.956999,29.48,29.99564
29.4,29.882519,29.42,29.899746,29.43,29.89022,29.46,29.901571,29.5,29.936567
29.42,29.887999,29.43,29.905138,29.44,29.89541,29.48,29.9067,29.5,29.941465
29.42,29.900871,29.43,29.917828,29.46,29.90841,29.48,29.919437,29.52,29.954136
29.43,29.892736,29.44,29.90961,29.48,29.899359,29.5,29.911228,29.54,29.944895
29.43,29.899176,29.46,29.915983,29.48,29.90571,29.5,29.917294,29.56,29.951149
29.44,29.9058,29.48,29.922453,29.5,29.91223,29.52,29.923712,29.56,29.957567
29.46,29.856361,29.48,29.873722,29.5,29.861141,29.54,29.875067,29.58,29.906153
29.48,29.810951,29.5,29.828579,29.52,29.813635,29.56,29.830769,29.59,29.858318
29.48,29.807846,29.5,29.825443,29.54,29.809961,29.56,29.827974,29.61,29.854116
29.5,29.813793,29.52,29.831186,29.56,29.815685,29.58,29.833586,29.61,29.859936
29.5,29.810944,29.54,29.828377,29.56,29.812634,29.59,29.83048,29.63,29.85705
29.52,29.815617,29.56,29.833042,29.58,29.81746,29.61,29.835209,29.59,29.861685
29.54,29.823427,29.56,29.840828,29.59,29.82544,29.61,29.84282,29.53,29.869501
29.56,29.830202,29.58,29.847546,29.61,29.832253,29.63,29.849415,29.48,29.87615
29.56,29.895405,29.59,29.910986,29.61,29.895447,29.59,29.910774,29.44,29.938562
29.58,29.814083,29.61,29.816002,29.63,29.787792,29.53,29.830275,29.38,29.831312
29.59,30.01031,29.61,30.01349,29.59,29.991703,29.48,30.019882,29.38,30.032469
29.61,30.063868,29.63,30.0674,29.53,30.047417,29.44,30.071287,29.25,30.087893
29.61,30.40651,29.59,30.411587,29.48,30.399899,29.38,30.40028,31.64,30.433437
29.63,30.667692,29.53,30.674353,29.44,30.669632,29.38,30.651268,31.66,30.698217
29.59,30.897423,29.48,30.905687,29.38,30.907473,29.25,30.872393,31.66,30.93165
29.53,30.940783,29.44,30.948929,29.38,30.95175,31.64,30.913666,31.64,30.975742
29.48,30.959839,29.38,30.967794,29.25,30.971004,31.66,30.931993,31.64,30.994722
29.44,30.976377,29.38,30.984066,31.64,30.98742,31.66,30.94777,31.66,31.010962
29.38,30.636036,29.25,30.642012,31.66,30.637905,31.64,30.621025,31.68,30.670286
29.38,30.419191,31.64,30.434502,31.66,30.43507,31.64,30.418123,31.7,30.471851
29.25,30.293993,31.66,30.308905,31.64,30.30483,31.66,30.295853,31.7,30.343826
31.64,30.290266,31.66,30.304998,31.64,30.300707,31.68,30.291746,31.72,30.340431
31.66,30.091448,31.64,30.106163,31.66,30.097715,31.7,30.100834,31.72,30.141378
31.66,29.947947,31.64,29.961607,31.68,29.95053,31.7,29.963991,31.73,29.997032
31.64,29.970797,31.66,29.989874,31.7,29.986452,31.72,29.995155,31.74,30.025194
31.64,30.336262,31.68,30.362635,31.7,30.367447,31.72,30.342913,31.74,30.393736
31.66,30.885202,31.7,30.914585,31.72,30.940601,31.73,30.88869,31.75,30.943562
31.68,31.400703,31.7,31.426977,31.72,31.465189,31.74,31.391003,31.78,31.45384
31.7,31.739191,31.72,31.765331,31.73,31.810242,31.74,31.715889,31.72,31.789568
31.7,31.82468,31.72,31.84518,31.74,31.891287,31.75,31.79982,31.67,31.870562
31.72,31.953232,31.73,31.969402,31.74,32.018135,31.78,31.926199,31.86,31.994987
31.72,31.997509,31.74,32.010468,31.75,32.059814,31.72,31.972078,32.1,32.034897
31.73,32.13606,31.74,32.14578,31.78,32.197754,31.67,32.108147,32.18,32.16875
31.74,32.266155,31.75,32.27542,31.72,32.328735,31.86,32.234196,32.35,32.2943
31.74,32.40037,31.78,32.40216,31.67,32.449013,32.1,32.3555,32.48,32.4173
31.75,32.30992,31.72,32.308865,31.86,32.349766,32.18,32.269577,32.6,32.322605
31.78,32.078495,31.67,32.078625,32.1,32.104332,32.35,32.03174,32.6,32.090412
31.72,31.888088,31.86,31.89018,32.18,31.909946,32.48,31.84522,32.59,31.901857
31.67,31.796621,32.1,31.7987,32.35,31.81686,32.6,31.757448,32.56,31.812098
31.86,32.084095,32.18,32.08626,32.48,32.111042,32.6,32.034798,32.52,32.096817
32.1,32.364655,32.35,32.366177,32.6,32.397385,32.59,32.305073,32.42,32.374336
32.18,32.703396,32.48,32.704678,32.6,32.743717,32.56,32.631096,32.4,32.70857
32.35,32.8669,32.6,32.869324,32.59,32.91321,32.52,32.788006,32.45,32.872814
32.48,33.079906,32.6,33.08374,32.56,33.1343,32.42,32.992565,32.61,33.086586
32.6,33.36441,32.59,33.367622,32.52,33.427338,32.4,33.268208,32.78,33.36869
32.6,33.491173,32.56,33.493046,32.42,33.55841,32.45,33.393734,32.71,33.49463
32.59,33.718002,32.52,33.71835,32.4,33.79151,32.61,33.613464,32.85,33.719337
32.56,33.9049,32.42,33.903873,32.45,33.98427,32.78,33.79611,33.02,33.904358
32.52,33.858986,32.4,33.856045,32.61,33.934742,32.71,33.753487,33.02,33.85587
32.42,33.65993,32.45,33.655525,32.78,33.727093,32.85,33.56273,33.12,33.6557
32.4,33.566715,32.61,33.561943,32.71,33.630085,33.02,33.473335,33.58,33.562614
32.45,33.351395,32.78,33.346004,32.85,33.407295,33.02,33.26573,34.17,33.34943
32.61,33.31993,32.71,33.31413,33.02,33.373177,33.12,33.23551,34.71,33.316044
32.78,33.166584,32.85,33.1601,33.02,33.212948,33.58,33.087257,35.73,33.161198
32.71,33.012714,33.02,33.005913,33.12,33.0526,34.17,32.93644,35.93,33.008396
32.85,32.917984,33.02,32.911922,33.58,32.954487,34.71,32.8435,35.96,32.913517
33.02,32.861435,33.12,32.855244,34.17,32.89588,35.73,32.788124,35.86,32.857822
33.02,32.941044,33.58,32.934402,34.71,32.97604,35.93,32.86373,35.86,32.935253
33.12,33.210884,34.17,33.20399,35.73,33.253002,35.96,33.124092,35.84,33.201668
33.58,33.58004,34.71,33.573406,35.93,33.632755,35.86,33.47893,35.75,33.566196
34.17,34.04583,35.73,34.039852,35.96,34.105717,35.86,33.917183,35.76,34.01804
34.71,34.427536,35.93,34.42242,35.86,34.500343,35.84,34.282707,35.87,34.39436
35.73,34.71435,35.96,34.708992,35.86,34.799084,35.75,34.560062,35.87,34.67937
35.93,35.054703,35.86,35.04742,35.84,35.15454,35.76,34.89061,35.87,35.020657
35.96,35.311996,35.86,35.300503,35.75,35.422497,35.87,35.143494,35.76,35.277225
35.86,35.479298,35.84,35.465366,35.76,35.60191,35.87,35.315342,35.67,35.443794
35.86,35.814804,35.75,35.794468,35.87,35.95036,35.87,35.642742,35.55,35.774574
35.84,35.71582,35.76,35.69793,35.87,35.850563,35.76,35.55399,35.49,35.671696
35.75,35.706226,35.87,35.68935,35.87,35.840374,35.67,35.54612,35.42,35.658653
35.76,35.826424,35.87,35.808834,35.76,35.9628,35.55,35.658646,35.33,35.774376
35.87,35.921375,35.87,35.898174,35.67,36.056023,35.49,35.74905,35.3,35.8666
35.87,36.001976,35.76,35.97392,35.55,36.13168,35.42,35.819515,35.3,35.94392
35.87,36.03629,35.67,36.003284,35.49,36.159454,35.33,35.846592,35.25,35.976463
35.76,36.047142,35.55,36.01424,35.42,36.1664,35.3,35.850258,35.16,35.98533
35.67,36.03073,35.49,35.99966,35.33,36.144882,35.3,35.826843,35.08,35.96604
35.55,36.00121,35.42,35.972942,35.3,36.11051,35.25,35.790947,34.99,35.933445
35.49,35.90328,35.33,35.876472,35.3,36.00374,35.16,35.69351,34.99,35.831257
35.42,35.895676,35.3,35.869835,35.25,35.995064,35.08,35.682922,34.93,35.824768
35.33,35.82981,35.3,35.806587,35.16,35.92523,34.99,35.6165,34.85,35.756504
35.3,35.759724,35.25,35.73703,35.08,35.850365,34.99,35.548874,34.75,35.684643
35.3,35.67246,35.16,35.650665,34.99,35.75827,34.93,35.465378,34.7,35.5957
35.25,35.527374,35.08,35.503555,34.99,35.603622,34.85,35.32796,34.6,35.449154
35.16,35.43242,34.99,35.405144,34.93,35.50129,34.75,35.238056,34.48,35.35421
35.08,35.348743,34.99,35.321186,34.85,35.412636,34.7,35.15748,34.36,35.269745
34.99,35.24011,34.93,35.213394,34.75,35.29974,34.6,35.054127,34.22,35.16101
34.99,35.19055,34.85,35.16448,34.7,35.248745,34.48,35.00628,34.1,35.112305
34.93,35.129307,34.75,35.104095,34.6,35.18597,34.36,34.947647,34.0,35.05192
34.85,35.0714,34.7,35.046772,34.48,35.12598,34.22,34.891716,33.86,34.994434
34.75,35.0113,34.6,34.987156,34.36,35.064465,34.1,34.834553,33.65,34.935707
34.7,34.93732,34.48,34.913044,34.22,34.98692,34.0,34.763203,33.55,34.861904
34.6,34.891582,34.36,34.867348,34.1,34.939854,33.86,34.71994,33.57,34.816982
34.48,34.893497,34.22,34.870064,34.0,34.943943,33.65,34.722363,33.76,34.821064
34.36,34.790756,34.1,34.768005,33.86,34.837708,33.55,34.624348,33.86,34.71903
34.22,34.695114,34.0,34.672318,33.65,34.737972,33.57,34.53268,33.92,34.623882
34.1,34.568512,33.86,34.5452,33.55,34.605816,33.76,34.410946,34.11,34.498035
34.0,34.448246,33.65,34.42471,33.57,34.480766,33.86,34.295456,34.16,34.37883
33.86,34.3523,33.55,34.32916,33.76,34.3819,33.92,34.203136,33.98,34.28434
33.65,34.247845,33.57,34.225132,33.86,34.274715,34.11,34.103447,33.81,34.181473
33.55,34.1621,33.76,34.139984,33.92,34.18685,34.16,34.020588,33.69,34.097656
33.57,34.01571,33.86,33.99346,34.11,34.03569,33.98,33.879898,33.62,33.953243
33.76,33.8896,33.92,33.86799,34.16,33.906387,33.81,33.758324,33.51,33.829304
33.86,33.68008,34.11,33.658665,33.98,33.691536,33.69,33.558556,33.62,33.622673
33.92,33.6499,34.16,33.63046,33.81,33.664753,33.62,33.53133,33.75,33.595688
34.11,33.58513,33.98,33.566612,33.69,33.600716,33.51,33.46998,33.75,33.534348
34.16,33.58844,33.81,33.570347,33.62,33.60723,33.62,33.475117,33.94,33.54168
33.98,33.605724,33.69,33.58783,33.51,33.628006,33.75,33.49477,33.94,33.561623
33.81,33.58305,33.62,33.565166,33.62,33.60751,33.75,33.47647,33.94,33.541332
33.69,33.57286,33.51,33.554585,33.75,33.59824,33.94,33.46876,34.0,33.532116
33.62,33.751858,33.62,33.73379,33.75,33.784058,33.94,33.641136,34.06,33.710457
33.51,33.86576,33.75,33.84783,33.94,33.90239,33.94,33.751072,33.97,33.82437
33.62,34.04312,33.75,34.02668,33.94,34.08744,34.0,33.92082,33.83,34.0009
33.75,34.204845,33.94,34.189423,33.94,34.255207,34.06,34.07409,33.71,34.16179
33.75,34.208042,33.94,34.192513,34.0,34.258087,33.97,34.07688,33.55,34.164536
33.94,34.295193,33.94,34.279705,34.06,34.3478,33.83,34.159233,33.49,34.250565
33.94,34.463673,34.0,34.450596,33.97,34.524544,33.71,34.319572,33.58,34.41772
33.94,34.479332,34.06,34.46666,33.83,34.54085,33.55,34.333523,33.49,34.433765
34.0,34.529427,33.97,34.51676,33.71,34.5933,33.49,34.38201,33.39,34.484886
34.06,34.615826,33.83,34.603043,33.55,34.683083,33.58,34.464375,33.36,34.5723
33.97,34.46191,33.71,34.449055,33.49,34.52364,33.49,34.318184,33.27,34.41886
33.83,34.391644,33.55,34.378525,33.58,34.450943,33.39,34.25149,33.09,34.348774
33.71,34.26975,33.49,34.256207,33.49,34.32449,33.36,34.135822,32.93,34.22746
33.55,34.182404,33.58,34.168213,33.39,34.23345,33.27,34.053814,32.81,34.139294
33.49,34.213825,33.49,34.199375,33.36,34.265717,33.09,34.084625,32.73,34.169952
33.58,34.299244,33.39,34.285583,33.27,34.354343,32.93,34.166424,32.53,34.253338
33.49,34.16938,33.36,34.15356,33.09,34.21647,32.81,34.04001,32.49,34.124016
33.39,34.048393,33.27,34.032043,32.93,34.090664,32.73,33.92388,32.54,34.00365
33.36,34.03405,33.09,34.018402,32.81,34.0754,32.53,33.907364,32.48,33.98953
33.27,33.947144,32.93,33.931618,32.73,33.98567,32.49,33.823883,32.36,33.903477
33.09,33.864056,32.81,33.8482,32.53,33.899567,32.54,33.743626,32.28,33.821598
32.93,33.78241,32.73,33.76658,32.49,33.81521,32.48,33.664425,32.18,33.74125
32.81,33.777134,32.53,33.762035,32.54,33.809883,32.36,33.657207,32.29,33.73683
32.73,33.81216,32.49,33.798004,32.48,33.847366,32.28,33.689537,32.63,33.773605
32.53,33.616993,32.54,33.60299,32.36,33.646397,32.18,33.502144,32.66,33.58061
32.49,33.428864,32.48,33.415253,32.28,33.453392,32.29,33.320755,32.54,33.396088
32.54,33.336056,32.36,33.3234,32.18,33.359856,32.63,33.231743,32.59,33.305916
32.48,33.231262,32.28,33.218723,32.29,33.252205,32.66,33.12991,32.61,33.203136
32.36,33.036453,32.18,33.0241,32.63,33.052208,32.54,32.94226,32.6,33.010334
32.28,32.854908,32.29,32.84348,32.66,32.866932,32.59,32.7664,32.58,32.831604
32.18,32.925293,32.63,32.91575,32.54,32.94202,32.61,32.832382,32.63,32.904743
32.29,32.850857,32.66,32.842625,32.59,32.867207,32.6,32.759808,32.64,32.83267
32.63,32.709244,32.54,32.701782,32.61,32.723366,32.58,32.623466,32.65,32.69355
32.66,32.489826,32.59,32.48338,32.6,32.499447,32.63,32.411285,32.73,32.476692
32.54,32.50603,32.61,32.500507,32.58,32.51889,32.64,32.427628,32.54,32.495808
32.59,32.34334,32.6,32.33922,32.63,32.356476,32.65,32.274197,32.43,32.33729
32.61,32.340134,32.58,32.335773,32.64,32.35579,32.73,32.2745,32.55,32.33618
32.6,32.537766,32.63,32.533096,32.65,32.561085,32.54,32.46887,32.47,32.5346
32.58,32.674538,32.64,32.66936,32.73,32.702343,32.43,32.602695,32.28,32.67153
32.63,32.734726,32.65,32.72977,32.54,32.764717,32.55,32.661167,32.23,32.731834
32.64,32.619537,32.73,32.614254,32.43,32.647125,32.47,32.552757,32.19,32.61727
32.65,32.661777,32.54,32.656616,32.55,32.69108,32.28,32.594074,32.18,32.659676
32.73,32.754917,32.43,32.749676,32.47,32.78741,32.23,32.68489,32.17,32.752834
32.54,33.05736,32.55,33.052402,32.28,33.099075,32.19,32.977516,32.15,33.05276
32.43,33.237453,32.47,33.231777,32.23,33.283615,32.18,33.151913,32.15,33.23
32.55,33.241787,32.28,33.23473,32.19,33.28538,32.17,33.155575,32.14,33.231987
32.47,33.159603,32.23,33.15224,32.18,33.19861,32.15,33.074413,32.13,33.14847
32.28,32.966827,32.19,32.959652,32.17,32.9995,32.15,32.88791,32.12,32.95588
32.23,32.81882,32.18,32.81243,32.15,32.847572,32.14,32.743855,32.11,32.808746
32.19,32.77475,32.17,32.76821,32.15,32.801445,32.13,32.700245,32.1,32.764404
32.18,32.723732,32.15,32.716446,32.14,32.74774,32.12,32.65069,32.08,32.712753
32.17,32.638397,32.15,32.63107,32.13,32.65963,32.11,32.567547,32.05,32.62768
32.15,32.488876,32.14,32.48212,32.12,32.505608,32.1,32.42117,32.05,32.478523
32.15,32.17693,32.13,32.170845,32.11,32.185875,32.08,32.11955,32.03,32.16888
32.14,31.872322,32.12,31.866352,32.1,31.872763,32.05,31.82404,32.01,31.86576
32.13,31.812794,32.11,31.807087,32.08,31.811857,32.05,31.765865,31.98,31.80677
32.12,31.749178,32.1,31.744482,32.05,31.748512,32.03,31.704956,31.98,31.74455
32.11,31.720863,32.08,31.71725,32.05,31.720896,32.01,31.676775,32.0,31.717566
32.1,31.70979,32.05,31.70643,32.03,31.710117,31.98,31.666319,32.0,31.706884
32.08,31.689083,32.05,31.685791,32.01,31.69011,31.98,31.647984,32.02,31.687017
32.05,31.662441,32.03,31.659935,31.98,31.66423,32.0,31.622215,32.04,31.661642
32.05,31.66078,32.01,31.658993,31.98,31.663666,32.0,31.620584,31.84,31.660753
32.03,31.676281,31.98,31.674728,32.0,31.680626,32.02,31.636776,31.64,31.67672
32.01,31.679663,31.98,31.678026,32.0,31.684351,32.04,31.640532,30.17,31.680254
31.98,31.672441,32.0,31.670883,32.02,31.677263,31.84,31.633818,30.17,31.673298
31.98,31.661995,32.0,31.660536,32.04,31.66671,31.64,31.62358,30.11,31.663078
32.0,31.651026,32.02,31.649668,31.84,31.655588,30.17,31.612892,30.07,31.65229
32.0,31.637796,32.04,31.636454,31.64,31.642097,30.17,31.600077,30.05,31.639242
32.02,31.62195,31.84,31.620718,30.17,31.626072,30.11,31.584723,30.05,31.623688
32.04,31.608654,31.64,31.607656,30.17,31.612837,30.07,31.571804,30.07,31.610802
31.84,31.601124,30.17,31.600327,30.11,31.605497,30.05,31.564547,30.09,31.603598
31.64,31.59804,30.17,31.597414,30.07,31.602812,30.05,31.561876,30.09,31.600843
30.17,31.597788,30.11,31.597448,30.05,31.603054,30.07,31.561682,30.07,31.600914
30.17,31.591225,30.07,31.590666,30.05,31.59555,30.09,31.5546,30.07,31.593948
30.11,31.559093,30.05,31.558752,30.07,31.561646,30.09,31.521984,30.05,31.561234
30.07,31.428638,30.05,31.425116,30.09,31.419886,30.07,31.389977,30.03,31.426147
30.05,31.187712,30.07,31.18414,30.09,31.173018,30.07,31.157946,30.03,31.185404
30.05,30.897287,30.09,30.89522,30.07,30.874292,30.05,30.86834,30.01,30.897148
30.07,30.65797,30.09,30.659775,30.07,30.632706,30.03,30.631832,29.98,30.661657
30.09,30.542645,30.07,30.54538,30.05,30.51726,30.03,30.520317,29.97,30.54932
30.09,30.434656,30.07,30.438324,30.03,30.40934,30.01,30.416147,29.96,30.444149
30.07,30.327488,30.05,30.332108,30.03,30.302528,29.98,30.313375,29.96,30.339815
30.07,30.209328,30.03,30.214508,30.01,30.184406,29.97,30.200792,29.98,30.224552
30.05,30.082623,30.03,30.088741,29.98,30.058475,29.96,30.080389,30.01,30.101362
30.03,29.958078,30.01,29.964815,29.97,29.93429,29.96,29.961445,30.01,29.9802
30.03,29.914034,29.98,29.926105,29.96,29.900192,29.98,29.922712,29.98,29.944101
30.01,29.95135,29.97,29.965403,29.96,29.942524,30.01,29.958113,29.96,29.985853
29.98,30.05199,29.96,30.066883,29.98,30.050493,30.01,30.062244,29.96,30.089006
29.97,30.15506,29.96,30.167908,30.01,30.155481,29.98,30.1648,29.94,30.192686
29.96,30.156048,29.98,30.169039,30.01,30.15679,29.96,30.16587,29.93,30.193855
29.96,30.158884,30.01,30.17181,29.98,30.159681,29.96,30.168785,29.93,30.19665
29.98,30.154459,30.01,30.16729,29.96,30.154953,29.94,30.164415,29.91,30.192085
30.01,30.144499,29.98,30.157276,29.96,30.144573,29.93,30.154486,29.9,30.18212
30.01,30.131443,29.96,30.144272,29.94,30.131245,29.93,30.141617,29.87,30.169209
29.98,30.121077,29.96,30.1341,29.93,30.12097,29.91,30.13148,29.87,30.159176
29.96,30.116707,29.94,30.129932,29.93,30.116909,29.9,30.12725,29.85,30.155167
29.96,30.118172,29.93,30.13155,29.91,30.118792,29.87,30.128918,29.85,30.156868
29.94,30.120506,29.93,30.13389,29.9,30.121279,29.87,30.131338,29.82,30.15921
29.93,30.119,29.91,30.132324,29.87,30.119688,29.85,30.129967,29.8,30.157639
29.93,30.11537,29.9,30.128714,29.87,30.116072,29.85,30.126507,29.79,30.154095
29.91,30.11096,29.87,30.124401,29.85,30.111671,29.82,30.1221,29.77,30.149809
29.9,30.109,29.87,30.122517,29.85,30.109812,29.8,30.120253,29.77,30.147947
29.87,30.108429,29.85,30.12199,29.82,30.109331,29.79,30.11978,29.75,30.147406
29.87,30.106104,29.85,30.11966,29.8,30.10687,29.77,30.117409,29.74,30.145018
29.85,30.101404,29.82,30.11494,29.79,30.101913,29.77,30.112715,29.74,30.140196
29.85,30.091213,29.8,30.10461,29.77,30.091082,29.75,30.102482,29.73,30.129778
29.82,30.076601,29.79,30.090033,29.77,30.07607,29.74,30.088099,29.73,30.115192
29.8,30.061155,29.77,30.074715,29.75,30.060322,29.74,30.072718,29.72,30.099928
29.79,30.050142,29.77,30.063942,29.74,30.049374,29.73,30.061876,29.72,30.089174
29.77,30.043762,29.75,30.05761,29.74,30.042892,29.73,30.055582,29.7,30.082891
29.77,30.036716,29.74,30.050604,29.73,30.035833,29.72,30.04885,29.68,30.075966
29.75,30.027422,29.74,30.041384,29.73,30.02639,29.72,30.03965,29.67,30.066801
29.74,30.015839,29.73,30.029882,29.72,30.014614,29.7,30.028223,29.65,30.055344
29.74,30.006405,29.73,30.02058,29.72,30.005215,29.68,30.019096,29.65,30.046118
29.73,29.996483,29.72,30.010746,29.7,29.995163,29.67,30.009274,29.67,30.036366
29.73,29.9881,29.72,30.002523,29.68,29.986925,29.65,30.001225,29.68,30.028227
29.72,29.981575,29.7,29.996082,29.67,29.980413,29.65,29.994839,29.68,30.021881
29.72,29.975033,29.68,29.989668,29.65,29.97399,29.67,29.988564,29.7,30.015549
29.7,29.969513,29.67,29.98421,29.65,29.968502,29.68,29.983227,28.8,30.010181
29.68,29.964273,29.65,29.979082,29.67,29.963432,29.68,29.978247,28.8,30.005184
29.67,29.960531,29.65,29.97547,29.68,29.959871,29.7,29.974653,28.78,30.001652
29.65,29.957624,29.67,29.972626,29.68,29.957047,28.8,29.971865,28.78,29.998865
29.65,29.955156,29.68,29.970188,29.7,29.954655,28.8,29.969595,28.77,29.996494
29.67,29.950146,29.68,29.965178,28.8,29.949535,28.78,29.964657,28.75,29.99154
29.68,29.943125,29.7,29.95823,28.8,29.94246,28.78,29.9578,28.75,29.984621
29.68,29.936726,28.8,29.951902,28.78,29.936047,28.77,29.951551,28.77,29.97836
29.7,29.931646,28.8,29.946945,28.78,29.9311,28.75,29.946646,28.78,29.973473
28.8,29.929724,28.78,29.945147,28.77,29.929403,28.75,29.944866,28.8,29.971748
28.8,29.929564,28.78,29.945028,28.75,29.929403,28.77,29.94484,28.81,29.971704
28.78,29.935944,28.77,29.951845,28.75,29.936083,28.78,29.950499,28.82,29.978048
28.78,29.911448,28.75,29.925161,28.77,29.906088,28.8,29.923971,28.82,29.950502
28.77,29.856419,28.75,29.86951,28.78,29.84853,28.81,29.871061,28.81,29.89412
28.75,29.765814,28.77,29.77891,28.8,29.75385,28.82,29.779034,28.8,29.803009
28.75,29.668562,28.78,29.683393,28.81,29.655714,28.82,29.682562,28.78,29.706772
28.77,29.636824,28.8,29.652214,28.82,29.62425,28.81,29.651623,28.78,29.67587
28.78,29.601265,28.81,29.617113,28.82,29.588673,28.8,29.616909,28.8,29.641003
28.8,29.560438,28.82,29.576614,28.81,29.547571,28.78,29.577208,28.82,29.600761
28.81,29.510279,28.82,29.526863,28.8,29.497065,28.78,29.528467,28.84,29.55132
28.82,29.453686,28.81,29.470665,28.78,29.439926,28.8,29.473526,28.86,29.495314
28.82,29.390297,28.8,29.407251,28.78,29.375786,28.82,29.412779,28.84,29.43255
28.81,29.358845,28.78,29.378613,28.8,29.34979,28.84,29.38482,28.82,29.40532
28.8,29.366982,28.78,29.38834,28.82,29.360903,28.86,29.391798,28.81,29.415997
28.78,29.409214,28.8,29.431242,28.84,29.407404,28.84,29.436441,28.81,29.460054
28.78,29.467468,28.82,29.488297,28.86,29.466751,28.82,29.494652,28.8,29.518627
28.8,29.470669,28.84,29.491476,28.84,29.470078,28.81,29.497889,28.78,29.521872
28.82,29.472734,28.86,29.4935,28.82,29.47213,28.81,29.499903,28.77,29.523897
28.84,29.473854,28.84,29.494621,28.81,29.473291,28.8,29.500977,28.77,29.52506
28.86,29.475845,28.82,29.496613,28.81,29.475372,28.78,29.502924,28.76,29.527153
28.84,29.47742,28.81,29.49819,28.8,29.477013,28.77,29.50449,28.75,29.528728
28.82,29.479277,28.81,29.500048,28.78,29.478918,28.77,29.506296,28.75,29.530594
28.81,29.482838,28.8,29.503635,28.77,29.482656,28.76,29.50982,28.77,29.534262
28.81,29.500542,28.78,29.520737,28.77,29.501097,28.75,29.527908,28.78,29.553255
28.8,29.50754,28.77,29.527636,28.76,29.508358,28.75,29.534815,28.8,29.560663
28.78,29.506353,28.77,29.526373,28.75,29.506966,28.77,29.533588,28.79,29.559366
28.77,29.503153,28.76,29.523195,28.75,29.503647,28.78,29.530373,28.75,29.556108
28.77,29.502869,28.75,29.522976,28.77,29.503424,28.8,29.530058,28.7,29.555868
28.76,29.504921,28.75,29.525007,28.78,29.505497,28.79,29.532007,28.59,29.557941
28.75,29.504784,28.77,29.524748,28.8,29.505098,28.75,29.531878,28.55,29.557554
28.75,29.502518,28.78,29.522379,28.79,29.502518,28.7,29.529572,28.5,29.555103
28.77,29.50241,28.8,29.522232,28.75,29.502396,28.59,29.529228,28.4,29.555374
28.78,29.49953,28.79,29.519308,28.7,29.499443,28.55,29.526237,28.31,29.552841
28.8,29.475628,28.75,29.49586,28.59,29.474443,28.5,29.502138,28.28,29.527533
28.79,29.46345,28.7,29.483862,28.55,29.461931,28.4,29.490084,28.25,29.514988
28.75,29.460747,28.59,29.481365,28.5,29.459541,28.31,29.487482,28.25,29.512558
28.7,29.46294,28.55,29.483677,28.4,29.462152,28.28,29.489834,28.28,29.515005
28.59,29.46619,28.5,29.486944,28.31,29.46563,28.25,29.49311,28.29,29.518368
28.55,29.467333,28.4,29.488035,28.28,29.466702,28.25,29.49426,28.3,29.519375
28.5,29.467148,28.31,29.487753,28.25,29.46622,28.28,29.493969,28.32,29.51895
28.4,29.46131,28.28,29.481611,28.25,29.459476,28.29,29.487923,28.33,29.51258
28.31,29.445724,28.25,29.465849,28.28,29.442713,28.3,29.472507,28.34,29.496016
28.28,29.42598,28.25,29.446062,28.29,29.421633,28.32,29.452505,28.35,29.475327
28.25,29.407755,28.28,29.427786,28.3,29.402319,28.33,29.434086,28.35,29.456568
28.25,29.389894,28.29,29.409716,28.32,29.383263,28.34,29.416197,28.34,29.438148
28.28,29.365221,28.3,29.385015,28.33,29.35746,28.35,29.391556,28.33,29.413088
28.29,29.334513,28.32,29.35443,28.34,29.325657,28.35,29.360832,28.32,29.382174
28.3,29.304232,28.33,29.324457,28.35,29.294855,28.34,29.33101,28.3,29.351973
28.32,29.278366,28.34,29.299028,28.35,29.268986,28.33,29.30566,28.29,29.326492
28.33,29.257313,28.35,29.278486,28.34,29.248451,28.32,29.28518,28.28,29.306314
28.34,29.245142,28.35,29.26694,28.33,29.237394,28.3,29.273874,28.26,29.295065
28.35,29.240595,28.34,29.262835,28.32,29.233849,28.29,29.269835,28.24,29.291317
28.35,29.240068,28.33,29.262678,28.3,29.234577,28.28,29.27004,28.24,29.291826
28.34,29.244207,28.32,29.267227,28.29,29.24025,28.26,29.274755,28.26,29.297325
28.33,29.251692,28.3,29.275213,28.28,29.249487,28.24,29.282507,28.27,29.306452
28.32,29.26297,28.29,29.286757,28.26,29.26193,28.24,29.293997,28.28,29.318413
28.3,29.27704,28.28,29.300848,28.24,29.276846,28.26,29.308313,28.28,29.332832
28.29,29.288021,28.26,29.311712,28.24,29.28811,28.27,29.319248,28.27,29.343887
28.28,29.29334,28.24,29.31685,28.26,29.29331,28.28,29.324474,28.26,29.349041
28.26,29.294271,28.24,29.317556,28.27,29.293743,28.28,29.32537,28.26,29.349432
28.24,29.291964,28.26,29.315123,28.28,29.291012,28.27,29.322927,28.28,29.346863
28.24,29.28759,28.27,29.310675,28.28,29.286192,28.26,29.318407,28.29,29.34224
28.26,29.282248,28.28,29.305222,28.27,29.28027,28.26,29.313032,28.29,29.336384
28.27,29.275633,28.28,29.298477,28.26,29.272926,28.28,29.306414,28.3,29.329037
28.28,29.266747,28.27,29.28954,28.26,29.263258,28.29,29.29757,28.32,29.319239
28.28,29.259434,28.26,29.282314,28.28,29.255802,28.29,29.290335,28.33,29.311907
28.27,29.254118,28.26,29.27715,28.29,29.250566,28.3,29.285091,28.33,29.306732
28.26,29.25209,28.28,29.275263,28.29,29.248787,28.32,29.283188,28.34,29.30489
28.26,29.252565,28.29,29.275835,28.3,29.249542,28.33,29.283762,28.35,29.305624
28.28,29.253244,28.29,29.276564,28.32,29.250427,28.33,29.28454,28.35,29.306429
28.29,29.253668,28.3,29.277002,28.33,29.250954,28.34,29.285019,28.34,29.306925
28.29,29.253399,28.32,29.276758,28.33,29.250803,28.35,29.284847,28.33,29.306772
28.3,29.253601,28.33,29.277077,28.34,29.251307,28.35,29.28516,28.32,29.307175
28.32,29.255621,28.33,29.27924,28.35,29.253677,28.34,29.287191,28.3,29.309425
28.33,29.260214,28.34,29.283892,28.35,29.258587,28.33,29.291815,28.29,29.314163
28.33,29.265491,28.35,29.289095,28.34,29.264008,28.32,29.297129,28.28,29.319462
28.34,29.268784,28.35,29.292337,28.33,29.267376,28.3,29.300423,28.27,29.32276
28.35,29.270746,28.34,29.294338,28.32,29.269613,28.29,29.302269,28.25,29.325212
28.35,29.272675,28.33,29.296272,28.3,29.271685,28.28,29.304178,28.24,29.327312
28.34,29.275322,28.32,29.298933,28.29,29.274475,28.27,29.306843,28.24,29.330019
28.33,29.278532,28.3,29.302193,28.28,29.277893,28.25,29.31,28.26,29.333336
28.32,29.283258,28.29,29.306923,28.27,29.282768,28.24,29.314655,28.27,29.338072
28.3,29.29219,28.28,29.3157,28.25,29.292252,28.24,29.323517,28.28,29.347954
28.29,29.298,28.27,29.321413,28.24,29.298414,28.26,29.329182,28.29,29.354507
28.28,29.298677,28.25,29.321999,28.24,29.298895,28.27,29.329708,28.3,29.355114
28.27,29.29719,28.24,29.320427,28.26,29.297083,28.28,29.328058,28.32,29.353447
28.25,29.29501,28.24,29.318136,28.27,29.294548,28.29,29.32581,28.33,29.351046
28.24,29.289997,28.26,29.312967,28.28,29.288847,28.3,29.320807,28.34,29.34529
28.24,29.283949,28.27,29.30688,28.29,29.282322,28.32,29.314726,28.35,29.338837
28.26,29.278412,28.28,29.301317,28.3,29.276443,28.33,29.309114,28.35,29.33315
28.27,29.272455,28.29,29.295343,28.32,29.270205,28.34,29.303192,28.34,29.327085
28.28,29.265366,28.3,29.288282,28.33,29.262892,28.35,29.296175,28.34,29.319963
28.29,29.255533,28.32,29.278576,28.34,29.25245,28.35,29.286446,28.33,29.309134
28.3,29.250914,28.33,29.274061,28.35,29.24752,28.34,29.281944,28.33,29.303787
28.32,29.249914,28.34,29.273178,28.35,29.246769,28.34,29.281128,28.32,29.302908
28.33,29.251312,28.35,29.27468,28.34,29.248516,28.33,29.282677,28.3,29.30451
28.34,29.253267,28.35,29.276731,28.34,29.250809,28.33,29.284723,28.29,29.306679
28.35,29.256584,28.34,29.28015,28.33,29.254541,28.32,29.288158,28.28,29.310228
28.35,29.261093,28.34,29.28472,28.33,29.259415,28.3,29.292713,28.3,29.314936
28.34,29.266655,28.33,29.29042,28.32,29.265718,28.29,29.298328,28.33,29.321281
28.34,29.273794,28.33,29.297663,28.3,29.27359,28.28,29.305399,28.34,29.329258
28.33,29.281158,28.32,29.305016,28.29,29.28123,28.3,29.312696,28.38,29.336727
28.33,29.287807,28.3,29.311504,28.28,29.287851,28.33,29.319252,28.4,29.343254
28.32,29.291872,28.29,29.315426,28.3,29.29179,28.34,29.323275,28.42,29.347166
28.3,29.293022,28.28,29.31644,28.33,29.292645,28.38,29.324247,28.45,29.3481
28.29,29.292683,28.3,29.316021,28.34,29.292082,28.4,29.323816,28.47,29.3476
28.28,29.292734,28.33,29.315998,28.38,29.291885,28.42,29.32373,28.5,29.347473
28.3,29.291306,28.34,29.314438,28.4,29.290077,28.45,29.32218,28.5,29.345795
28.33,29.28849,28.38,29.311514,28.42,29.286903,28.47,29.319328,28.55,29.342756
28.34,29.282717,28.4,29.305622,28.45,29.280413,28.5,29.31353,28.57,29.336226
28.38,29.276045,28.42,29.298948,28.47,29.273232,28.5,29.306955,28.59,29.32885
28.4,29.272387,28.45,29.295403,28.5,29.269629,28.55,29.303345,28.59,29.325272
28.42,29.27117,28.47,29.294325,28.5,29.268642,28.57,29.30219,28.57,29.324236
28.45,29.274311,28.5,29.29765,28.55,29.272545,28.59,29.305473,28.55,29.328194
28.47,29.282187,28.5,29.305626,28.57,29.28136,28.59,29.313412,28.55,29.33716
28.5,29.288704,28.55,29.312216,28.59,29.28838,28.57,29.320004,28.57,29.343958
28.5,29.297785,28.57,29.321413,28.59,29.298264,28.55,29.329136,28.59,29.35373
28.55,29.307032,28.59,29.330719,28.57,29.30804,28.55,29.33837,28.59,29.363226
28.57,29.31918,28.59,29.342949,28.55,29.320934,28.57,29.35049,28.7,29.37581
28.59,29.333044,28.57,29.356739,28.55,29.335258,28.59,29.364275,28.8,29.389795
28.59,29.34769,28.55,29.371294,28.57,29.35038,28.59,29.378899,28.85,29.404528
28.57,29.362762,28.55,29.38624,28.59,29.365843,28.7,29.393705,28.9,29.419846
28.55,29.376934,28.57,29.400309,28.59,29.38042,28.8,29.40774,28.94,29.43419
28.55,29.38668,28.59,29.409874,28.7,29.390022,28.85,29.417109,28.97,29.443693
28.57,29.390379,28.59,29.412315,28.8,29.39182,28.9,29.419947,29.0,29.446684
28.59,29.434595,28.7,29.455858,28.85,29.437716,28.94,29.463783,29.05,29.493202
28.59,29.459932,28.8,29.48094,28.9,29.46384,28.97,29.488358,29.09,29.519716
28.7,29.472672,28.85,29.493721,28.94,29.477085,29.0,29.50043,29.14,29.533216
28.8,29.474106,28.9,29.494982,28.97,29.478104,29.05,29.501625,29.2,29.534277
28.85,29.47795,28.94,29.498682,29.0,29.481823,29.09,29.505377,29.24,29.537975
28.9,29.484728,28.97,29.505419,29.05,29.488909,29.14,29.512177,29.28,29.544876
28.94,29.493927,29.0,29.51466,29.09,29.498505,29.2,29.521307,29.3,29.554031
28.97,29.512081,29.05,29.532753,29.14,29.51723,29.24,29.539307,29.3,29.572126
29.0,29.534098,29.09,29.55458,29.2,29.53979,29.28,29.561357,29.28,29.593859
29.05,29.504452,29.14,29.52574,29.24,29.510721,29.3,29.53445,29.24,29.563604
29.09,29.507717,29.2,29.529661,29.28,29.513529,29.3,29.536974,29.24,29.564774
29.14,29.523775,29.24,29.546093,29.3,29.529446,29.28,29.552385,29.22,29.579079
29.2,29.548264,29.28,29.57047,29.3,29.55419,29.24,29.576698,29.22,29.602701
29.24,29.579403,29.3,29.60136,29.28,29.585854,29.24,29.607462,29.24,29.633596
29.28,29.614223,29.3,29.636003,29.24,29.621475,29.22,29.641905,29.28,29.668327
29.3,29.655779,29.28,29.677141,29.24,29.664164,29.22,29.68297,29.32,29.710594
29.3,29.685045,29.24,29.705849,29.22,29.693224,29.24,29.711697,29.25,29.739105
29.28,29.70773,29.24,29.728022,29.22,29.715517,29.28,29.73372,29.27,29.761086
29.24,29.72218,29.22,29.742144,29.24,29.729464,29.32,29.747374,29.3,29.774939
29.24,29.737339,29.22,29.756971,29.28,29.744217,29.25,29.761929,29.32,29.78952
29.22,29.751516,29.24,29.770725,29.32,29.757824,29.27,29.775488,29.35,29.803
29.22,29.759678,29.28,29.778458,29.25,29.765182,29.3,29.783085,29.35,29.810448
29.24,29.762644,29.32,29.781073,29.27,29.767342,29.32,29.785603,29.38,29.812765
29.28,29.759407,29.25,29.777552,29.3,29.763126,29.35,29.781887,29.4,29.808859
29.32,29.750465,29.27,29.76844,29.32,29.753193,29.35,29.772625,29.44,29.799257
29.25,29.726646,29.3,29.7449,29.35,29.727877,29.38,29.748344,29.48,29.774027
29.27,29.719069,29.32,29.737305,29.35,29.719873,29.4,29.740631,29.51,29.766317
29.3,29.714935,29.35,29.733234,29.38,29.715488,29.44,29.736235,29.53,29.762115
29.32,29.710707,29.35,29.728836,29.4,29.71069,29.48,29.731766,29.56,29.757599
29.35,29.705742,29.38,29.723803,29.44,29.705553,29.51,29.727112,29.56,29.752565
29.35,29.70874,29.4,29.726782,29.48,29.709034,29.53,29.730078,29.63,29.756395
29.38,29.711012,29.44,29.72935,29.51,29.712023,29.56,29.732447,29.7,29.759254
29.4,29.73164,29.48,29.750008,29.53,29.733812,29.56,29.753109,29.71,29.78068
29.44,29.766026,29.51,29.78402,29.56,29.769857,29.63,29.78775,29.96,29.81655
29.48,29.781837,29.53,29.799753,29.56,29.78614,29.7,29.80349,30.2,29.83239
29.51,29.796238,29.56,29.814034,29.63,29.800783,29.71,29.817688,30.69,29.846699
29.53,29.814703,29.56,29.83234,29.7,29.819714,29.96,29.835999,30.73,29.865267
29.56,29.826414,29.63,29.843832,29.71,29.831478,30.2,29.847576,30.64,29.876814
29.56,29.841587,29.7,29.859053,29.96,29.847324,30.69,29.862734,30.51,29.892155
29.63,29.922825,29.71,29.940044,30.2,29.931427,30.73,29.941525,30.98,29.97589
29.7,29.934057,29.96,29.951174,30.69,29.942493,30.64,29.952686,31.68,29.986193
29.71,29.962181,30.2,29.978886,30.73,29.970833,30.51,29.980293,31.46,30.01403
29.96,29.96743,30.69,29.984007,30.64,29.975708,30.98,29.985376,31.24,30.018476
30.2,29.959602,30.73,29.976713,30.51,29.967213,31.68,29.977009,31.08,30.009144
30.69,29.992126,30.64,30.008987,30.98,30.000431,31.46,30.008974,31.03,30.041706
30.73,30.038736,30.51,30.055712,31.68,30.049223,31.24,30.055794,30.97,30.088848
30.64,30.138401,30.98,30.155418,31.46,30.153936,31.08,30.15526,31.08,30.191385
30.51,30.279137,31.68,30.29741,31.24,30.301563,31.03,30.294611,31.47,30.33395
30.98,30.526049,31.46,30.544117,31.08,30.556606,30.97,30.536814,31.59,30.583004
31.68,30.651928,31.24,30.66941,31.03,30.686573,31.08,30.66362,31.52,30.708284
31.46,30.77757,31.08,30.792597,30.97,30.811802,31.47,30.785809,31.91,30.831362
31.24,30.860104,31.03,30.874538,31.08,30.895819,31.59,30.866652,32.12,30.912645
31.08,31.036058,30.97,31.051775,31.47,31.077473,31.52,31.036335,32.12,31.08834
31.03,31.280647,31.08,31.295647,31.59,31.325361,31.91,31.271929,32.25,31.328556
30.97,31.465109,31.47,31.477402,31.52,31.510948,32.12,31.453875,32.46,31.507875
31.08,31.542751,31.59,31.55207,31.91,31.584044,32.12,31.52712,32.44,31.580173
31.47,31.506683,31.52,31.515501,32.12,31.542635,32.25,31.48928,32.63,31.540052
31.59,31.510689,31.91,31.517815,32.12,31.540747,32.46,31.488565,32.91,31.540506
31.52,31.390491,32.12,31.397701,32.25,31.41583,32.44,31.371082,33.15,31.419369
31.91,31.283434,32.12,31.29159,32.46,31.30748,32.63,31.267561,33.25,31.314068
32.12,31.413277,32.25,31.422897,32.44,31.44279,32.91,31.392895,33.6,31.445303
32.12,31.631948,32.46,31.639853,32.63,31.664742,33.15,31.605099,33.88,31.662031
32.25,31.723465,32.44,31.7285,32.91,31.754984,33.25,31.695677,33.81,31.750475
32.46,31.737946,32.63,31.742449,33.15,31.769232,33.6,31.70942,33.95,31.76535
32.44,31.794413,32.91,31.799755,33.25,31.82698,33.88,31.761528,34.14,31.821627
32.63,31.94259,33.15,31.948568,33.6,31.980743,33.81,31.906929,34.19,31.969233
32.91,32.093124,33.25,32.09806,33.88,32.13577,33.95,32.055943,34.19,32.11844
33.15,32.3858,33.6,32.388126,33.81,32.43459,34.14,32.342113,34.01,32.407864
33.25,32.7451,33.88,32.74453,33.95,32.799885,34.19,32.691467,34.04,32.76033
33.6,32.96699,33.81,32.963585,34.14,33.023987,34.19,32.90647,33.85,32.977486
33.88,33.0909,33.95,33.086037,34.19,33.14966,34.01,33.028255,33.76,33.097866
33.81,33.295425,34.14,33.28804,34.19,33.357334,34.04,33.22706,33.65,33.298775
33.95,33.876305,34.19,33.86517,34.01,33.94388,33.85,33.778606,33.66,33.863
34.14,34.15898,34.19,34.146736,34.04,34.232494,33.76,34.048832,33.2,34.140163
34.19,34.35331,34.01,34.340878,33.85,34.431744,33.65,34.23438,33.65,34.331047
34.19,34.722153,34.04,34.709446,33.76,34.81068,33.66,34.585125,33.53,34.69336
34.01,34.994316,33.85,34.979355,33.65,35.089645,33.2,34.8452,33.47,34.960373
34.04,35.11331,33.76,35.097923,33.66,35.21147,33.65,34.95774,33.18,35.0766
33.85,35.0804,33.65,35.065353,33.2,35.174965,33.53,34.92396,32.76,35.04127
33.76,35.086037,33.66,35.071377,33.65,35.179333,33.47,34.928505,32.7,35.044365
33.65,35.038708,33.2,35.025642,33.53,35.12948,33.18,34.8814,32.82,34.994507
33.66,34.873894,33.65,34.86431,33.47,34.956947,32.76,34.71805,32.9,34.826984
33.2,34.58342,33.53,34.567783,33.18,34.6496,32.7,34.441257,32.94,34.537178
33.65,34.378944,33.47,34.362667,32.76,34.43377,32.82,34.24221,32.92,34.33071
33.53,34.20923,33.18,34.193493,32.7,34.257236,32.9,34.077824,32.85,34.161392
33.47,33.935448,32.76,33.91672,32.82,33.968475,32.94,33.81187,33.82,33.887577
33.18,33.631992,32.7,33.612514,32.9,33.655666,32.92,33.522835,34.14,33.587467
32.76,33.31559,32.82,33.295303,32.94,33.32633,32.85,33.214146,33.89,33.27343
32.7,33.16052,32.9,33.14064,32.92,33.167435,33.82,33.066265,33.83,33.119377
32.82,32.96589,32.94,32.946823,32.85,32.96801,34.14,32.87822,34.01,32.926888
32.9,32.808323,32.92,32.789318,33.82,32.80474,33.89,32.72358,34.13,32.769825
32.94,32.648785,32.85,32.630844,34.14,32.64313,33.83,32.570225,34.05,32.61345
32.92,32.531723,33.82,32.515984,33.89,32.525425,34.01,32.454685,34.21,32.50013
32.85,32.52672,34.14,32.512695,33.83,32.52375,34.13,32.45038,34.43,32.498215
33.82,32.9717,33.89,32.964653,34.01,32.98907,34.05,32.881805,34.43,32.93899
34.14,33.15168,33.83,33.14587,34.13,33.178505,34.21,33.05737,34.4,33.120937
33.89,33.16268,34.01,33.155293,34.05,33.187946,34.43,33.066887,34.4,33.13181
33.83,33.274963,34.13,33.268173,34.21,33.310795,34.43,33.183117,34.48,33.24937
34.01,33.52231,34.05,33.5149,34.43,33.567482,34.4,33.420403,34.57,33.499203
34.13,33.928783,34.21,33.920483,34.43,33.987846,34.4,33.8137,34.65,33.902184
34.05,34.09152,34.43,34.081833,34.4,34.157864,34.48,33.976,34.6,34.065018
34.21,34.25995,34.43,34.24957,34.4,34.332104,34.57,34.140198,34.64,34.23177
34.43,34.507256,34.4,34.49683,34.48,34.587643,34.65,34.378155,34.66,34.475967
34.43,34.644173,34.4,34.63303,34.57,34.72847,34.6,34.510902,34.71,34.60971
34.4,34.523914,34.48,34.5086,34.65,34.6003,34.64,34.39777,34.86,34.48992
34.4,34.624866,34.57,34.60887,34.6,34.701733,34.66,34.49092,34.96,34.588303
34.48,34.76061,34.65,34.74595,34.64,34.84186,34.71,34.619488,34.97,34.719757
34.57,34.889404,34.6,34.87333,34.66,34.969814,34.86,34.737743,34.94,34.843086
34.65,34.794376,34.64,34.777855,34.71,34.86773,34.96,34.645077,34.83,34.745495
34.6,34.73338,34.66,34.714947,34.86,34.80055,34.97,34.583565,34.73,34.68423
34.64,34.869625,34.71,34.851734,34.96,34.941505,34.94,34.711292,34.62,34.819427
34.66,35.101704,34.86,35.083065,34.97,35.182495,34.83,34.93397,34.56,35.04937
34.71,35.17868,34.96,35.15864,34.94,35.261753,34.73,35.008728,34.44,35.125435
34.86,35.215084,34.97,35.19533,34.83,35.30021,34.62,35.043797,34.41,35.161934
34.96,35.244343,34.94,35.224678,34.73,35.32937,34.56,35.070057,34.44,35.189682
34.97,35.12168,34.83,35.103405,34.62,35.20079,34.44,34.9517,34.47,35.064205
34.94,35.11121,34.73,35.093616,34.56,35.190952,34.41,34.94232,34.3,35.053864
34.83,35.016056,34.62,34.999588,34.44,35.09078,34.44,34.8499,34.18,34.956062
34.73,34.995472,34.56,34.979454,34.41,35.067856,34.47,34.829277,34.1,34.931923
34.62,34.918495,34.44,34.90173,34.44,34.985146,34.3,34.755295,34.0,34.85239
34.56,34.80769,34.41,34.79087,34.47,34.86749,34.18,34.648174,33.81,34.738674
34.44,34.647953,34.44,34.62719,34.3,34.69647,34.1,34.49526,33.57,34.57852
34.41,34.548332,34.47,34.524796,34.18,34.58923,34.0,34.398186,33.35,34.47919
34.44,34.563618,34.3,34.540943,34.1,34.605377,33.81,34.41164,33.09,34.494278
34.47,34.717262,34.18,34.702007,34.0,34.77092,33.57,34.55672,32.82,34.645912
34.3,34.710423,34.1,34.69514,33.81,34.76442,33.35,34.550434,32.58,34.640583
34.18,34.66513,34.0,34.649513,33.57,34.71692,33.09,34.50645,32.34,34.59604
34.1,34.688747,33.81,34.673454,33.35,34.742805,32.82,34.528835,32.22,34.622
34.0,34.662083,33.57,34.646072,33.09,34.714764,32.58,34.502964,32.22,34.597103
33.81,34.608955,33.35,34.592873,32.82,34.660156,32.34,34.45215,32.21,34.54568
33.57,34.52947,33.09,34.51271,32.58,34.57775,32.22,34.375935,32.17,34.468674
33.35,34.445423,32.82,34.42857,32.34,34.490654,32.22,34.294807,32.2,34.386044
33.09,34.266586,32.58,34.248573,32.22,34.3041,32.21,34.123577,32.14,34.207775
32.82,34.00427,32.34,33.985035,32.22,34.03199,32.17,33.87352,32.08,33.9472
32.58,33.536797,32.22,33.51418,32.21,33.545696,32.2,33.4241,32.05,33.483604
32.34,33.375683,32.22,33.35403,32.17,33.38023,32.14,33.267105,32.05,33.32468
32.22,33.26733,32.21,33.247665,32.2,33.27086,32.08,33.16144,31.96,33.21895
32.22,32.93911,32.17,32.919518,32.14,32.933178,32.05,32.844166,31.89,32.894077
32.21,32.7189,32.2,32.699768,32.08,32.70826,32.05,32.63132,31.89,32.677704
32.17,32.84381,32.14,32.83228,32.05,32.84635,31.96,32.75379,31.87,32.803535
32.2,32.6744,32.08,32.663662,32.05,32.674587,31.89,32.58921,31.87,32.639477
32.14,32.518974,32.05,32.50976,31.96,32.5178,31.89,32.437756,31.87,32.48899
32.08,32.393703,32.05,32.385868,31.89,32.392685,31.87,32.31646,31.91,32.369083
32.05,32.303722,31.96,32.29774,31.89,32.30458,31.87,32.229588,31.89,32.284405
32.05,32.217186,31.89,32.212734,31.87,32.21918,31.87,32.14544,31.88,32.202415
31.96,32.12213,31.89,32.118168,31.87,32.125015,31.91,32.056095,31.87,32.111046
31.89,32.003056,31.87,31.999495,31.87,32.005993,31.89,31.943449,31.85,31.99521
31.89,31.976072,31.87,31.973934,31.91,31.98202,31.88,31.918818,31.82,31.971533
31.87,31.941805,31.87,31.940096,31.89,31.949484,31.87,31.888084,31.78,31.939297
31.87,31.63108,31.91,31.628805,31.88,31.631628,31.85,31.589643,31.81,31.631464
31.87,31.61937,31.89,31.617176,31.87,31.620787,31.82,31.579851,31.91,31.620426
31.91,31.629642,31.88,31.62744,31.85,31.632257,31.78,31.590908,31.95,31.631725
31.89,31.616478,31.87,31.614328,31.82,31.619637,31.81,31.578867,31.9,31.619663
31.88,31.578173,31.85,31.57631,31.78,31.580702,31.91,31.541525,31.85,31.581722
31.87,31.559448,31.82,31.558037,31.81,31.562756,31.95,31.5241,31.84,31.56399
31.85,31.546953,31.78,31.545988,31.91,31.550713,31.9,31.511868,31.82,31.552216
31.82,31.54453,31.81,31.543934,31.95,31.549097,31.85,31.509977,31.82,31.550337
31.78,31.587198,31.91,31.586407,31.9,31.593578,31.84,31.552265,31.8,31.594027
31.81,31.579222,31.95,31.578695,31.85,31.586164,31.82,31.545052,31.8,31.58662
31.91,31.575733,31.9,31.57552,31.84,31.583145,31.82,31.541622,31.82,31.583569
31.95,31.572563,31.85,31.57239,31.82,31.580074,31.8,31.538761,31.84,31.580467
31.9,31.538483,31.84,31.538628,31.82,31.545433,31.8,31.505993,31.85,31.54605
31.85,31.52438,31.82,31.525017,31.8,31.531584,31.82,31.492256,31.87,31.532122
31.84,31.536236,31.82,31.537252,31.8,31.54431,31.84,31.503803,31.89,31.544172
31.82,31.55051,31.8,31.551332,31.82,31.558662,31.85,31.517797,31.85,31.558022
31.82,31.552595,31.8,31.553097,31.84,31.56055,31.87,31.520277,31.8,31.559875
31.8,31.573801,31.82,31.573925,31.85,31.582216,31.89,31.540997,31.75,31.58168
31.8,31.516592,31.84,31.517088,31.87,31.523146,31.85,31.484566,31.7,31.523756
31.82,31.533688,31.85,31.53396,31.89,31.540966,31.8,31.501646,31.65,31.54151
31.84,31.652056,31.87,31.652666,31.85,31.663086,31.75,31.61552,31.55,31.66106
31.85,31.716011,31.89,31.716595,31.8,31.729437,31.7,31.678135,31.45,31.726042
31.87,31.72324,31.85,31.723883,31.75,31.736887,31.65,31.68503,31.33,31.733278
31.89,31.721085,31.8,31.721508,31.7,31.73427,31.55,31.682888,31.27,31.730814
31.85,31.709604,31.75,31.709776,31.65,31.722208,31.45,31.671906,31.18,31.719248
31.8,31.69405,31.7,31.694366,31.55,31.706518,31.33,31.656767,31.15,31.704046
31.75,31.691853,31.65,31.69259,31.45,31.704813,31.27,31.654448,31.07,31.702255
31.7,31.667973,31.55,31.669024,31.33,31.680252,31.18,31.630936,31.03,31.67778
31.65,31.676567,31.45,31.677446,31.27,31.689035,31.15,31.639698,31.0,31.686226
31.55,31.64807,31.33,31.649015,31.18,31.659256,31.07,31.611477,30.96,31.65705
31.45,31.514233,31.27,31.51489,31.15,31.52108,31.03,31.482155,30.89,31.52201
31.33,31.435593,31.18,31.436361,31.07,31.439753,31.0,31.405113,30.87,31.442598
31.27,31.406403,31.15,31.406973,31.03,31.409151,30.96,31.376146,30.82,31.41324
31.18,31.36426,31.07,31.364584,31.0,31.365267,30.89,31.334715,30.78,31.37107
31.15,31.303398,31.03,31.303476,30.96,31.302143,30.87,31.274786,30.78,31.3104
31.07,31.230356,31.0,31.230501,30.89,31.227085,30.82,31.203146,30.76,31.237993
31.03,31.151482,30.96,31.151688,30.87,31.146109,30.78,31.125723,30.72,31.159908
31.0,31.074005,30.89,31.074675,30.82,31.067556,30.78,31.050365,30.7,31.083757
30.96,31.002142,30.87,31.003263,30.78,30.994684,30.76,30.98008,30.67,31.013248
30.89,30.938713,30.82,30.940434,30.78,30.931011,30.72,30.91875,30.63,30.951286
30.87,30.88287,30.78,30.88512,30.76,30.875078,30.7,30.864746,30.55,30.896898
30.82,30.830137,30.78,30.832933,30.72,30.822384,30.67,30.813848,30.48,30.845594
30.78,30.782492,30.76,30.78578,30.7,30.774973,30.63,30.768124,30.4,30.79936
30.78,30.740608,30.72,30.744534,30.67,30.733692,30.55,30.728056,30.45,30.758976
30.76,30.70836,30.7,30.712967,30.63,30.702255,30.48,30.697199,30.53,30.728128
30.72,30.68436,30.67,30.689419,30.55,30.679008,30.4,30.67457,30.58,30.70527
30.7,30.665777,30.63,30.671343,30.48,30.661524,30.45,30.657515,30.54,30.687878
30.67,30.647501,30.55,30.653397,30.4,30.643753,30.53,30.640076,30.5,30.670504
30.63,30.631432,30.48,30.6377,30.45,30.628426,30.58,30.625206,30.48,30.65527
30.55,30.616007,30.4,30.622519,30.53,30.613377,30.54,30.610542,30.43,30.640549
30.48,30.597408,30.45,30.604168,30.58,30.595009,30.5,30.59276,30.4,30.622566
30.4,30.578537,30.53,30.58549,30.54,30.576235,30.48,30.57466,30.35,30.604229
30.45,30.556324,30.58,30.563478,30.5,30.553911,30.43,30.55307,30.35,30.582504
30.53,30.529747,30.54,30.537008,30.48,30.526901,30.4,30.527102,30.35,30.556309
30.58,30.498535,30.5,30.5059,30.43,30.49519,30.35,30.4967,30.33,30.525496
30.54,30.467531,30.48,30.475351,30.4,30.464342,30.35,30.466627,30.33,30.49532
30.5,30.445692,30.43,30.454115,30.35,30.44305,30.35,30.445354,30.33,30.474422
30.48,30.441189,30.4,30.450157,30.35,30.439676,30.33,30.441511,30.31,30.470743
30.43,30.445738,30.35,30.454885,30.35,30.444958,30.33,30.44637,30.31,30.475664
30.4,30.444353,30.35,30.45349,30.33,30.443851,30.33,30.44547,30.3,30.474476
30.35,30.43502,30.35,30.444199,30.33,30.434568,30.31,30.436625,30.29,30.465397
30.35,30.41984,30.33,30.42911,30.33,30.419191,30.31,30.42177,30.28,30.450481
30.35,30.407534,30.33,30.417059,30.31,30.407158,30.3,30.410023,30.27,30.438625
30.33,30.399776,30.33,30.409477,30.31,30.399637,30.29,30.402542,30.27,30.431257
30.33,30.399466,30.31,30.409533,30.3,30.400162,30.28,30.402714,30.25,30.431475
30.33,30.402958,30.31,30.413048,30.29,30.403767,30.27,30.405966,29.02,30.43503
30.31,30.398981,30.3,30.40885,30.28,30.399376,30.27,30.402191,28.98,30.430819
30.31,30.380749,30.29,30.390368,30.27,30.380268,30.25,30.384295,28.98,30.412434
30.3,30.35157,30.28,30.361418,30.27,30.35053,29.02,30.355448,28.97,30.383574
30.29,30.328575,30.27,30.338789,30.25,30.327366,28.98,30.332615,28.95,30.361012
30.28,30.317368,30.27,30.327848,29.02,30.316444,28.98,30.321886,28.95,30.350222
30.27,30.313118,30.25,30.32378,28.98,30.312635,28.97,30.318075,28.93,30.346369
30.27,30.309898,29.02,30.320719,28.98,30.309792,28.95,30.315155,28.91,30.343493
30.25,30.31014,28.98,30.321144,28.97,30.310562,28.95,30.31575,28.9,30.344072
29.02,30.31125,28.98,30.322302,28.95,30.31189,28.93,30.316944,28.88,30.345337
28.98,30.310616,28.97,30.32169,28.95,30.311436,28.91,30.316586,28.86,30.344803
28.98,30.31379,28.95,30.325409,28.93,30.314632,28.9,30.318567,28.84,30.347853
28.97,30.270798,28.95,30.279673,28.91,30.263636,28.88,30.272156,28.83,30.300402
28.95,30.18028,28.93,30.188896,28.9,30.169174,28.86,30.183666,28.83,30.207783
28.95,30.032469,28.91,30.041561,28.88,30.015648,28.84,30.033905,28.82,30.059832
28.93,29.879436,28.9,29.891186,28.86,29.861187,28.83,29.88187,28.8,29.90876
28.91,29.824652,28.88,29.837122,28.84,29.806843,28.83,29.82899,29.05,29.855488
28.9,29.768665,28.86,29.781782,28.83,29.75118,28.82,29.775051,29.03,29.800941
28.88,29.70467,28.84,29.718355,28.83,29.687136,28.8,29.713217,29.0,29.738245
28.86,29.630306,28.83,29.64448,28.82,29.612442,29.05,29.641504,29.0,29.665123
28.84,29.538427,28.83,29.552986,28.8,29.519741,29.03,29.5528,28.98,29.57444
28.83,29.434566,28.82,29.449001,29.05,29.414429,29.0,29.453161,28.96,29.471474
28.83,29.378864,28.8,29.397066,29.03,29.365746,29.0,29.402632,28.95,29.42151
28.82,29.381134,29.05,29.401466,29.0,29.3716,28.98,29.403395,28.93,29.427069
28.8,29.42879,29.03,29.449907,29.0,29.424355,28.96,29.45416,28.9,29.476952
29.05,29.499788,29.0,29.519295,28.98,29.496656,28.95,29.525135,28.88,29.548492
29.03,29.494474,29.0,29.514082,28.96,29.491375,28.93,29.519918,28.87,29.543331
29.0,29.485716,28.98,29.505287,28.95,29.482515,28.9,29.511509,28.85,29.534706
29.0,29.485209,28.96,29.505493,28.93,29.483618,28.88,29.511795,28.83,29.535265
28.98,29.495922,28.95,29.516615,28.9,29.495188,28.87,29.52176,28.81,29.546562
28.96,29.516632,28.93,29.537418,28.88,29.51711,28.85,29.543028,28.8,29.567543
28.95,29.539816,28.9,29.560297,28.87,29.54075,28.83,29.566122,28.8,29.590708
28.93,29.545238,28.88,29.56566,28.85,29.546167,28.81,29.571314,28.81,29.596035
28.9,29.551102,28.87,29.57149,28.83,29.552122,28.8,29.577108,28.83,29.60182
28.88,29.55846,28.85,29.57875,28.81,29.55952,28.8,29.584333,28.85,29.60906
28.87,29.56402,28.83,29.58418,28.8,29.564962,28.81,29.589725,28.85,29.614416
28.85,29.567963,28.81,29.58797,28.8,29.568722,28.83,29.593582,28.85,29.618134
28.83,29.572527,28.8,29.59251,28.81,29.573124,28.85,29.597822,28.86,29.62245
28.81,29.56703,28.8,29.586374,28.83,29.565975,28.85,29.59166,28.88,29.615982
28.8,29.55181,28.81,29.570814,28.85,29.54985,28.85,29.577137,28.88,29.600239
28.8,29.527393,28.83,29.546358,28.85,29.524181,28.86,29.552195,28.88,29.575598
28.81,29.502253,28.85,29.521532,28.85,29.498552,28.88,29.52722,28.87,29.550518
28.83,29.493778,28.85,29.513153,28.86,29.49007,28.88,29.519035,28.85,29.542183
28.85,29.485273,28.85,29.504786,28.88,29.481586,28.88,29.510698,28.83,29.533894
28.85,29.477203,28.86,29.496899,28.88,29.473673,28.87,29.502861,28.81,29.526089
28.85,29.472591,28.88,29.492496,28.88,29.469444,28.85,29.498554,28.8,29.521845
28.86,29.471071,28.88,29.491219,28.87,29.468477,28.83,29.497255,28.8,29.52076
28.88,29.47266,28.88,29.49299,28.85,29.470572,28.81,29.49898,28.81,29.522692
28.88,29.476353,28.87,29.496752,28.83,29.474693,28.8,29.502865,28.83,29.52662
28.88,29.47978,28.85,29.500242,28.81,29.478516,28.8,29.506456,28.85,29.53028
28.87,29.482773,28.83,29.503378,28.8,29.481945,28.81,29.509514,28.86,29.533539
28.85,29.48798,28.81,29.508703,28.8,29.4876,28.83,29.514732,28.87,29.538979
28.83,29.495733,28.8,29.516493,28.81,29.495749,28.85,29.522476,28.87,29.546852
28.81,29.50326,28.8,29.523956,28.83,29.503412,28.86,29.529896,28.86,29.554356
28.8,29.508041,28.81,29.528614,28.85,29.50808,28.87,29.534569,28.85,29.558962
28.8,29.50938,28.83,29.52976,28.86,29.509039,28.87,29.53577,28.83,29.559994
28.81,29.506073,28.85,29.526253,28.87,29.505182,28.86,29.532377,28.82,29.556349
28.83,29.499643,28.86,29.519733,28.87,29.498304,28.85,29.525936,28.82,29.549707
28.85,29.492699,28.87,29.512793,28.86,29.49105,28.83,29.518965,28.81,29.542677
28.86,29.487427,28.87,29.507582,28.85,29.485659,28.82,29.513714,28.78,29.53741
28.87,29.484325,28.86,29.504509,28.83,29.482527,28.82,29.510672,28.76,29.53435
28.87,29.482203,28.85,29.502459,28.82,29.48051,28.81,29.50865,28.75,29.53234
28.86,29.480972,28.83,29.501308,28.82,29.479406,28.78,29.507454,28.74,29.531233
28.85,29.481325,28.82,29.501768,28.81,29.480013,28.76,29.50792,28.72,29.531761
28.83,29.483559,28.82,29.504076,28.78,29.482517,28.75,29.510187,28.72,29.534153
28.82,29.486448,28.81,29.507017,28.76,29.485651,28.74,29.513098,28.74,29.537167
28.82,29.490498,28.78,29.511103,28.75,29.489943,28.72,29.517185,28.75,29.541317
28.81,29.494158,28.76,29.514717,28.74,29.493662,28.72,29.520782,28.76,29.544954
28.78,29.49651,28.75,29.517006,28.72,29.495983,28.74,29.523111,28.78,29.54723
28.76,29.497536,28.74,29.517963,28.72,29.496883,28.75,29.524061,28.78,29.548145
28.75,29.496689,28.72,29.517044,28.74,29.49576,28.76,29.523098,28.77,29.547115
28.74,29.49375,28.72,29.513933,28.75,29.492348,28.78,29.520077,28.75,29.543875
28.72,29.487642,28.74,29.507673,28.76,29.485697,28.78,29.513952,28.74,29.537493
28.72,29.478214,28.75,29.498186,28.78,29.475723,28.77,29.504492,28.72,29.52786
28.74,29.467922,28.76,29.487926,28.78,29.46504,28.75,29.49422,28.7,29.517483
28.75,29.45885,28.78,29.478891,28.77,29.455696,28.74,29.485214,28.7,29.508392
28.76,29.450739,28.78,29.470861,28.75,29.447495,28.72,29.477274,28.72,29.50036
28.78,29.444395,28.77,29.46471,28.74,29.441334,28.7,29.471111,28.74,29.494272
28.78,29.440943,28.75,29.461443,28.72,29.438156,28.7,29.467756,28.74,29.491076
28.77,29.440447,28.74,29.461058,28.7,29.43798,28.72,29.467463,28.73,29.490812
28.75,29.441381,28.72,29.462091,28.7,29.439278,28.74,29.468597,28.72,29.491997
28.74,29.442461,28.7,29.463303,28.72,29.44071,28.74,29.469753,28.7,29.493315
28.72,29.445063,28.7,29.466003,28.74,29.443638,28.73,29.472414,28.7,29.496107
28.7,29.448675,28.72,29.469591,28.74,29.447418,28.72,29.476076,28.83,29.499786
28.7,29.450787,28.74,29.471659,28.73,29.449585,28.7,29.478231,28.69,29.501898
28.72,29.451052,28.74,29.471918,28.72,29.449827,28.7,29.478458,28.67,29.502144
28.74,29.450365,28.73,29.471188,28.7,29.448992,28.83,29.477701,28.67,29.501368
28.74,29.448898,28.72,29.469645,28.7,29.447338,28.69,29.476257,28.66,29.499786
28.73,29.446075,28.7,29.466812,28.83,29.444391,28.67,29.473476,28.66,29.496935
28.72,29.443148,28.7,29.463963,28.69,29.441439,28.67,29.470497,28.67,29.494028
28.7,29.441523,28.83,29.462343,28.67,29.439734,28.66,29.468851,28.69,29.492376
28.7,29.440536,28.69,29.46131,28.67,29.43867,28.66,29.467936,28.7,29.491337
28.83,29.43794,28.67,29.458696,28.66,29.435944,28.67,29.465357,28.72,29.4887
28.69,29.434105,28.67,29.454899,28.66,29.432013,28.69,29.461544,28.73,29.484865
28.67,29.43041,28.66,29.451223,28.67,29.42836,28.7,29.458044,28.74,29.481264
28.67,29.432137,28.66,29.453417,28.69,29.431042,28.72,29.459991,28.74,29.483595
28.66,29.44646,28.67,29.467402,28.7,29.44583,28.73,29.473858,28.76,29.498924
28.66,29.454609,28.69,29.475431,28.72,29.4544,28.74,29.482527,28.76,29.507215
28.67,29.456018,28.7,29.476526,28.73,29.455235,28.74,29.483616,28.74,29.508312
28.69,29.445248,28.72,29.465794,28.74,29.443937,28.76,29.472773,28.74,29.497301
28.7,29.439049,28.73,29.459597,28.74,29.437496,28.76,29.466648,28.73,29.491026
28.72,29.432978,28.74,29.453604,28.76,29.431349,28.74,29.460619,28.73,29.485012
28.73,29.429043,28.74,29.44985,28.76,29.427616,28.74,29.456793,28.72,29.48128
28.74,29.429317,28.76,29.450296,28.74,29.42828,28.73,29.457186,28.72,29.481827
28.74,29.433508,28.76,29.454632,28.74,29.432877,28.73,29.46135,28.7,29.486221
28.76,29.434427,28.74,29.45522,28.73,29.433311,28.72,29.462198,28.7,29.48684
28.76,29.425364,28.74,29.446568,28.73,29.424238,28.72,29.453688,28.72,29.477
28.74,29.423029,28.73,29.444382,28.72,29.421804,28.7,29.45083,28.74,29.474669
28.74,29.426575,28.73,29.44822,28.72,29.426138,28.7,29.454737,28.76,29.478575
28.73,29.440367,28.72,29.46188,28.7,29.440388,28.72,29.468508,28.78,29.49253
28.73,29.446424,28.72,29.467852,28.7,29.446495,28.74,29.474476,28.81,29.498533
28.72,29.45109,28.7,29.472404,28.72,29.451122,28.76,29.479094,28.83,29.503082
28.72,29.453056,28.7,29.474207,28.74,29.452787,28.78,29.480888,28.85,29.504822
28.7,29.452814,28.72,29.473883,28.76,29.452312,28.81,29.480581,28.86,29.504398
28.7,29.451525,28.74,29.472467,28.78,29.450645,28.83,29.479124,28.87,29.502878
28.72,29.449059,28.76,29.469954,28.81,29.447918,28.85,29.476627,28.88,29.500242
28.74,29.446064,28.78,29.466862,28.83,29.444546,28.86,29.473513,28.88,29.497053
28.76,29.441868,28.81,29.462648,28.85,29.440147,28.87,29.46936,28.88,29.492754
28.78,29.43806,28.83,29.458845,28.86,29.436165,28.88,29.46552,28.87,29.488907
28.81,29.43467,28.85,29.455553,28.87,29.432854,28.88,29.462238,28.87,29.485613
28.83,29.434544,28.86,29.455563,28.88,29.43304,28.88,29.462193,28.86,29.485708
28.85,29.436832,28.87,29.457981,28.88,29.435694,28.87,29.46453,28.84,29.488226
28.86,29.442316,28.88,29.463589,28.88,29.441738,28.87,29.47016,28.84,29.494005
28.87,29.44977,28.88,29.471106,28.87,29.449669,28.86,29.4776,28.83,29.501715
28.88,29.458208,28.88,29.479614,28.87,29.458616,28.84,29.486073,28.83,29.51036
28.88,29.467989,28.87,29.489374,28.86,29.46875,28.84,29.495766,28.85,29.520254
28.88,29.477942,28.87,29.499346,28.84,29.479116,28.83,29.50569,28.87,29.530329
28.87,29.490194,28.86,29.511574,28.84,29.491756,28.83,29.517729,28.88,29.54275
28.87,29.501148,28.84,29.522396,28.83,29.502802,28.85,29.528486,28.9,29.553566
28.86,29.510996,28.84,29.532059,28.83,29.512573,28.87,29.538153,28.81,29.563164
28.84,29.519028,28.83,29.539902,28.85,29.520538,28.88,29.545898,28.93,29.571209
28.84,29.521347,28.83,29.542057,28.87,29.522528,28.9,29.548035,28.95,29.57321
28.83,29.52173,28.85,29.542263,28.88,29.522448,28.81,29.548187,29.0,29.57325
28.83,29.519295,28.87,29.539646,28.9,29.5195,28.93,29.545647,29.05,29.57044
28.85,29.515917,28.88,29.536146,28.81,29.515701,28.95,29.542164,29.08,29.566845
28.87,29.515572,28.9,29.535711,28.93,29.515308,29.0,29.54166,29.1,29.566856
28.88,29.50999,28.81,29.530092,28.95,29.509428,29.05,29.536087,29.12,29.56115
28.9,29.504347,28.93,29.524475,29.0,29.503576,29.08,29.53052,29.13,29.55537
28.81,29.50142,28.95,29.521646,29.05,29.500727,29.1,29.527641,29.15,29.552551
28.93,29.515163,29.0,29.53518,29.08,29.515434,29.12,29.541574,29.15,29.567595
28.95,29.532698,29.05,29.552471,29.1,29.533962,29.13,29.559351,29.17,29.58624
29.0,29.533903,29.08,29.553444,29.12,29.534836,29.15,29.560415,29.17,29.587275
29.05,29.534252,29.1,29.553991,29.13,29.535837,29.15,29.561384,29.16,29.587982
29.08,29.537615,29.12,29.557537,29.15,29.539497,29.17,29.564268,29.13,29.591654
29.1,29.545782,29.13,29.565994,29.15,29.548603,29.17,29.572716,29.12,29.600206
29.12,29.561378,29.15,29.58159,29.17,29.564693,29.16,29.58835,29.12,29.615562
29.13,29.581638,29.15,29.60188,29.17,29.585701,29.13,29.608334,29.1,29.636059
29.15,29.603947,29.17,29.624023,29.16,29.608492,29.12,29.630392,29.1,29.658344
29.15,29.625393,29.17,29.645208,29.13,29.630241,29.12,29.651583,29.14,29.679667
29.17,29.629185,29.16,29.64917,29.12,29.633638,29.1,29.65502,29.17,29.682398
29.17,29.632452,29.13,29.65273,29.12,29.636644,29.1,29.657894,29.2,29.68464
29.16,29.649471,29.12,29.669783,29.1,29.65417,29.14,29.674742,29.45,29.701569
29.13,29.666447,29.12,29.686459,29.1,29.67088,29.17,29.690947,29.38,29.718094
29.12,29.682787,29.1,29.702497,29.14,29.687231,29.2,29.707325,29.38,29.733978
29.12,29.691956,29.1,29.711237,29.17,29.695646,29.45,29.715761,29.31,29.742588
29.1,29.687168,29.14,29.706219,29.2,29.69,29.38,29.710611,29.28,29.737268
29.1,29.71402,29.17,29.732264,29.45,29.717785,29.38,29.73749,29.25,29.76597
29.14,29.710428,29.2,29.728579,29.38,29.713793,29.31,29.733532,29.31,29.76244
29.17,29.703394,29.45,29.721476,29.38,29.706263,29.28,29.72628,29.38,29.755247
29.2,29.711252,29.38,29.729061,29.31,29.714441,29.25,29.734161,29.45,29.76382
29.45,29.694998,29.38,29.712898,29.28,29.697504,29.31,29.718008,29.49,29.747017
29.38,29.69223,29.31,29.71028,29.25,29.694883,29.38,29.715263,29.51,29.744408
29.38,29.69368,29.28,29.71172,29.31,29.696613,29.45,29.71689,29.54,29.746107
29.31,29.709154,29.25,29.727743,29.38,29.71383,29.49,29.732794,29.59,29.762463
29.28,29.737688,29.31,29.756325,29.45,29.743118,29.51,29.760223,29.59,29.791279
29.25,29.787214,29.38,29.805748,29.49,29.794857,29.54,29.810156,29.59,29.841688
29.31,29.785448,29.45,29.80382,29.51,29.791685,29.59,29.807913,29.54,29.83786
29.38,29.792946,29.49,29.811123,29.54,29.79902,29.59,29.815271,29.38,29.845083
29.45,29.798729,29.51,29.816578,29.59,29.80436,29.59,29.820826,29.43,29.850445
29.49,29.783016,29.54,29.801321,29.59,29.787956,29.54,29.804989,29.43,29.833576
29.51,29.803774,29.59,29.822048,29.59,29.809584,29.38,29.825457,29.45,29.854975
29.54,29.827621,29.59,29.845846,29.54,29.834284,29.43,29.849195,29.48,29.879038
29.59,29.86373,29.59,29.881805,29.38,29.871391,29.43,29.884705,29.52,29.915472
29.59,29.881002,29.54,29.898321,29.43,29.887749,29.45,29.901197,29.58,29.931976
29.59,29.885975,29.38,29.903036,29.43,29.892736,29.48,29.906782,29.73,29.936718
29.54,29.870655,29.43,29.88786,29.45,29.87631,29.52,29.890556,29.96,29.920696
29.38,29.869665,29.43,29.887411,29.48,29.875841,29.58,29.889719,30.55,29.919577
29.43,29.909124,29.45,29.926706,29.52,29.916693,29.73,29.928944,31.03,29.95956
29.43,29.989046,29.48,30.006172,29.58,29.999332,29.96,30.007578,31.59,30.041441
29.45,30.013523,29.52,30.029789,29.73,30.02299,30.55,30.0311,32.26,30.065191
29.48,29.99977,29.58,30.01557,29.96,30.007666,31.03,30.01767,32.09,30.049974
29.52,29.981962,29.73,29.99749,30.55,29.988253,31.59,29.998953,31.7,30.031647
29.58,29.960049,29.96,29.975735,31.03,29.965664,32.26,29.977057,31.31,30.009718
29.73,29.960972,30.55,29.976608,31.59,29.966684,32.09,29.977818,31.2,30.011087
29.96,29.97955,31.03,29.994972,32.26,29.98632,31.7,29.99641,31.06,30.030975
30.55,29.999079,31.59,30.014442,32.09,30.00704,31.31,30.016016,30.94,30.051609
31.03,30.059147,32.26,30.074404,31.7,30.070642,31.2,30.076525,30.86,30.114363
31.59,30.093826,32.09,30.109581,31.31,30.108076,31.06,30.111603,30.8,30.150442
32.26,30.114008,31.7,30.131205,31.2,30.131771,30.94,30.13362,30.77,30.170876
32.09,30.31636,31.31,30.335514,31.06,30.343153,30.86,30.331923,30.75,30.374916
31.7,30.67852,31.2,30.700201,30.94,30.71961,30.8,30.686611,30.75,30.738651
31.31,31.154894,31.06,31.178896,30.86,31.212152,30.77,31.151716,30.69,31.214241
31.2,31.531073,30.94,31.553686,30.8,31.593014,30.75,31.51344,30.71,31.583447
31.06,31.750273,30.86,31.769533,30.77,31.812525,30.75,31.728308,31.19,31.795675
30.94,31.798815,30.8,31.814512,30.75,31.855509,30.69,31.7758,31.91,31.83771
30.86,31.777,30.77,31.791225,30.75,31.827797,30.71,31.75256,32.51,31.810621
30.8,31.669012,30.75,31.682468,30.69,31.7124,31.19,31.645039,32.92,31.698938
30.77,31.629368,30.75,31.641644,30.71,31.666533,31.91,31.603903,32.82,31.654762
30.75,31.689617,30.69,31.69951,31.19,31.721308,32.51,31.657764,32.88,31.710743
30.75,31.854282,30.71,31.861803,31.91,31.882711,32.92,31.811995,32.93,31.869448
30.69,31.727713,31.19,31.733423,32.51,31.74581,32.82,31.682405,32.78,31.740562
30.71,31.459297,31.91,31.462744,32.92,31.464617,32.88,31.417618,32.65,31.471083
31.19,31.262804,32.51,31.265575,32.82,31.263182,32.93,31.227074,32.51,31.277842
31.91,31.118122,32.92,31.122551,32.88,31.117283,32.78,31.084398,32.48,31.137539
32.51,31.07704,32.82,31.083353,32.93,31.080418,32.65,31.046738,32.41,31.10137
32.92,31.095995,32.88,31.10397,32.78,31.106771,32.51,31.07065,32.41,31.125597
32.82,31.248796,32.93,31.259861,32.65,31.272152,32.48,31.224613,32.45,31.283367
32.88,31.616869,32.78,31.631271,32.51,31.658533,32.41,31.587498,32.41,31.654701
32.93,32.02727,32.65,32.042957,32.48,32.084454,32.41,31.99057,32.81,32.063488
32.78,32.193947,32.51,32.20764,32.41,32.2557,32.45,32.157143,33.13,32.228676
32.65,32.39095,32.48,32.399033,32.41,32.453552,32.41,32.354115,33.15,32.419895
32.51,32.5777,32.41,32.580738,32.45,32.6401,32.81,32.537838,33.21,32.601257
32.48,32.778736,32.41,32.778072,32.41,32.84176,33.13,32.733803,33.27,32.79705
32.41,32.89715,32.45,32.89329,32.81,32.959393,33.15,32.85063,33.33,32.9108
32.41,33.00863,32.41,33.002335,33.13,33.069527,33.21,32.958363,33.48,33.01789
32.45,33.26722,32.81,33.258186,33.15,33.328182,33.27,33.20329,33.52,33.269283
32.41,33.340687,33.13,33.32987,33.21,33.395485,33.33,33.26753,33.4,33.336174
32.81,33.349915,33.15,33.338737,33.27,33.396847,33.48,33.266926,33.46,33.339737
33.13,33.336838,33.21,33.32662,33.33,33.37835,33.52,33.245747,33.57,33.323555
33.15,33.261513,33.27,33.253456,33.48,33.299652,33.4,33.166985,33.57,33.24862
33.21,33.35669,33.33,33.35018,33.52,33.39932,33.46,33.256428,33.67,33.34558
33.27,33.571236,33.48,33.565346,33.4,33.622578,33.57,33.4637,33.59,33.5609
33.33,33.739502,33.52,33.732765,33.46,33.797733,33.57,33.629,33.53,33.72874
33.48,33.770355,33.4,33.76273,33.57,33.829983,33.67,33.66141,33.64,33.758446
33.52,33.76737,33.46,33.758976,33.57,33.82695,33.59,33.66075,33.65,33.75395
33.4,33.70511,33.57,33.69565,33.67,33.762802,33.53,33.60465,33.52,33.69089
33.46,33.904858,33.57,33.894062,33.59,33.968353,33.64,33.798832,33.34,33.887966
33.57,33.838707,33.67,33.82734,33.53,33.899242,33.65,33.737263,33.18,33.819798
33.57,33.749695,33.59,33.73627,33.64,33.804966,33.52,33.653816,33.06,33.729164
33.67,33.702496,33.53,33.688183,33.65,33.755733,33.34,33.611485,33.0,33.680725
33.59,33.74393,33.64,33.728626,33.52,33.79488,33.18,33.648663,32.95,33.719597
33.53,33.66422,33.65,33.647644,33.34,33.709736,33.06,33.57193,33.08,33.638355
33.64,33.51584,33.52,33.498016,33.18,33.554626,33.0,33.429276,33.17,33.49064
33.65,33.794186,33.34,33.779037,33.06,33.840252,32.95,33.690533,33.1,33.763653
33.52,33.931133,33.18,33.916904,33.0,33.980465,33.08,33.819294,33.09,33.898247
33.34,33.95841,33.06,33.94467,32.95,34.008442,33.17,33.84448,33.17,33.924942
33.18,33.838886,33.0,33.82503,33.08,33.88361,33.1,33.728806,33.22,33.805237
33.06,33.825596,32.95,33.811764,33.17,33.868458,33.09,33.714676,33.21,33.790176
33.0,33.78379,33.08,33.769962,33.1,33.824665,33.17,33.673588,33.13,33.748203
32.95,33.72157,33.17,33.707573,33.09,33.75876,33.22,33.61137,32.97,33.685417
33.08,33.662823,33.1,33.64898,33.17,33.6978,33.21,33.554276,32.79,33.626686
33.17,33.552204,33.09,33.53863,33.22,33.583652,33.13,33.44683,32.58,33.5172
33.1,33.44377,33.17,33.43041,33.21,33.47116,32.97,33.340324,32.52,33.40969
33.09,33.124783,33.22,33.10982,33.13,33.141815,32.79,33.033848,32.51,33.09535
33.17,33.071358,33.21,33.05746,32.97,33.088516,32.58,32.98176,32.49,33.044044
33.22,32.994778,33.13,32.980713,32.79,33.00972,32.52,32.907898,32.47,32.968044
33.21,32.987064,32.97,32.972763,32.58,33.0025,32.51,32.901886,32.43,32.960907
33.13,32.958015,32.79,32.944706,32.52,32.974983,32.49,32.87447,32.41,32.934544
32.97,33.06798,32.58,33.055798,32.51,33.09042,32.47,32.980213,32.41,33.046257
32.79,33.144703,32.52,33.133,32.49,33.171688,32.43,33.056454,32.41,33.124348
32.58,33.088734,32.51,33.07671,32.47,33.11512,32.41,33.005257,32.85,33.06911
32.52,33.077465,32.49,33.06454,32.43,33.102875,32.41,32.9952,33.11,33.057392
32.51,33.056446,32.47,33.04326,32.41,33.0807,32.41,32.974808,33.77,33.036064
32.49,32.942776,32.43,32.929077,32.41,32.961586,32.85,32.862793,33.75,32.921734
32.47,32.74503,32.41,32.732048,32.41,32.757732,33.11,32.67018,33.93,32.724434
32.43,32.678593,32.41,32.667076,32.85,32.6902,33.77,32.603596,33.41,32.659622
32.41,32.546413,32.41,32.5363,33.11,32.555065,33.75,32.473557,33.64,32.528984
32.41,32.464287,32.85,32.454678,33.77,32.47126,33.93,32.393604,33.76,32.447933
32.41,32.262383,33.11,32.253067,33.75,32.264244,33.41,32.198616,33.7,32.24693
32.85,32.177174,33.77,32.168343,33.93,32.177635,33.64,32.115864,33.55,32.163242
33.11,32.06334,33.75,32.055008,33.41,32.062107,33.76,32.005833,33.49,32.05125
33.77,32.017273,33.93,32.009724,33.64,32.017162,33.7,31.962132,33.37,32.0075
33.75,32.034782,33.41,32.02867,33.76,32.04045,33.55,31.983004,33.21,32.02894
33.93,32.23825,33.64,32.232758,33.7,32.254772,33.49,32.18437,33.05,32.23644
33.41,32.47928,33.76,32.47543,33.55,32.509212,33.37,32.424347,32.91,32.479797
33.64,32.876724,33.7,32.869625,33.49,32.917572,33.21,32.81351,32.72,32.87452
33.76,33.203392,33.55,33.19305,33.37,33.253044,33.05,33.134865,32.55,33.197906
33.7,33.51319,33.49,33.498844,33.21,33.565895,32.91,33.432053,32.52,33.501564
33.55,33.645416,33.37,33.630527,33.05,33.70198,32.72,33.561935,32.62,33.6311
33.49,33.730553,33.21,33.715424,32.91,33.787945,32.55,33.641468,32.89,33.714115
33.37,33.909977,33.05,33.89503,32.72,33.97101,32.52,33.812897,33.16,33.888123
33.21,34.025047,32.91,34.0096,32.55,34.0874,32.62,33.922585,33.22,33.998657
33.05,34.043148,32.72,34.027004,32.52,34.10153,32.89,33.936367,33.52,34.01204
32.91,33.95198,32.55,33.93606,32.62,34.003723,33.16,33.845108,33.89,33.91833
32.72,33.81046,32.52,33.79426,32.89,33.85116,33.22,33.70137,34.03,33.77366
32.55,33.453926,32.62,33.436256,33.16,33.47948,33.52,33.355957,33.94,33.418633
32.52,33.14476,32.89,33.12745,33.22,33.1581,33.89,33.0529,33.9,33.11089
32.62,32.9463,33.16,32.93086,33.52,32.955242,34.03,32.86017,33.85,32.91487
32.89,33.119225,33.22,33.10859,33.89,33.136715,33.94,33.02354,33.62,33.085903
33.16,33.010246,33.52,32.99901,34.03,33.024914,33.9,32.92002,33.47,32.978073
33.22,32.928204,33.89,32.917175,33.94,32.942234,33.85,32.840565,33.29,32.899937
33.52,32.933,34.03,32.92353,33.9,32.950928,33.62,32.845474,33.19,32.908978
33.89,33.013393,33.94,33.004936,33.85,33.03764,33.47,32.92493,33.15,32.99291
34.03,33.029472,33.9,33.020798,33.62,33.056942,33.29,32.94441,33.44,33.01067
33.94,33.1057,33.85,33.09725,33.47,33.139606,33.19,33.023167,33.95,33.089157
33.9,33.235466,33.62,33.22806,33.29,33.277054,33.15,33.151596,34.36,33.220066
33.85,33.43772,33.47,33.430107,33.19,33.487114,33.44,33.35022,34.56,33.42043
33.62,33.52543,33.29,33.51623,33.15,33.577095,33.95,33.438892,34.24,33.504845
33.47,33.38986,33.19,33.376205,33.44,33.43409,34.36,33.31162,34.16,33.369987
33.29,33.499634,33.15,33.48367,33.95,33.544193,34.56,33.41825,34.1,33.476078
33.19,33.619728,33.44,33.601715,34.36,33.664017,34.24,33.533394,34.04,33.591976
33.15,33.690994,33.95,33.671658,34.56,33.733017,34.16,33.599136,33.94,33.65926
33.44,33.690514,34.36,33.67073,34.24,33.7281,34.1,33.593746,33.82,33.655857
33.95,33.919632,34.56,33.907127,34.16,33.96788,34.04,33.80893,33.73,33.8798
34.36,34.174347,34.24,34.16968,34.1,34.23261,33.94,34.045002,33.68,34.12732
34.56,34.231785,34.16,34.227173,34.04,34.29095,33.82,34.097336,33.64,34.184586
34.24,34.173073,34.1,34.169342,33.94,34.23196,33.73,34.04136,33.57,34.127647
34.16,34.22363,34.04,34.221363,33.82,34.28721,33.68,34.090847,33.34,34.179543
34.1,34.340134,33.94,34.338562,33.73,34.40964,33.64,34.20397,33.19,34.295696
34.04,34.440243,33.82,34.437435,33.68,34.512417,33.57,34.30167,33.14,34.393837
33.94,34.416603,33.73,34.41355,33.64,34.488335,33.34,34.281326,32.97,34.368694
33.82,34.376476,33.68,34.373543,33.57,34.44552,33.19,34.242065,32.74,34.326378
33.73,34.36485,33.64,34.363613,33.34,34.43375,33.14,34.231052,32.67,34.311634
33.68,34.211304,33.57,34.209248,33.19,34.27276,32.97,34.08372,32.62,34.158127
33.64,33.82303,33.34,33.80367,33.14,33.8614,32.74,33.720478,32.62,33.7792
33.57,33.740627,33.19,33.71868,32.97,33.77153,32.67,33.6389,32.25,33.69582
33.34,33.67883,33.14,33.6561,32.74,33.70334,32.62,33.575516,32.01,33.631268
33.19,33.513443,32.97,33.489883,32.67,33.528812,32.62,33.41278,31.76,33.465332
33.14,33.31858,32.74,33.295208,32.62,33.32543,32.25,33.22114,31.55,33.271103
32.97,33.140636,32.67,33.118996,32.62,33.142445,32.01,33.04624,31.45,33.09518
32.74,33.02386,32.62,33.00361,32.25,33.022972,31.76,32.930943,31.38,32.980564
32.67,32.910645,32.62,32.89146,32.01,32.908325,31.55,32.821682,31.35,32.86987
32.62,32.802074,32.25,32.7836,31.76,32.79806,31.45,32.716198,31.32,32.764103
32.62,32.67637,32.01,32.658123,31.55,32.66991,31.38,32.594997,31.32,32.640633
32.25,32.529312,31.76,32.51214,31.45,32.52077,31.35,32.452633,31.35,32.4964
32.01,32.363564,31.55,32.34765,31.38,32.35213,31.32,32.291203,31.38,32.33311
31.76,32.270294,31.45,32.256126,31.35,32.259106,31.32,32.200703,31.38,32.242683
31.55,32.1664,31.38,32.152775,31.32,32.152878,31.35,32.098743,31.35,32.140293
31.45,32.01662,31.35,32.003475,31.32,32.00064,31.38,31.9544,31.32,31.992773
31.38,31.82891,31.32,31.81722,31.35,31.81007,31.38,31.771168,31.3,31.808363
31.35,31.681482,31.32,31.672012,31.38,31.661644,31.35,31.6268,31.3,31.664463
31.32,31.523268,31.35,31.515554,31.38,31.502094,31.32,31.472738,31.28,31.509485
31.32,31.377325,31.38,31.371378,31.35,31.356,31.3,31.331295,31.27,31.367508
31.35,31.255219,31.38,31.251066,31.32,31.234964,31.3,31.213602,31.26,31.24969
31.38,31.1629,31.35,31.159782,31.3,31.143717,31.28,31.125334,31.24,31.161015
31.38,31.090544,31.32,31.088255,31.3,31.072975,31.27,31.057402,31.22,31.091932
31.35,31.016981,31.3,31.015137,31.28,31.000135,31.26,30.987833,31.2,31.020872
31.32,30.953756,31.3,30.953575,31.27,30.939835,31.24,30.928877,31.15,30.9612
31.3,30.925991,31.28,30.927473,31.26,30.914988,31.22,30.902647,31.15,30.936386
31.3,30.937107,31.27,30.940054,31.24,30.930513,31.2,30.916092,31.17,30.950296
31.28,30.95674,31.26,30.96027,31.22,30.953533,31.15,30.93809,31.2,30.971651
31.27,30.987934,31.24,30.991943,31.2,30.987505,31.15,30.970108,31.2,31.004108
31.26,31.017359,31.22,31.021614,31.15,31.019045,31.17,31.000252,31.22,31.03419
31.24,31.035593,31.2,31.039886,31.15,31.038311,31.2,31.018677,31.22,31.052694
31.22,31.04465,31.15,31.04901,31.17,31.04805,31.2,31.028028,31.2,31.061954
31.2,31.047766,31.15,31.05212,31.2,31.051329,31.22,31.03113,31.22,31.065151
31.15,31.042877,31.17,31.047148,31.2,31.046164,31.22,31.026316,31.24,31.060204
31.15,31.032288,31.2,31.03639,31.22,31.035069,31.2,31.01596,31.24,31.049631
31.17,31.01073,31.2,31.014797,31.22,31.012865,31.22,30.994822,31.23,31.028223
31.2,30.986467,31.22,30.990582,31.2,30.98799,31.24,30.970987,31.22,31.00422
31.2,30.980846,31.22,30.985025,31.22,30.982763,31.24,30.96574,31.2,30.999428
31.22,30.987844,31.2,30.992083,31.24,30.990633,31.23,30.972834,31.2,31.00746
31.22,30.985653,31.22,30.990156,31.24,30.989017,31.22,30.970928,31.18,31.005787
31.2,30.986202,31.24,30.990868,31.23,30.990067,31.2,30.971788,31.18,31.00665
31.22,30.98755,31.24,30.992352,31.22,30.99187,31.2,30.973394,31.2,31.008245
31.24,30.988768,31.23,30.993658,31.2,30.993382,31.18,30.974724,31.22,31.009611
31.24,30.990377,31.22,30.995295,31.2,30.995209,31.18,30.976501,31.23,31.01132
31.23,30.989603,31.2,30.994608,31.18,30.994705,31.2,30.976013,31.23,31.010658
31.22,30.994175,31.2,30.999321,31.18,30.999718,31.22,30.980602,31.22,31.015434
31.2,31.005947,31.18,31.011284,31.2,31.01223,31.23,30.992334,31.2,31.027382
31.2,31.007322,31.18,31.012732,31.22,31.01351,31.23,30.993652,31.2,31.028248
31.18,30.999432,31.2,31.004896,31.23,31.005058,31.22,30.985876,31.22,31.019547
31.18,30.998716,31.22,31.003931,31.23,31.0038,31.2,30.98506,31.22,31.018412
31.2,30.992641,31.23,30.997787,31.22,30.99736,31.2,30.979048,31.18,31.01224
31.22,30.983643,31.23,30.988688,31.2,30.987762,31.22,30.96987,31.11,31.003113
31.23,30.97524,31.22,30.980284,31.2,30.979143,31.22,30.961752,31.09,30.994753
31.23,30.97012,31.2,30.97527,31.22,30.974068,31.18,30.956728,31.07,30.989817
31.22,30.969444,31.2,30.974709,31.22,30.973494,31.11,30.955952,31.05,30.989246
31.2,30.972996,31.22,30.978254,31.18,30.977188,31.09,30.959547,31.04,30.992775
31.2,30.974361,31.22,30.979567,31.11,30.978573,31.07,30.960953,31.02,30.994116
31.22,30.972612,31.18,30.977818,31.09,30.976763,31.05,30.9592,31.0,30.99238
31.22,30.970644,31.11,30.975838,31.07,30.974716,31.04,30.957264,30.96,30.99041
31.18,30.969574,31.09,30.97481,31.05,30.973745,31.02,30.956347,30.9,30.989426
31.11,30.970499,31.07,30.975798,31.04,30.974817,31.0,30.957243,30.85,30.990444
31.09,30.975449,31.05,30.980864,31.02,30.980093,30.96,30.962122,30.81,30.995464
31.07,30.981033,31.04,30.986387,31.0,30.985615,30.9,30.96741,30.78,31.00088
31.05,30.978037,31.02,30.9831,30.96,30.981981,30.85,30.96434,30.53,30.997509
31.04,30.962135,31.0,30.966982,30.9,30.965256,30.81,30.948751,30.25,30.981468
31.02,30.937046,30.96,30.941847,30.85,30.93923,30.78,30.923866,29.97,30.956453
31.0,30.91235,30.9,30.91722,30.81,30.91391,30.53,30.899559,29.52,30.931976
30.96,30.892012,30.85,30.897,30.78,30.893242,30.25,30.879694,29.2,30.911947
30.9,30.874372,30.81,30.879513,30.53,30.875408,29.97,30.862465,29.05,30.89466
30.85,30.861824,30.78,30.867062,30.25,30.86277,29.52,30.85019,29.03,30.88248
30.81,30.84294,30.53,30.848148,29.97,30.843355,29.2,30.831682,29.03,30.863731
30.78,30.815575,30.25,30.820698,29.52,30.815193,29.05,30.804977,29.05,30.836538
30.53,30.780836,29.97,30.786026,29.2,30.779757,29.03,30.771109,29.09,30.802238
30.25,30.747116,29.52,30.752615,29.05,30.745724,29.03,30.738178,29.11,30.7692
29.97,30.721256,29.2,30.727154,29.03,30.71973,29.05,30.712729,29.11,30.743929
29.52,30.690207,29.05,30.695875,29.03,30.687178,29.09,30.681734,29.09,30.712692
29.2,30.631357,29.03,30.636515,29.05,30.625736,29.11,30.623873,29.08,30.65352
29.05,30.538568,29.03,30.543686,29.09,30.529102,29.11,30.531078,29.08,30.560173
29.03,30.418657,29.05,30.423903,29.11,30.403872,29.09,30.410427,29.35,30.438953
29.03,30.27778,29.09,30.283476,29.11,30.258091,29.08,30.27013,29.33,30.297268
29.05,30.132135,29.11,30.138586,29.09,30.108616,29.08,30.125784,29.3,30.151842
29.09,29.989983,29.11,29.997581,29.08,29.964731,29.35,29.98633,29.3,30.011868
29.11,29.878798,29.09,29.887665,29.08,29.85345,29.33,29.877995,29.28,29.903301
29.11,29.79095,29.08,29.800907,29.35,29.766285,29.3,29.793324,29.26,29.817936
29.09,29.704971,29.08,29.715899,29.33,29.680964,29.3,29.710974,29.25,29.734123
29.08,29.61547,29.35,29.627716,29.3,29.593067,29.28,29.625978,29.24,29.647442
29.08,29.538006,29.33,29.551847,29.3,29.517668,29.26,29.552069,29.24,29.573034
29.35,29.484955,29.3,29.500301,29.28,29.46746,29.25,29.502504,29.22,29.523006
29.33,29.46998,29.3,29.48707,29.26,29.457062,29.24,29.490545,29.19,29.51167
29.3,29.483593,29.28,29.502195,29.25,29.47531,29.24,29.505693,29.18,29.5286
29.3,29.530249,29.26,29.55053,29.24,29.527855,29.22,29.553835,29.17,29.578598
29.28,29.600563,29.25,29.62113,29.24,29.601746,29.19,29.623758,29.15,29.650484
29.26,29.666063,29.24,29.68627,29.22,29.669691,29.18,29.68998,29.13,29.71627
29.25,29.710667,29.24,29.730114,29.19,29.714603,29.17,29.734188,29.05,29.760265
29.24,29.720533,29.22,29.739658,29.18,29.723951,29.15,29.74354,29.0,29.769554
29.24,29.724371,29.19,29.743229,29.17,29.727255,29.13,29.747097,28.83,29.772892
29.22,29.724815,29.18,29.743496,29.15,29.727228,29.05,29.747261,28.71,29.772999
29.19,29.72447,29.17,29.743128,29.13,29.726652,29.0,29.7467,28.66,29.772505
29.18,29.728653,29.15,29.747316,29.05,29.730844,28.83,29.750673,28.61,29.776598
29.17,29.738037,29.13,29.756702,29.0,29.74019,28.71,29.75953,28.57,29.785755
29.15,29.736023,29.05,29.75392,28.83,29.7364,28.66,29.756746,28.57,29.782639
29.13,29.71858,29.0,29.73612,28.71,29.717976,28.61,29.74002,28.61,29.764687
29.05,29.688292,28.83,29.705889,28.66,29.686348,28.57,29.709093,28.64,29.73429
29.0,29.660702,28.71,29.678707,28.61,29.65835,28.57,29.681656,28.64,29.70687
28.83,29.65504,28.66,29.673119,28.57,29.652714,28.61,29.676224,28.61,29.701303
28.71,29.646608,28.61,29.664598,28.57,29.643837,28.64,29.667793,28.59,29.692726
28.66,29.635057,28.57,29.652977,28.61,29.631767,28.64,29.656424,28.57,29.68097
28.61,29.61826,28.57,29.635763,28.64,29.613514,28.61,29.639473,28.57,29.66348
28.57,29.591175,28.61,29.608294,28.64,29.584816,28.59,29.61275,28.56,29.635704
28.57,29.556007,28.64,29.573025,28.61,29.548182,28.57,29.577791,28.56,29.600191
28.61,29.515625,28.64,29.532951,28.59,29.506733,28.57,29.537546,28.55,29.559855
28.64,29.481642,28.61,29.499313,28.57,29.472136,28.56,29.503893,28.55,29.526093
28.64,29.45203,28.59,29.470037,28.57,29.44227,28.56,29.474863,28.55,29.496862
28.61,29.422565,28.57,29.441055,28.56,29.412868,28.55,29.44605,28.53,29.468018
28.59,29.395958,28.57,29.414946,28.56,29.386541,28.55,29.42016,28.53,29.442112
28.57,29.377563,28.56,29.397087,28.55,29.368889,28.55,29.402668,28.52,29.42451
28.57,29.363993,28.56,29.383816,28.55,29.355824,28.53,29.38983,28.52,29.411526
28.56,29.354382,28.55,29.37478,28.55,29.347498,28.53,29.381311,28.5,29.402925
28.56,29.352201,28.55,29.373161,28.53,29.346563,28.52,29.379498,28.48,29.40173
28.55,29.355753,28.55,29.377163,28.53,29.351458,28.52,29.383623,28.47,29.40613
28.55,29.366018,28.53,29.387579,28.52,29.362827,28.5,29.394356,28.47,29.417038
28.55,29.373182,28.53,29.394875,28.52,29.370743,28.48,29.401731,28.46,29.424652
28.53,29.378134,28.52,29.399872,28.5,29.376038,28.47,29.406704,28.46,29.429785
28.53,29.381039,28.52,29.402662,28.48,29.378908,28.47,29.409664,28.46,29.432613
28.52,29.379713,28.5,29.401169,28.47,29.37725,28.46,29.408344,28.48,29.431087
28.52,29.372753,28.48,29.394127,28.47,29.369844,28.46,29.40139,28.5,29.42394
28.5,29.364933,28.47,29.386421,28.46,29.36193,28.46,29.393654,28.53,29.416191
28.48,29.359568,28.47,29.381197,28.46,29.356606,28.48,29.388279,28.53,29.410984
28.47,29.357582,28.46,29.379362,28.46,29.354885,28.5,29.38644,28.52,29.409182
28.47,29.357872,28.46,29.379652,28.48,29.355225,28.53,29.38673,28.52,29.409544
28.46,29.36144,28.46,29.383135,28.5,29.359264,28.53,29.390385,28.5,29.41401
28.46,29.359903,28.48,29.381607,28.53,29.357862,28.52,29.388767,28.48,29.412947
28.46,29.35552,28.5,29.377346,28.53,29.353613,28.52,29.384407,28.47,29.40893
28.48,29.372427,28.53,29.393425,28.52,29.371586,28.5,29.401907,28.46,29.428236
28.5,29.36849,28.53,29.389587,28.52,29.367779,28.48,29.398106,28.44,29.424564
28.53,29.364033,28.52,29.385233,28.5,29.363415,28.47,29.393808,28.44,29.420246
28.53,29.359732,28.52,29.381077,28.48,29.359257,28.46,29.389633,28.44,29.41608
28.52,29.35808,28.5,29.379564,28.47,29.3579,28.44,29.38818,28.46,29.414627
28.52,29.360071,28.48,29.381716,28.46,29.36035,28.44,29.390287,28.47,29.416952
28.5,29.363453,28.47,29.385195,28.44,29.364113,28.44,29.393759,28.48,29.420528
28.48,29.361345,28.46,29.383007,28.44,29.36156,28.46,29.391935,28.48,29.417458
28.47,29.363506,28.44,29.385088,28.44,29.363575,28.47,29.394213,28.47,29.419127
28.46,29.365738,28.44,29.3872,28.46,29.365578,28.48,29.396427,28.47,29.420965
28.44,29.353016,28.44,29.375385,28.47,29.35192,28.48,29.382761,28.46,29.405981
28.44,29.352938,28.46,29.375214,28.48,29.351582,28.47,29.382612,28.45,29.405628
28.44,29.351881,28.47,29.374144,28.48,29.350384,28.47,29.381481,28.44,29.4045
28.46,29.350452,28.48,29.3726,28.47,29.34863,28.46,29.379929,28.43,29.402887
28.47,29.347439,28.48,29.369492,28.47,29.345297,28.45,29.376907,28.43,29.39968
28.48,29.350113,28.47,29.371683,28.46,29.348167,28.44,29.379826,28.45,29.403515
28.48,29.345022,28.47,29.366722,28.45,29.343298,28.43,29.374743,28.48,29.399033
28.47,29.33996,28.46,29.361795,28.44,29.338264,28.43,29.369656,28.5,29.394112
28.47,29.33708,28.45,29.359066,28.43,29.335558,28.45,29.36688,28.53,29.39138
28.46,29.337626,28.44,29.359692,28.43,29.33638,28.48,29.367552,28.55,29.392101
28.45,29.33836,28.43,29.36049,28.45,29.33728,28.5,29.36835,28.57,29.392935
28.44,29.339533,28.43,29.36171,28.48,29.338642,28.53,29.369604,28.57,29.394186
28.43,29.341003,28.45,29.363178,28.5,29.340202,28.55,29.371105,28.59,29.395681
28.43,29.34214,28.48,29.364332,28.53,29.34144,28.57,29.37229,28.61,29.396845
28.45,29.34316,28.5,29.365337,28.55,29.342455,28.57,29.37326,28.61,29.397856
28.48,29.33573,28.53,29.358185,28.57,29.334255,28.59,29.36557,28.59,29.388964
28.5,29.334215,28.55,29.356565,28.57,29.332323,28.61,29.364046,28.57,29.386919
28.53,29.33367,28.57,29.356037,28.59,29.332056,28.61,29.363522,28.55,29.38699
28.55,29.33243,28.57,29.354912,28.61,29.331104,28.59,29.362223,28.54,29.38627
28.57,29.332087,28.59,29.354687,28.61,29.331013,28.57,29.36195,28.53,29.386124
28.57,29.335165,28.61,29.357885,28.59,29.334509,28.55,29.365124,28.53,29.389448
28.59,29.340828,28.61,29.363644,28.57,29.340662,28.54,29.370779,28.51,29.395466
28.61,29.34813,28.59,29.37102,28.55,29.34847,28.53,29.37816,28.5,29.403017
28.61,29.356525,28.57,29.37938,28.54,29.357204,28.53,29.386505,28.5,29.41154
28.59,29.364765,28.55,29.38763,28.53,29.36585,28.51,29.394796,28.48,29.419937
28.57,29.37422,28.54,29.397087,28.53,29.375671,28.5,29.404179,28.48,29.429472
28.55,29.384169,28.53,29.40697,28.51,29.385788,28.5,29.414007,28.5,29.439224
28.54,29.390532,28.53,29.41316,28.5,29.391771,28.48,29.420263,28.5,29.444794
28.53,29.394672,28.51,29.417013,28.5,29.395304,28.48,29.424269,28.52,29.448158
28.53,29.395311,28.5,29.417383,28.48,29.395315,28.5,29.424694,28.53,29.448328
28.51,29.391825,28.5,29.4137,28.48,29.391155,28.5,29.420979,28.54,29.444418
28.5,29.38631,28.48,29.408058,28.5,29.384989,28.52,29.415333,28.55,29.438433
28.5,29.380852,28.48,29.402517,28.5,29.37904,28.53,29.409761,28.55,29.432686
28.48,29.375376,28.5,29.397,28.52,29.373167,28.54,29.404188,28.56,29.42701
28.48,29.369926,28.5,29.391499,28.53,29.36732,28.55,29.398682,28.58,29.421364
28.5,29.363852,28.52,29.385374,28.54,29.360891,28.55,29.392609,28.61,29.415117
28.5,29.356266,28.53,29.377747,28.55,29.352913,28.56,29.385033,28.61,29.407393
28.52,29.348194,28.54,29.36977,28.55,29.344728,28.58,29.37712,28.64,29.39936
28.53,29.342379,28.55,29.364147,28.56,29.33907,28.61,29.371393,28.65,29.393757
28.54,29.33981,28.55,29.361765,28.58,29.336813,28.61,29.368948,28.66,29.39144
28.55,29.341246,28.56,29.363344,28.61,29.338713,28.64,29.370602,28.66,29.393166
28.55,29.344162,28.58,29.366346,28.61,29.341993,28.65,29.3736,28.65,29.396309
28.56,29.346786,28.61,29.369036,28.64,29.344925,28.66,29.376337,28.64,29.399113
28.58,29.3503,28.61,29.372618,28.65,29.348791,28.66,29.379955,28.64,29.402822
28.61,29.353926,28.64,29.37629,28.66,29.352661,28.65,29.383554,28.63,29.406574
28.61,29.357914,28.65,29.380299,28.66,29.356943,28.64,29.38763,28.61,29.41072
28.64,29.362965,28.66,29.38541,28.65,29.362371,28.64,29.392744,28.59,29.415972
28.65,29.369062,28.66,29.391617,28.64,29.368885,28.63,29.39877,28.57,29.422268
28.66,29.376528,28.65,29.399017,28.64,29.37656,28.61,29.406172,28.57,29.429771
28.66,29.384932,28.64,29.407387,28.63,29.385311,28.59,29.414658,28.59,29.43826
28.65,29.391594,28.64,29.413965,28.61,29.391996,28.57,29.42108,28.6,29.444878
28.64,29.397104,28.63,29.419436,28.59,29.397621,28.57,29.426556,28.6,29.450348
28.64,29.40812,28.61,29.430305,28.57,29.409033,28.59,29.437416,28.58,29.461908
28.63,29.412403,28.59,29.434456,28.57,29.413187,28.6,29.44155,28.56,29.466051
28.61,29.416788,28.57,29.438753,28.59,29.417591,28.6,29.44579,28.55,29.470549
28.59,29.420261,28.57,29.442167,28.6,29.421072,28.58,29.449043,28.54,29.474154
28.57,29.422338,28.59,29.444132,28.6,29.422945,28.56,29.450909,28.56,29.476124
28.57,29.42432,28.6,29.445955,28.58,29.424711,28.55,29.45268,28.58,29.478157
28.59,29.421843,28.6,29.443336,28.56,29.421774,28.54,29.45011,28.58,29.475384
28.6,29.415955,28.58,29.43729,28.55,29.415222,28.56,29.444006,28.6,29.469145
28.6,29.408495,28.56,29.429789,28.54,29.40738,28.58,29.436596,28.61,29.461546
28.58,29.401598,28.55,29.422945,28.56,29.400263,28.58,29.429663,28.63,29.454666
28.56,29.389961,28.54,29.411453,28.58,29.38814,28.6,29.418102,28.63,29.442429
28.55,29.387451,28.56,29.409042,28.58,29.38572,28.61,29.415676,28.63,29.439993
28.54,29.385489,28.58,29.407068,28.6,29.383602,28.63,29.413774,28.61,29.437784
28.56,29.394302,28.58,29.415321,28.61,29.392878,28.63,29.42312,28.6,29.447702
28.58,29.404581,28.6,29.425167,28.63,29.403908,28.63,29.433767,28.59,29.459488
28.58,29.399277,28.61,29.419935,28.63,29.398552,28.61,29.428516,28.59,29.454254
28.6,29.395227,28.63,29.41608,28.63,29.394753,28.6,29.424627,28.58,29.450438
28.61,29.39539,28.63,29.416452,28.61,29.395344,28.59,29.424856,28.58,29.450903
28.63,29.398409,28.63,29.419552,28.6,29.398674,28.59,29.427935,28.59,29.454063
28.63,29.402706,28.61,29.423834,28.59,29.403194,28.58,29.432367,28.61,29.458412
28.63,29.409405,28.6,29.430555,28.59,29.410398,28.58,29.438929,28.63,29.465752
28.61,29.417898,28.59,29.439154,28.58,29.419659,28.59,29.447298,28.65,29.475176
28.6,29.420223,28.59,29.441519,28.58,29.422186,28.61,29.449606,28.65,29.477634
28.59,29.40881,28.58,29.430464,28.59,29.410088,28.63,29.43813,28.68,29.4648
28.59,29.41445,28.58,29.435959,28.61,29.416037,28.65,29.44409,28.7,29.470713
28.58,29.453575,28.59,29.474308,28.63,29.45619,28.65,29.482368,28.72,29.511633
28.58,29.468819,28.61,29.48957,28.65,29.472206,28.68,29.497053,28.74,29.527924
28.59,29.46944,28.63,29.490055,28.65,29.472569,28.7,29.497625,28.76,29.52834
28.61,29.468721,28.65,29.48925,28.68,29.471594,28.72,29.496788,28.78,29.527477
28.63,29.465584,28.65,29.48606,28.7,29.468151,28.74,29.493559,28.83,29.524181
28.65,29.456398,28.68,29.476736,28.72,29.458256,28.76,29.484612,28.87,29.514233
28.65,29.446262,28.7,29.466518,28.74,29.447418,28.78,29.474672,28.92,29.50334
28.68,29.463533,28.72,29.483904,28.76,29.466038,28.83,29.491678,28.97,29.522236
28.7,29.473953,28.74,29.494555,28.78,29.47744,28.87,29.501831,29.03,29.533718
28.72,29.471083,28.76,29.492012,28.83,29.47461,28.92,29.498726,29.54,29.530533
28.74,29.441343,28.78,29.46287,28.87,29.444292,28.97,29.470232,29.56,29.499237
28.76,29.43956,28.83,29.46105,28.92,29.442162,29.03,29.468681,29.59,29.496578
28.78,29.449253,28.87,29.470726,28.97,29.452297,29.54,29.4784,29.61,29.506422
28.83,29.460598,28.92,29.482014,29.03,29.46409,29.56,29.489784,29.61,29.517883
28.87,29.472992,28.97,29.494331,29.54,29.476892,29.59,29.502096,29.62,29.53041
28.92,29.485624,29.03,29.50683,29.56,29.48984,29.61,29.514664,29.62,29.543064
28.97,29.498295,29.54,29.519361,29.59,29.502806,29.61,29.527327,29.61,29.555685
29.03,29.495562,29.56,29.51682,29.61,29.499601,29.62,29.524456,29.64,29.551817
29.54,29.500633,29.59,29.521954,29.61,29.504614,29.62,29.52946,29.71,29.55626
29.56,29.503565,29.61,29.525364,29.62,29.507265,29.61,29.531813,29.75,29.557898
29.59,29.516773,29.61,29.538488,29.62,29.520708,29.64,29.545128,29.81,29.570604
29.61,29.568266,29.62,29.5909,29.61,29.575836,29.71,29.597227,29.84,29.62324
29.61,29.64789,29.62,29.670977,29.64,29.65783,29.75,29.674347,30.05,29.703068
29.62,29.687521,29.61,29.709875,29.71,29.699373,29.81,29.716051,30.71,29.742346
29.62,29.87578,29.64,29.897085,29.75,29.892399,29.84,29.900566,31.07,29.932281
29.61,30.043728,29.71,30.064745,29.81,30.064833,30.05,30.06394,31.48,30.102148
29.64,30.16299,29.75,30.183064,29.84,30.186073,30.71,30.179926,31.82,30.22182
29.71,30.226141,29.81,30.244629,30.05,30.248075,31.07,30.2409,32.03,30.283104
29.75,30.31545,29.84,30.33284,30.71,30.338072,31.48,30.3275,32.29,30.37205
29.81,30.569084,30.05,30.586271,31.07,30.595736,31.82,30.570309,32.31,30.624567
29.84,30.656315,30.71,30.6729,31.48,30.68378,32.03,30.65421,32.19,30.711264
30.05,30.691683,31.07,30.706182,31.82,30.715492,32.29,30.686487,32.13,30.743496
30.71,30.70944,31.48,30.722893,32.03,30.732126,32.31,30.704304,31.95,30.759956
31.07,30.639742,31.82,30.654716,32.29,30.662487,32.19,30.63525,31.81,30.692875
31.48,30.800566,32.03,30.816038,32.31,30.825079,32.13,30.788515,31.85,30.849796
31.82,31.103277,32.29,31.11849,32.19,31.133339,31.95,31.082762,31.9,31.14611
32.03,31.441648,32.31,31.457724,32.13,31.484297,31.81,31.414427,31.89,31.485676
32.29,32.132656,32.19,32.149273,31.95,32.197765,31.85,32.091522,31.12,32.174225
32.31,32.687702,32.13,32.70068,31.81,32.76759,31.9,32.63614,31.35,32.72466
32.19,32.66311,31.95,32.669228,31.85,32.7363,31.89,32.616856,32.15,32.695988
32.13,32.84612,31.81,32.847355,31.9,32.919197,31.12,32.797455,31.94,32.872105
31.95,33.057194,31.85,33.056038,31.89,33.13289,31.35,33.003647,31.98,33.077713
31.81,33.208447,31.9,33.20614,31.12,33.28583,32.15,33.15152,32.13,33.223534
31.85,33.11174,31.89,33.11046,31.35,33.184597,31.94,33.05676,32.36,33.124783
31.9,32.929535,31.12,32.929337,32.15,32.994663,31.98,32.877274,32.46,32.941807
31.89,32.739613,31.35,32.73978,31.94,32.796127,32.13,32.689972,32.49,32.751534
31.12,32.585457,32.15,32.585873,31.98,32.632275,32.36,32.53547,32.37,32.593678
31.35,32.322826,31.94,32.322876,32.13,32.35745,32.46,32.27535,32.25,32.33086
32.15,32.076736,31.98,32.076557,32.36,32.10071,32.49,32.032566,32.19,32.083992
31.94,31.932377,32.13,31.929548,32.46,31.944359,32.37,31.886395,32.26,31.935457
31.98,31.749172,32.36,31.745192,32.49,31.754349,32.25,31.708544,32.37,31.752306
32.13,31.567932,32.46,31.566463,32.37,31.571636,32.19,31.530302,32.61,31.575426
32.36,31.50784,32.49,31.508978,32.25,31.511513,32.26,31.46784,33.07,31.516567
32.46,31.551098,32.37,31.552856,32.19,31.559158,32.37,31.514246,33.4,31.560436
32.49,31.614891,32.25,31.616474,32.26,31.626656,32.61,31.578867,33.55,31.625757
32.37,31.625834,32.19,31.628643,32.37,31.640675,33.07,31.590988,33.48,31.63785
32.25,31.715006,32.26,31.718348,32.61,31.733454,33.4,31.678833,33.38,31.726482
32.19,31.821363,32.37,31.824202,33.07,31.842648,33.55,31.78396,33.38,31.831425
32.26,31.889072,32.61,31.890245,33.4,31.910536,33.48,31.851099,33.32,31.897497
32.37,32.013996,33.07,32.015934,33.55,32.04195,33.38,31.975492,33.28,32.024086
32.61,32.176357,33.4,32.177677,33.48,32.20622,33.38,32.129642,33.35,32.184895
33.07,32.269417,33.55,32.2679,33.38,32.296947,33.32,32.22067,33.7,32.273106
33.4,32.26567,33.48,32.26219,33.38,32.29225,33.28,32.22044,34.06,32.269283
33.55,32.368855,33.38,32.36614,33.32,32.397396,33.35,32.315575,34.23,32.37307
33.48,32.5378,33.38,32.535023,33.28,32.573143,33.7,32.481857,34.32,32.54257
33.38,32.869553,33.32,32.86424,33.35,32.912785,34.06,32.804726,34.44,32.871563
33.38,33.217407,33.28,33.209362,33.7,33.26812,34.23,33.141865,34.76,33.215206
33.32,33.47823,33.35,33.46779,34.06,33.533024,34.32,33.392555,35.0,33.47144
33.28,33.64538,33.7,33.633934,34.23,33.70418,34.44,33.554996,35.29,33.635708
33.35,33.85235,34.06,33.840096,34.32,33.91542,34.76,33.75239,35.49,33.839157
33.7,33.98947,34.23,33.97686,34.44,34.055386,35.0,33.883465,35.61,33.973164
34.06,34.288044,34.32,34.274685,34.76,34.361664,35.29,34.16863,35.67,34.267033
34.23,34.511475,34.44,34.49763,35.0,34.591503,35.49,34.382206,35.67,34.4867
34.32,34.656055,34.76,34.64211,35.29,34.74017,35.61,34.520103,35.64,34.628147
34.44,34.745476,35.0,34.731556,35.49,34.83147,35.67,34.604248,35.55,34.715145
34.76,34.830692,35.29,34.815926,35.61,34.9171,35.67,34.684044,35.47,34.79716
35.0,34.964775,35.49,34.949257,35.67,35.052525,35.64,34.809044,35.37,34.926662
35.29,35.10408,35.61,35.087597,35.67,35.19543,35.55,34.94147,35.26,35.063206
35.49,35.314766,35.67,35.296265,35.64,35.413445,35.47,35.143833,35.15,35.2722
35.61,35.470875,35.67,35.449734,35.55,35.574806,35.37,35.29541,35.05,35.426632
35.67,35.617096,35.64,35.593506,35.47,35.72764,35.26,35.44049,34.96,35.571007
35.67,35.597546,35.55,35.57445,35.37,35.708103,35.15,35.424896,35.01,35.548542
35.64,35.756084,35.47,35.73037,35.26,35.872337,35.05,35.578438,35.01,35.704666
35.55,35.78785,35.37,35.761444,35.15,35.902603,34.96,35.607224,35.01,35.73305
35.47,35.67308,35.26,35.651535,35.05,35.784042,35.01,35.495285,35.22,35.61432
35.37,35.572002,35.15,35.5551,34.96,35.677166,35.01,35.39314,35.28,35.50772
35.26,35.485374,35.05,35.468292,35.01,35.58054,35.01,35.305054,35.31,35.41459
35.15,35.395977,34.96,35.375835,35.01,35.479374,35.22,35.215633,35.31,35.319668
35.05,35.329758,35.01,35.309612,35.01,35.40446,35.28,35.146435,35.4,35.24803
34.96,35.185814,35.01,35.162083,35.22,35.246853,35.31,35.005886,35.41,35.100044
35.01,35.0384,35.01,35.0139,35.28,35.08883,35.31,34.86151,35.41,34.950016
35.01,34.917477,35.22,34.89264,35.31,34.959827,35.4,34.742992,35.39,34.827263
35.01,34.800236,35.28,34.7754,35.31,34.83706,35.41,34.629704,35.3,34.71076
35.22,34.675983,35.31,34.65125,35.4,34.707546,35.41,34.51055,35.18,34.5872
35.28,34.934284,35.31,34.926228,35.41,34.989536,35.39,34.75051,35.19,34.844162
35.31,35.02095,35.4,35.01171,35.41,35.081852,35.3,34.834965,35.19,34.934986
35.31,35.119144,35.41,35.1088,35.39,35.186924,35.18,34.931152,35.19,35.03804
35.4,35.26628,35.41,35.255245,35.3,35.342842,35.19,35.07261,35.19,35.1897
35.41,35.346203,35.39,35.333477,35.18,35.427845,35.19,35.151917,35.19,35.27378
35.41,35.356575,35.3,35.343018,35.19,35.43897,35.19,35.16342,35.22,35.28496
35.39,35.377827,35.18,35.364006,35.19,35.46191,35.19,35.185253,35.27,35.306744
35.3,35.454945,35.19,35.440006,35.19,35.54265,35.19,35.260765,35.3,35.38499
35.18,35.390667,35.19,35.377747,35.19,35.47552,35.22,35.1991,35.34,35.316998
35.19,35.380085,35.19,35.367855,35.19,35.463913,35.27,35.187866,35.36,35.304253
35.19,35.345104,35.19,35.329304,35.22,35.4238,35.3,35.155422,35.41,35.26859
35.19,35.264294,35.19,35.24887,35.27,35.33678,35.34,35.076363,35.47,35.184196
35.19,35.12701,35.22,35.110924,35.3,35.189896,35.36,34.943176,35.51,35.043446
35.19,34.923134,35.27,34.897297,35.34,34.970158,35.41,34.75217,35.53,34.84168
35.22,34.930138,35.3,34.905426,35.36,34.9783,35.47,34.757984,35.59,34.84902
35.27,34.974407,35.34,34.950535,35.41,35.0259,35.51,34.800076,35.61,34.894997
35.3,35.115936,35.36,35.094616,35.47,35.17699,35.53,34.935093,35.57,35.03843
35.34,35.15029,35.41,35.128986,35.51,35.213676,35.59,34.968006,35.55,35.073925
35.36,35.2165,35.47,35.194935,35.53,35.28414,35.61,35.031925,35.54,35.14314
35.41,35.307636,35.51,35.285477,35.59,35.380398,35.57,35.120056,35.46,35.23701
35.47,35.318012,35.53,35.29595,35.61,35.39216,35.55,35.13102,35.37,35.248024
35.51,35.373222,35.59,35.350708,35.57,35.45053,35.54,35.184963,35.31,35.30459
35.53,35.49312,35.61,35.468754,35.55,35.575573,35.46,35.30168,35.28,35.425816
35.59,35.549194,35.57,35.524067,35.54,35.634014,35.37,35.35578,35.19,35.481922
35.61,35.520725,35.55,35.49574,35.46,35.604527,35.31,35.329605,35.15,35.453247
35.57,35.58302,35.54,35.557365,35.37,35.669323,35.28,35.38921,35.09,35.515587
35.55,35.527706,35.46,35.500298,35.31,35.6089,35.19,35.336433,35.03,35.458595
35.54,35.551567,35.37,35.52367,35.28,35.633297,35.15,35.359146,34.91,35.482185
35.46,35.550274,35.31,35.52202,35.19,35.631184,35.09,35.35802,34.79,35.47999
35.37,35.555046,35.28,35.526608,35.15,35.63582,35.03,35.362514,34.62,35.484516
35.31,35.438206,35.19,35.41018,35.09,35.5114,34.91,35.24862,34.44,35.364487
35.28,35.44551,35.15,35.41742,35.03,35.51848,34.79,35.255013,34.39,35.371407
35.19,35.477978,35.09,35.449715,34.91,35.551636,34.62,35.284805,34.59,35.403496
35.15,35.46642,35.03,35.438496,34.79,35.53932,34.44,35.272858,34.66,35.391804
35.09,35.409996,34.91,35.382557,34.62,35.480095,34.39,35.218224,34.56,35.334957
35.03,35.29031,34.79,35.26384,34.44,35.353973,34.59,35.102016,34.56,35.213074
34.91,35.208145,34.62,35.18196,34.39,35.267326,34.66,35.022495,34.56,35.129677
34.79,35.047874,34.44,35.021942,34.59,35.098892,34.56,34.868183,34.6,34.967937
34.62,34.931763,34.39,34.90575,34.66,34.9768,34.56,34.75615,34.69,34.850925
34.44,34.806408,34.59,34.779694,34.56,34.844696,34.56,34.63574,34.66,34.724865
34.39,34.746216,34.66,34.71944,34.56,34.782642,34.6,34.57836,34.6,34.666286
34.59,34.680565,34.56,34.65477,34.56,34.71594,34.69,34.515488,34.54,34.601986
34.66,34.953873,34.56,34.95813,34.6,35.02198,34.66,34.76708,34.48,34.86897
34.56,34.947193,34.56,34.950794,34.69,35.0165,34.6,34.762714,34.42,34.86328
34.56,34.886154,34.6,34.888515,34.66,34.953808,34.54,34.706257,34.33,34.805065
34.56,34.875137,34.69,34.875862,34.6,34.942062,34.48,34.696495,34.21,34.796516
34.6,34.89714,34.66,34.895634,34.54,34.96517,34.42,34.71966,34.09,34.82166
34.69,34.87044,34.6,34.86705,34.48,34.93719,34.33,34.69599,34.0,34.797066
34.66,34.83039,34.54,34.825745,34.42,34.895275,34.21,34.6583,34.02,34.758778
34.6,34.80308,34.48,34.79798,34.33,34.867317,34.09,34.632996,34.04,34.732605
34.54,34.783134,34.42,34.77785,34.21,34.847298,34.0,34.614727,33.94,34.71353
34.48,34.76881,34.33,34.763607,34.09,34.832104,34.02,34.600838,33.77,34.698093
34.42,34.4527,34.21,34.43747,34.0,34.498543,34.04,34.305496,33.61,34.386703
34.33,34.181175,34.09,34.156746,34.02,34.209538,33.94,34.047626,33.48,34.117985
34.21,34.130043,34.0,34.104206,34.04,34.154873,33.77,33.999134,33.36,34.06574
34.09,34.046165,34.02,34.01936,33.94,34.067238,33.61,33.919548,33.24,33.98172
34.0,33.897427,34.04,33.869576,33.77,33.912518,33.48,33.777546,33.12,33.834103
34.02,33.827553,33.94,33.799637,33.61,33.839645,33.36,33.7092,33.0,33.76457
34.04,33.762577,33.77,33.734756,33.48,33.772636,33.24,33.6466,32.95,33.70018
33.94,33.675465,33.61,33.647778,33.36,33.68305,33.12,33.562588,32.81,33.614414
33.77,33.583485,33.48,33.556183,33.24,33.588745,33.0,33.4738,32.68,33.523994
33.61,33.51533,33.36,33.48924,33.12,33.51984,32.95,33.407475,32.6,33.457478
33.48,33.45764,33.24,33.432266,33.0,33.461334,32.81,33.351368,32.49,33.401432
33.36,33.395966,33.12,33.3711,32.95,33.39872,32.68,33.29194,32.39,33.341297
33.24,33.323765,33.0,33.29978,32.81,33.32577,32.6,33.222225,32.35,33.271156
33.12,33.21701,32.95,33.193913,32.68,33.217163,32.49,33.118713,32.3,33.166885
33.0,33.10216,32.81,33.080235,32.6,33.10039,32.39,33.006893,32.25,33.054596
32.95,32.99721,32.68,32.97635,32.49,32.994152,32.35,32.905098,32.22,32.952446
32.81,32.897713,32.6,32.877743,32.39,32.89366,32.3,32.809025,32.18,32.855797
32.68,32.799778,32.49,32.78066,32.35,32.794834,32.25,32.714527,32.12,32.76066
32.6,32.700336,32.39,32.681866,32.3,32.694214,32.22,32.618576,32.05,32.663765
32.49,32.572613,32.35,32.55474,32.25,32.56365,32.18,32.494186,32.0,32.53773
32.39,32.44288,32.3,32.42627,32.22,32.43209,32.12,32.36801,31.95,32.410427
32.35,32.315685,32.25,32.30069,32.18,32.303783,32.05,32.24396,31.91,32.286346
32.3,32.19836,32.22,32.184498,32.12,32.1857,32.0,32.130493,31.9,32.17202
32.25,32.110126,32.18,32.09737,32.05,32.09792,31.95,32.045967,31.9,32.086773
32.22,32.029747,32.12,32.018093,32.0,32.018414,31.91,31.969252,31.92,32.009487
32.18,31.956364,32.05,31.945885,31.95,31.945873,31.9,31.89882,31.95,31.938955
32.12,31.892975,32.0,31.883419,31.91,31.883476,31.9,31.838491,31.97,31.87821
32.05,31.83788,31.95,31.829203,31.9,31.829557,31.92,31.786299,32.0,31.825668
32.0,31.790659,31.91,31.78299,31.9,31.783228,31.95,31.740961,32.0,31.780348
31.95,31.745789,31.9,31.73921,31.92,31.739582,31.97,31.698349,31.98,31.737421
31.91,31.702385,31.9,31.696844,31.95,31.697046,32.0,31.656511,31.97,31.695772
31.9,31.664494,31.92,31.659735,31.97,31.65991,32.0,31.620323,31.95,31.65936
31.9,31.630342,31.95,31.626276,32.0,31.626629,31.98,31.588,31.95,31.626703
31.92,31.607998,31.97,31.604458,32.0,31.605333,31.97,31.567081,31.92,31.605976
31.95,31.581217,32.0,31.578274,31.98,31.579273,31.95,31.541618,31.9,31.580389
31.97,31.558174,32.0,31.555742,31.97,31.55704,31.95,31.519966,31.87,31.558481
32.0,31.538557,31.98,31.536694,31.95,31.538296,31.92,31.5015,31.87,31.539978
32.0,31.52587,31.97,31.524542,31.95,31.526558,31.9,31.489698,31.89,31.52826
31.98,31.520779,31.95,31.519897,31.92,31.522547,31.87,31.48545,31.89,31.524002
31.97,31.5221,31.95,31.521685,31.9,31.525131,31.87,31.487461,31.9,31.526094
31.95,31.53071,31.92,31.530718,31.87,31.534992,31.89,31.496338,31.92,31.535292
31.95,31.54497,31.9,31.545208,31.87,31.550337,31.89,31.510725,31.92,31.549849
31.92,31.559507,31.87,31.559864,31.89,31.565804,31.9,31.525444,31.92,31.564579
31.9,31.563272,31.87,31.563742,31.89,31.569893,31.92,31.529331,31.9,31.56825
31.87,31.574097,31.89,31.574598,31.9,31.581158,31.92,31.54005,31.87,31.579062
31.87,31.581497,31.89,31.581882,31.92,31.58856,31.92,31.547216,31.86,31.586267
31.89,31.581455,31.9,31.581696,31.92,31.588213,31.9,31.547112,31.86,31.586
31.89,31.57175,31.92,31.571766,31.92,31.577728,31.87,31.53739,31.88,31.57606
31.9,31.554916,31.92,31.554842,31.9,31.560217,31.86,31.520859,31.88,31.559217
31.92,31.536604,31.92,31.53655,31.87,31.541319,31.86,31.50276,31.91,31.54106
31.92,31.521765,31.9,31.521795,31.86,31.52621,31.88,31.488262,31.91,31.526445
31.92,31.512268,31.87,31.512457,31.86,31.516815,31.88,31.479149,31.91,31.517284
31.9,31.508429,31.86,31.508802,31.88,31.513275,31.91,31.475523,31.88,31.513771
31.87,31.510206,31.86,31.510736,31.88,31.515476,31.91,31.477448,31.86,31.515783
31.86,31.513662,31.88,31.514238,31.91,31.519217,31.91,31.480991,31.85,31.519335
31.86,31.51548,31.88,31.516085,31.91,31.521255,31.88,31.482946,31.84,31.521236
31.88,31.514965,31.91,31.515541,31.91,31.52073,31.86,31.482456,31.84,31.520746
31.88,31.514053,31.91,31.51469,31.88,31.519966,31.85,31.481722,31.82,31.519943
31.91,31.513815,31.91,31.51448,31.86,31.519762,31.84,31.481438,31.82,31.519764
31.91,31.514559,31.88,31.515253,31.85,31.520609,31.84,31.482244,31.84,31.520533
31.91,31.514837,31.86,31.515512,31.84,31.520916,31.82,31.482574,31.86,31.52083
31.88,31.515057,31.85,31.515793,31.84,31.52127,31.82,31.482838,31.72,31.521128
31.86,31.515924,31.84,31.516642,31.82,31.522076,31.84,31.483574,31.75,31.521957
31.85,31.516108,31.84,31.516827,31.82,31.5223,31.86,31.483866,31.35,31.522123
31.84,31.51271,31.82,31.513325,31.84,31.518581,31.72,31.480398,31.14,31.518644
31.84,31.506712,31.82,31.50731,31.86,31.51243,31.75,31.474634,30.89,31.512676
31.82,31.501307,31.84,31.50196,31.72,31.506983,31.35,31.469332,30.6,31.507414
31.82,31.499084,31.86,31.499817,31.75,31.504793,31.14,31.467098,30.32,31.505291
31.84,31.49954,31.72,31.500322,31.35,31.505365,30.89,31.467611,30.13,31.505793
31.86,31.4969,31.75,31.49757,31.14,31.502443,30.6,31.464956,29.93,31.503061
31.72,31.489784,31.35,31.49043,30.89,31.49516,30.32,31.458126,29.73,31.495996
31.75,31.480152,31.14,31.480783,30.6,31.485199,30.13,31.448608,29.62,31.486464
31.35,31.472713,30.89,31.473543,30.32,31.477808,29.93,31.441317,29.53,31.479235
31.14,31.461386,30.6,31.461872,30.13,31.465445,29.73,31.429811,29.47,31.467602
30.89,31.442791,30.32,31.443537,29.93,31.446817,29.62,31.412048,29.43,31.44933
30.6,31.400923,30.13,31.400875,29.73,31.401531,29.53,31.3691,29.39,31.4066
30.32,31.328382,29.93,31.328154,29.62,31.326199,29.47,31.298183,29.37,31.333593
30.13,31.212976,29.73,31.212622,29.53,31.20622,29.43,31.183308,31.26,31.218214
29.93,31.066292,29.62,31.06637,29.47,31.054844,29.39,31.038044,31.26,31.071907
29.73,30.908663,29.53,30.909065,29.43,30.892736,29.37,30.882828,31.25,30.915129
29.62,30.739416,29.47,30.740395,29.39,30.719475,31.26,30.716478,31.24,30.747252
29.53,30.572071,29.43,30.57364,29.37,30.548332,31.26,30.551966,31.23,30.581322
29.47,30.412117,29.39,30.413982,31.26,30.384995,31.25,30.395535,31.23,30.422743
29.43,30.25982,29.37,30.262346,31.26,30.230995,31.24,30.247938,31.25,30.272808
29.39,30.109613,31.26,30.112661,31.25,30.078924,31.23,30.101973,31.27,30.124926
29.37,29.98112,31.26,29.986366,31.24,29.952324,31.23,29.978954,31.28,30.000246
31.26,29.881483,31.25,29.888613,31.23,29.854128,31.25,29.882189,31.3,29.904118
31.26,29.803034,31.24,29.81208,31.23,29.778414,31.27,29.807852,31.32,29.829119
31.25,29.738028,31.23,29.747799,31.25,29.716288,31.28,29.748041,31.33,29.767878
31.24,29.767464,31.23,29.78335,31.27,29.760736,31.3,29.78379,31.33,29.80629
31.23,29.975256,31.25,29.997444,31.28,29.98076,31.32,29.980507,31.35,30.018423
31.23,30.310972,31.27,30.33606,31.3,30.333366,31.33,30.315977,31.36,30.356024
31.25,30.593597,31.28,30.617231,31.32,30.6231,31.33,30.594389,31.38,30.637959
31.27,30.735287,31.3,30.758415,31.33,30.767729,31.35,30.732752,31.38,30.778406
31.28,30.867937,31.32,30.890074,31.33,30.902573,31.36,30.863026,31.37,30.909126
31.3,30.989916,31.33,31.010649,31.35,31.025944,31.38,30.983175,31.35,31.028769
31.32,31.10561,31.33,31.124935,31.36,31.14273,31.38,31.097147,31.34,31.141872
31.33,31.22814,31.35,31.245974,31.38,31.266262,31.37,31.217691,31.34,31.261368
31.33,31.366655,31.36,31.383892,31.38,31.405807,31.35,31.35169,31.36,31.396368
31.35,31.428335,31.38,31.439386,31.37,31.455893,31.34,31.406515,31.37,31.449665
31.36,31.326632,31.38,31.332764,31.35,31.34593,31.34,31.312466,31.38,31.344799
31.38,31.139557,31.37,31.143538,31.34,31.147388,31.36,31.123678,31.4,31.15749
31.38,31.047972,31.35,31.0531,31.34,31.054007,31.37,31.033024,31.41,31.06698
31.37,31.060627,31.34,31.06577,31.36,31.067015,31.38,31.04537,31.42,31.079536
31.35,31.076454,31.34,31.081623,31.37,31.083275,31.4,31.060873,31.45,31.095219
31.34,31.092113,31.36,31.097166,31.38,31.099068,31.41,31.076048,31.46,31.11056
31.34,31.103094,31.37,31.107944,31.4,31.109926,31.42,31.086678,31.48,31.121132
31.36,31.107134,31.38,31.111782,31.41,31.113586,31.45,31.09042,31.5,31.124817
31.37,31.10528,31.4,31.10976,31.42,31.11124,31.46,31.088335,31.5,31.122683
31.38,31.106922,31.41,31.111248,31.45,31.112638,31.48,31.089735,31.5,31.124289
31.4,31.179337,31.42,31.183592,31.46,31.187271,31.5,31.159828,31.51,31.197788
31.41,31.201302,31.45,31.205389,31.48,31.209923,31.5,31.181274,31.52,31.220272
31.42,31.204407,31.46,31.208483,31.5,31.21304,31.5,31.18424,31.54,31.223295
31.45,31.208595,31.48,31.212654,31.5,31.21734,31.51,31.188393,31.56,31.227428
31.46,31.211506,31.5,31.215513,31.5,31.22018,31.52,31.191124,31.57,31.230247
31.48,31.214434,31.5,31.218424,31.51,31.223204,31.54,31.194067,31.58,31.233133
31.5,31.220972,31.5,31.225027,31.52,31.230072,31.56,31.200518,31.6,31.239752
31.5,31.245766,31.51,31.249863,31.54,31.255806,31.57,31.2247,31.6,31.264894
31.5,31.263659,31.52,31.267818,31.56,31.274334,31.58,31.2423,31.62,31.28274
31.51,31.277239,31.54,31.2814,31.57,31.288221,31.6,31.255617,31.65,31.295984
31.52,31.215195,31.56,31.219212,31.58,31.223873,31.6,31.195683,31.67,31.232553
31.54,31.20608,31.57,31.210192,31.6,31.214088,31.62,31.186577,31.67,31.222546
31.56,31.2156,31.58,31.21956,31.6,31.22353,31.65,31.195719,31.65,31.231775
31.57,31.22322,31.6,31.22707,31.62,31.231035,31.67,31.202965,31.62,31.23912
31.58,31.232212,31.6,31.235989,31.65,31.240078,31.67,31.211695,31.6,31.24788
31.6,31.242638,31.62,31.246372,31.67,31.250599,31.65,31.221733,31.6,31.2581
31.6,31.264042,31.65,31.267624,31.67,31.272352,31.62,31.242453,31.6,31.279451
31.62,31.262505,31.67,31.266088,31.65,31.270468,31.6,31.240854,31.58,31.277357
31.65,31.269978,31.67,31.273466,31.62,31.277847,31.6,31.24795,31.55,31.284557
31.67,31.277384,31.65,31.280752,31.6,31.285133,31.6,31.255028,31.55,31.291681
31.67,31.285406,31.62,31.288698,31.6,31.293243,31.58,31.26291,31.56,31.29952
31.65,31.295591,31.6,31.298891,31.6,31.303638,31.55,31.272732,31.57,31.309593
31.62,31.310194,31.6,31.313501,31.58,31.318542,31.55,31.286894,31.57,31.323984
31.6,31.327454,31.6,31.33066,31.55,31.33603,31.56,31.303684,31.56,31.340899
31.6,31.339834,31.58,31.342813,31.55,31.348217,31.57,31.315563,31.55,31.352814
31.6,31.343626,31.55,31.346325,31.56,31.351486,31.57,31.319036,31.55,31.356136
31.58,31.327417,31.55,31.33001,31.57,31.334253,31.56,31.302893,31.55,31.339338
31.55,31.317858,31.56,31.320381,31.57,31.32409,31.55,31.29327,31.56,31.329582
31.55,31.317738,31.57,31.320198,31.56,31.323763,31.55,31.292866,31.57,31.329496
31.56,31.314037,31.57,31.316456,31.55,31.31978,31.55,31.289095,31.58,31.325735
31.57,31.306137,31.56,31.30841,31.55,31.311314,31.56,31.281143,31.58,31.317682
31.57,31.293072,31.55,31.295254,31.55,31.297686,31.57,31.268333,31.58,31.304577
31.56,31.27773,31.55,31.279882,31.56,31.281858,31.58,31.253239,31.56,31.289387
31.55,31.262825,31.55,31.265081,31.57,31.26672,31.58,31.238657,31.45,31.274734
31.55,31.253553,31.56,31.255966,31.58,31.257507,31.58,31.229683,31.52,31.265764
31.55,31.249662,31.57,31.252218,31.58,31.253847,31.56,31.226023,31.51,31.262136
31.56,31.2491,31.58,31.251755,31.58,31.253544,31.45,31.225616,31.51,31.261766
31.57,31.248205,31.58,31.250906,31.56,31.252794,31.52,31.224886,31.5,31.260971
31.58,31.240673,31.58,31.243404,31.45,31.245123,31.51,31.217678,31.5,31.253391
31.58,31.237646,31.56,31.240463,31.52,31.242271,31.51,31.214924,31.48,31.250526
31.58,31.239645,31.45,31.242632,31.51,31.244677,31.5,31.216976,31.46,31.252752
31.56,31.260225,31.52,31.263216,31.51,31.2661,31.5,31.23718,31.45,31.273724
31.45,31.267488,31.51,31.270437,31.5,31.27356,31.48,31.244383,31.45,31.28087
31.52,31.271523,31.51,31.274395,31.5,31.277601,31.46,31.248379,31.46,31.284796
31.51,31.27039,31.5,31.273222,31.48,31.276249,31.45,31.247093,31.48,31.283554
31.51,31.261667,31.5,31.264183,31.46,31.266655,31.45,31.238304,31.5,31.274513
31.5,31.249094,31.48,31.251715,31.45,31.254118,31.46,31.226463,31.51,31.262209
31.5,31.238642,31.46,31.241371,31.45,31.243277,31.48,31.215633,31.51,31.251936
31.48,31.237152,31.45,31.240044,31.46,31.242073,31.5,31.214428,31.51,31.250566
31.46,31.236702,31.45,31.2395,31.48,31.241526,31.51,31.214005,31.5,31.2501
31.45,31.229744,31.46,31.232548,31.5,31.234383,31.51,31.207228,31.48,31.243193
31.45,31.207111,31.48,31.209959,31.51,31.21093,31.51,31.184988,31.48,31.220274
31.46,31.19439,31.5,31.197216,31.51,31.197844,31.5,31.172567,31.46,31.207636
31.48,31.17965,31.51,31.182476,31.51,31.182735,31.48,31.158155,31.45,31.193062
31.5,31.16583,31.51,31.16874,31.5,31.168833,31.48,31.14485,31.45,31.179571
31.51,31.162056,31.51,31.165415,31.48,31.16587,31.46,31.141493,31.45,31.176432
31.51,31.167812,31.5,31.17126,31.48,31.171827,31.45,31.14682,31.46,31.182259
31.51,31.177294,31.48,31.1808,31.46,31.182043,31.45,31.156866,31.48,31.191828
31.5,31.180807,31.48,31.184235,31.45,31.185602,31.45,31.16023,31.48,31.195383
31.48,31.18185,31.46,31.185383,31.45,31.186852,31.46,31.161325,31.5,31.1965
31.48,31.186014,31.45,31.189531,31.45,31.191164,31.48,31.165453,31.51,31.200659
31.46,31.188963,31.45,31.192488,31.46,31.194256,31.48,31.168404,31.51,31.203606
31.45,31.191658,31.45,31.195183,31.48,31.197006,31.5,31.171034,31.52,31.20629
31.45,31.19481,31.46,31.198355,31.48,31.200285,31.51,31.174145,31.54,31.20942
31.45,31.19732,31.48,31.200819,31.5,31.202719,31.51,31.176487,31.55,31.21183
31.46,31.197132,31.48,31.20054,31.51,31.20237,31.52,31.176285,31.56,31.211517
31.48,31.192875,31.5,31.196192,31.51,31.197779,31.54,31.172014,31.58,31.207157
31.48,31.188013,31.51,31.191265,31.52,31.192665,31.55,31.167156,31.58,31.202343
31.5,31.179724,31.51,31.182976,31.54,31.184135,31.56,31.15905,31.58,31.194128
31.51,31.173504,31.52,31.176844,31.55,31.177914,31.58,31.152973,31.57,31.18807
31.51,31.285381,31.54,31.289154,31.56,31.293303,31.58,31.260302,31.56,31.301138
31.52,31.28908,31.55,31.292938,31.58,31.297417,31.58,31.264158,31.55,31.30506
31.54,31.293446,31.56,31.297413,31.58,31.302132,31.57,31.268484,31.55,31.309565
31.55,31.308487,31.58,31.312458,31.58,31.317738,31.56,31.283224,31.54,31.32479
31.56,31.32837,31.58,31.332325,31.57,31.338434,31.55,31.302866,31.52,31.344934
31.58,31.339712,31.58,31.343718,31.56,31.35021,31.55,31.313942,31.52,31.35631
31.58,31.353374,31.57,31.357416,31.55,31.364292,31.54,31.327288,31.52,31.369888
31.58,31.364874,31.56,31.368902,31.55,31.376049,31.52,31.338593,31.54,31.381147
31.57,31.378162,31.55,31.382147,31.54,31.389584,31.52,31.351511,31.55,31.394234
31.56,31.389496,31.55,31.393381,31.52,31.400932,31.52,31.362404,31.56,31.405256
31.55,31.279663,31.54,31.28302,31.52,31.28758,31.54,31.257256,31.57,31.294199
31.55,31.283401,31.52,31.286606,31.52,31.290974,31.55,31.26064,31.58,31.297607
31.54,31.285267,31.52,31.288347,31.54,31.292583,31.56,31.262363,31.58,31.29922
31.52,31.276917,31.52,31.27992,31.55,31.283655,31.57,31.254045,31.59,31.290512
31.52,31.264452,31.54,31.267488,31.56,31.270575,31.58,31.241652,31.6,31.277672
31.52,31.261374,31.55,31.264336,31.57,31.267128,31.58,31.23845,31.6,31.274399
31.54,31.255941,31.56,31.258774,31.58,31.261269,31.59,31.233032,31.58,31.268793
31.55,31.247782,31.57,31.250566,31.58,31.252735,31.6,31.224958,31.57,31.26061
31.56,31.238125,31.58,31.240871,31.59,31.24267,31.6,31.215366,31.57,31.250956
31.57,31.230469,31.58,31.233292,31.6,31.23498,31.58,31.207977,31.6,31.243465
31.58,31.226154,31.59,31.229053,31.6,31.230663,31.57,31.20371,31.62,31.239304
31.58,31.224955,31.6,31.227964,31.58,31.229685,31.57,31.202694,31.65,31.238228
31.59,31.228441,31.6,31.231524,31.57,31.233467,31.6,31.206224,31.67,31.241833
31.6,31.233961,31.58,31.237127,31.57,31.23934,31.62,31.211733,31.68,31.247437
31.6,31.240652,31.57,31.243814,31.6,31.246258,31.65,31.21833,31.68,31.254097
31.58,31.247314,31.57,31.250479,31.62,31.253212,31.67,31.225008,31.67,31.260752
31.57,31.25507,31.6,31.258297,31.65,31.2613,31.68,31.232626,31.67,31.268532
31.57,31.265097,31.62,31.268349,31.67,31.271582,31.68,31.242355,31.67,31.278458
31.6,31.274809,31.65,31.277962,31.68,31.281366,31.67,31.251833,31.68,31.287941
31.62,31.278843,31.67,31.281813,31.68,31.285166,31.67,31.255688,31.69,31.291702
31.65,31.277782,31.68,31.28063,31.67,31.283834,31.67,31.254583,31.71,31.290508
31.67,31.276747,31.68,31.27961,31.67,31.282757,31.68,31.25349,31.73,31.28951
31.68,31.278658,31.67,31.281574,31.67,31.284729,31.69,31.25525,31.74,31.29142
31.68,31.285654,31.67,31.288618,31.68,31.292019,31.71,31.26217,31.76,31.298405
31.67,31.300566,31.67,31.303535,31.69,31.307438,31.73,31.276754,31.78,31.313387
31.67,31.311481,31.68,31.314432,31.71,31.318584,31.74,31.287384,31.81,31.324158
31.67,31.322145,31.69,31.325,31.73,31.329361,31.76,31.297785,31.84,31.334616
31.68,31.328688,31.71,31.331417,31.74,31.335857,31.78,31.304121,31.86,31.34093
31.69,31.333773,31.73,31.33648,31.76,31.341011,31.81,31.309074,31.88,31.345924
31.71,31.340967,31.74,31.343674,31.78,31.348305,31.84,31.315966,31.91,31.353
31.73,31.353937,31.76,31.35664,31.81,31.3616,31.86,31.3286,31.93,31.365877
31.74,31.363329,31.78,31.365917,31.84,31.370964,31.88,31.33765,31.94,31.374956
31.76,31.383713,31.81,31.386106,31.86,31.391779,31.91,31.357595,31.96,31.395393
31.78,31.480288,31.84,31.482693,31.88,31.491108,31.93,31.450737,31.98,31.492807
31.81,31.491531,31.86,31.493816,31.91,31.50246,31.94,31.461601,31.98,31.503973
31.84,31.573715,31.88,31.575768,31.93,31.58697,31.96,31.541332,31.98,31.586946
31.86,31.582975,31.91,31.585026,31.94,31.596445,31.98,31.550293,32.08,31.596151
31.88,31.618467,31.93,31.620367,31.96,31.63312,31.98,31.585136,32.11,31.632065
31.91,31.692171,31.94,31.6938,31.98,31.70916,31.98,31.657335,32.11,31.706505
31.93,31.795713,31.96,31.797266,31.98,31.815777,32.08,31.757881,29.08,31.810627
31.94,31.845724,31.98,31.847008,31.98,31.867048,32.11,31.80673,29.12,31.860641
31.96,31.930891,31.98,31.932007,32.08,31.954693,32.11,31.889765,29.17,31.946136
31.98,31.991554,31.98,31.992481,32.11,32.016872,29.08,31.94881,29.19,32.006752
31.98,31.915892,32.08,31.916237,32.11,31.938366,29.12,31.876228,29.19,31.92996
31.98,31.924616,32.11,31.924835,29.08,31.946932,29.17,31.884665,29.17,31.938114
32.08,31.900995,32.11,31.90074,29.12,31.92217,29.19,31.86234,29.15,31.913956
32.11,31.919647,29.08,31.919226,29.17,31.940845,29.19,31.880299,29.15,31.932064
32.11,31.912363,29.12,31.911888,29.19,31.932684,29.17,31.872805,29.17,31.92381
29.08,31.868727,29.17,31.868387,29.19,31.887566,29.15,31.83036,29.2,31.879269
29.12,31.814684,29.19,31.81436,29.17,31.831474,29.15,31.777683,29.27,31.824123
29.17,31.822886,29.19,31.824282,29.15,31.839722,29.17,31.782719,29.37,31.831392
29.19,31.642912,29.17,31.638517,29.15,31.638676,29.2,31.596441,29.47,31.639198
29.19,31.258081,29.15,31.25329,29.17,31.243576,29.27,31.227058,29.59,31.25231
29.17,30.858534,29.15,30.857212,29.2,30.831846,29.37,30.82374,30.07,30.855368
29.15,30.481215,29.17,30.492876,29.27,30.45494,29.47,30.44215,30.69,30.485596
29.15,30.370457,29.2,30.384157,29.37,30.346712,29.59,30.336061,31.05,30.379349
29.17,30.345999,29.27,30.361118,29.47,30.326443,30.07,30.313704,30.74,30.35965
29.2,30.234001,29.37,30.249815,29.59,30.216022,30.69,30.207626,30.59,30.252472
29.27,30.167322,29.47,30.18286,30.07,30.150496,31.05,30.144934,30.76,30.189976
29.37,29.959644,29.59,29.97369,30.69,29.939943,30.74,29.947289,30.86,29.98626
29.47,29.656187,30.07,29.668015,31.05,29.629856,30.59,29.65492,31.0,29.686024
29.59,29.501965,30.69,29.523771,30.74,29.49485,30.76,29.51654,31.25,29.549112
30.07,29.664888,31.05,29.691957,30.59,29.668728,30.86,29.668694,31.06,29.720285
30.69,29.975893,30.74,30.004112,30.76,29.996553,31.0,29.982845,30.6,30.036978
31.05,30.313171,30.59,30.331585,30.86,30.338795,31.25,30.3224,30.87,30.378061
30.74,30.415648,30.76,30.434134,31.0,30.445826,31.06,30.424505,31.16,30.481651
30.59,30.641607,30.86,30.662233,31.25,30.681324,30.6,30.645424,31.4,30.708845
30.76,31.035028,31.0,31.056765,31.06,31.08694,30.87,31.028748,31.43,31.101942
30.86,31.313824,31.25,31.333675,30.6,31.369114,31.16,31.299555,31.47,31.375353
31.0,31.508999,31.06,31.525969,30.87,31.565485,31.4,31.491537,31.53,31.565832
31.25,31.647722,30.6,31.664103,31.16,31.705627,31.43,31.626068,31.55,31.70147
31.06,31.652702,30.87,31.667656,31.4,31.707436,31.47,31.62996,31.61,31.703236
30.6,31.583035,31.16,31.597702,31.43,31.637089,31.53,31.565973,31.77,31.634174
30.87,31.539078,31.4,31.553383,31.47,31.593222,31.55,31.527185,31.94,31.590925
31.16,31.64234,31.43,31.654602,31.53,31.694105,31.61,31.625633,32.18,31.689434
31.4,31.698112,31.47,31.706432,31.55,31.742638,31.77,31.677,32.33,31.73854
31.43,31.672224,31.53,31.678583,31.61,31.709545,31.94,31.648918,32.45,31.707663
31.47,31.661053,31.55,31.667702,31.77,31.693531,32.18,31.629599,32.47,31.695047
31.53,31.766611,31.61,31.776014,31.94,31.804234,32.33,31.72922,32.24,31.801916
31.55,31.854832,31.77,31.864742,32.18,31.895824,32.45,31.814695,32.13,31.890642
31.61,31.944,31.94,31.95313,32.33,31.988462,32.47,31.90515,23.01,31.979704
31.77,32.185097,32.18,32.193104,32.45,32.233776,32.24,32.138424,32.1,32.217644
31.94,32.33265,32.33,32.340202,32.47,32.382126,32.13,32.27774,32.46,32.362175
32.18,32.414055,32.45,32.420933,32.24,32.463074,23.01,32.35465,32.69,32.44107
32.33,32.521217,32.47,32.528114,32.13,32.57392,32.1,32.459564,32.81,32.548077
32.45,32.61912,32.24,32.626472,23.01,32.6767,32.46,32.555737,32.91,32.64665
32.47,32.71055,32.13,32.71556,32.1,32.768818,32.69,32.64677,32.91,32.73461
32.24,32.71924,23.01,32.721375,32.46,32.775658,32.81,32.66067,32.91,32.73931
32.13,32.62016,32.1,32.62087,32.69,32.671013,32.91,32.56539,33.0,32.63794
23.01,32.750374,32.46,32.75041,32.81,32.80153,32.91,32.688854,33.22,32.764366
32.1,32.750576,32.69,32.75011,32.91,32.798733,32.91,32.686928,33.41,32.762093
32.46,32.623806,32.81,32.627853,32.91,32.668804,33.0,32.55804,33.53,32.634117
32.69,32.34479,32.91,32.339638,32.91,32.349422,33.22,32.253357,33.69,32.330566
32.81,31.847155,32.91,31.848604,33.0,31.858755,33.41,31.793701,33.78,31.841955
32.91,31.571123,32.91,31.591305,33.22,31.581608,33.53,31.471542,33.89,31.575428
32.91,31.978636,33.0,32.009842,33.41,32.060272,33.69,31.873161,33.98,31.981033
32.91,32.597187,33.22,32.620026,33.53,32.6809,33.78,32.478226,34.04,32.592636
33.0,32.82323,33.41,32.845284,33.69,32.912098,33.89,32.694016,34.06,32.81778
33.22,33.07513,33.53,33.097286,33.78,33.168602,33.98,32.930344,34.05,33.06752
33.41,33.211502,33.69,33.232204,33.89,33.306225,34.04,33.05914,33.95,33.200138
33.53,33.421425,33.78,33.44083,33.98,33.52083,34.06,33.258385,33.87,33.407673
33.69,33.778404,33.89,33.788406,34.04,33.883297,34.05,33.606785,33.75,33.757603
33.78,33.96758,33.98,33.98683,34.06,34.113834,33.95,33.827698,33.69,33.97038
33.89,34.364273,34.04,34.36691,34.05,34.496582,33.87,34.1974,33.69,34.349556
33.98,34.703026,34.06,34.688442,33.95,34.84146,33.75,34.57955,33.69,34.67452
34.04,34.51746,34.05,34.50312,33.87,34.601116,33.69,34.395443,33.69,34.49176
34.06,34.519802,33.95,34.507458,33.75,34.602264,33.69,34.394768,33.6,34.491817
34.05,34.478928,33.87,34.467037,33.69,34.558918,33.69,34.35534,33.57,34.4489
33.95,34.41819,33.75,34.406914,33.69,34.49497,33.69,34.296795,33.62,34.3859
33.87,34.302036,33.69,34.29024,33.69,34.372253,33.6,34.184433,33.65,34.26783
33.75,34.225075,33.69,34.211937,33.69,34.289127,33.57,34.109123,33.65,34.18914
33.69,34.049137,33.69,34.03054,33.6,34.09998,33.62,33.939068,33.62,34.012154
33.69,34.00807,33.69,33.98828,33.57,34.053143,33.65,33.89651,33.62,33.96856
33.69,34.13354,33.6,34.115433,33.62,34.181747,33.65,34.012817,33.62,34.09102
33.69,34.0204,33.57,34.001858,33.65,34.062416,33.62,33.902283,33.67,33.97691
33.6,33.92396,33.62,33.905407,33.65,33.96098,33.62,33.807663,33.64,33.88007
33.57,33.841732,33.65,33.823296,33.62,33.875237,33.62,33.727486,33.74,33.797928
33.62,33.75851,33.65,33.740128,33.62,33.78891,33.67,33.647064,33.77,33.71502
33.65,33.721348,33.62,33.703297,33.62,33.74989,33.64,33.60948,33.77,33.677876
33.65,33.702484,33.62,33.685116,33.67,33.731,33.74,33.590496,33.7,33.6601
33.62,33.711857,33.62,33.695312,33.64,33.741417,33.77,33.59805,33.46,33.670464
33.62,33.755283,33.67,33.739704,33.74,33.787857,33.77,33.639393,32.99,33.715614
33.62,33.843117,33.64,33.828,33.77,33.880527,33.7,33.724754,32.71,33.80435
33.67,33.85404,33.74,33.83971,33.77,33.89374,33.46,33.73702,32.47,33.815872
33.64,34.059547,33.77,34.046116,33.7,34.108322,32.99,33.935,32.35,34.021397
33.74,34.290577,33.77,34.27918,33.46,34.34877,32.71,34.15569,32.3,34.249367
33.77,34.461376,33.7,34.449734,32.99,34.52655,32.47,34.3198,32.4,34.42028
33.77,34.551273,33.46,34.539673,32.71,34.620296,32.35,34.405895,32.52,34.510906
33.7,34.67735,32.99,34.66607,32.47,34.752083,32.3,34.526688,32.7,34.637177
33.46,34.88138,32.71,34.86957,32.35,34.964455,32.4,34.72245,33.01,34.84104
32.99,34.888966,32.47,34.87659,32.3,34.971703,32.52,34.730465,33.18,34.84773
32.71,34.806816,32.35,34.794598,32.4,34.885834,32.7,34.651085,33.32,34.764732
32.47,34.620964,32.3,34.60896,32.52,34.691395,33.01,34.47174,33.34,34.57798
32.35,34.38973,32.4,34.377052,32.7,34.448727,33.18,34.24803,33.34,34.346115
32.3,34.10133,32.52,34.08825,33.01,34.148594,33.32,33.970093,33.29,34.058865
32.4,33.725304,32.7,33.710663,33.18,33.75821,33.34,33.606876,33.22,33.68765
32.52,33.42863,33.01,33.414703,33.32,33.4521,33.34,33.319275,33.18,33.394302
32.7,33.26742,33.18,33.254154,33.34,33.287273,33.29,33.163204,33.14,33.236057
33.01,33.1956,33.32,33.18469,33.34,33.21645,33.22,33.094296,33.06,33.16573
33.18,33.00455,33.34,32.99545,33.29,33.02258,33.18,32.91008,32.92,32.97872
33.32,33.08251,33.34,33.074665,33.22,33.10579,33.14,32.98525,32.69,33.058697
33.34,33.12673,33.29,33.119827,33.18,33.155613,33.06,33.02958,32.5,33.107925
33.34,33.24928,33.22,33.243217,33.14,33.28637,32.92,33.150284,32.26,33.23471
33.29,33.334423,33.18,33.329277,33.06,33.379395,32.69,33.237797,32.08,33.323135
33.22,33.47903,33.14,33.473183,32.92,33.530823,32.5,33.381905,31.96,33.468437
33.18,33.56985,33.06,33.562027,32.69,33.625477,32.26,33.475666,31.91,33.558174
33.14,33.678116,32.92,33.668205,32.5,33.736767,32.08,33.58434,31.86,33.66472
33.06,33.776535,32.69,33.765312,32.26,33.837345,31.96,33.68164,31.86,33.76075
32.92,33.689274,32.5,33.67668,32.08,33.745125,31.91,33.598366,31.83,33.672676
32.69,33.558186,32.26,33.54471,31.96,33.60695,31.86,33.471043,31.79,33.53961
32.5,33.369053,32.08,33.35338,31.91,33.4074,31.86,33.286694,31.77,33.34968
32.26,33.223232,31.96,33.2068,31.86,33.252754,31.83,33.142517,31.77,33.20133
32.08,32.998028,31.91,32.98155,31.86,33.01721,31.79,32.92134,31.74,32.97465
31.96,32.832638,31.86,32.817375,31.83,32.844677,31.77,32.755955,31.69,32.808846
31.91,32.618748,31.86,32.605103,31.79,32.623257,31.77,32.543446,31.69,32.595455
31.86,32.41006,31.83,32.397476,31.77,32.408268,31.74,32.33798,31.64,32.38812
31.86,32.16338,31.79,32.152374,31.77,32.15578,31.69,32.096935,31.62,32.143463
31.83,31.929182,31.77,31.919792,31.74,31.917091,31.69,31.868986,31.62,31.911695
31.79,31.78103,31.77,31.772934,31.69,31.767242,31.64,31.725084,31.6,31.766277
31.77,31.669464,31.74,31.662418,31.69,31.6554,31.62,31.617342,31.61,31.65785
31.77,31.567488,31.69,31.561224,31.64,31.553434,31.62,31.519234,31.67,31.559107
31.74,31.497952,31.69,31.492756,31.62,31.485294,31.6,31.452978,31.73,31.49292
31.69,31.430758,31.64,31.426628,31.62,31.41999,31.61,31.389702,31.79,31.429134
31.69,31.481958,31.62,31.479555,31.6,31.47652,31.67,31.440264,31.79,31.483746
31.64,31.475105,31.62,31.47382,31.61,31.473177,31.73,31.435862,31.77,31.479948
31.62,31.631807,31.6,31.632116,31.67,31.636967,31.79,31.587202,31.71,31.639141
31.62,31.67941,31.61,31.680292,31.73,31.688427,31.79,31.635666,31.65,31.688711
31.6,31.679182,31.67,31.68026,31.79,31.689331,31.77,31.636587,31.62,31.689182
31.61,31.702156,31.73,31.703302,31.79,31.714119,31.71,31.660381,31.65,31.71317
31.67,31.722755,31.79,31.723862,31.77,31.73589,31.65,31.680838,31.73,31.734772
31.73,31.826052,31.79,31.82782,31.71,31.842793,31.62,31.779896,31.85,31.839226
31.79,31.794676,31.77,31.79663,31.65,31.81129,31.65,31.75003,31.95,31.808435
31.79,31.779123,31.71,31.781439,31.62,31.796257,31.73,31.735434,32.01,31.79358
31.77,31.680162,31.65,31.682549,31.65,31.69528,31.85,31.640707,32.03,31.694492
31.71,31.686373,31.62,31.689032,31.73,31.702602,31.95,31.647655,31.95,31.701075
31.65,31.562874,31.65,31.565275,31.85,31.576176,32.01,31.530092,31.83,31.57704
31.62,31.54546,31.73,31.54803,31.95,31.558168,32.03,31.513178,31.7,31.558779
31.65,31.583275,31.85,31.585424,32.01,31.596964,31.95,31.550549,31.62,31.596786
31.73,31.569305,31.95,31.571226,32.03,31.582026,31.83,31.536682,31.53,31.582289
31.85,31.580309,32.01,31.58219,31.95,31.593077,31.7,31.54717,31.49,31.593138
31.95,31.45671,32.03,31.458138,31.83,31.465849,31.62,31.428698,31.45,31.468702
32.01,31.462896,31.95,31.464552,31.7,31.472578,31.53,31.434711,31.45,31.475138
32.03,31.483799,31.83,31.485678,31.62,31.494493,31.49,31.455284,31.41,31.496119
31.95,31.51469,31.7,31.516645,31.53,31.526447,31.45,31.485651,31.35,31.52684
31.83,31.545534,31.62,31.547356,31.49,31.557976,31.45,31.515865,31.35,31.557283
31.7,31.572388,31.53,31.574078,31.45,31.58539,31.41,31.542204,31.38,31.583765
31.62,31.592741,31.49,31.594133,31.45,31.605583,31.35,31.5617,31.41,31.603508
31.53,31.579685,31.45,31.58104,31.41,31.59137,31.35,31.548506,31.45,31.589334
31.49,31.554052,31.45,31.55527,31.35,31.56399,31.38,31.522718,31.47,31.562635
31.45,31.493141,31.41,31.494293,31.35,31.500408,31.41,31.46257,31.49,31.500624
31.45,31.472733,31.35,31.473566,31.38,31.478397,31.45,31.441805,31.53,31.479736
31.41,31.43712,31.35,31.437662,31.41,31.440897,31.47,31.4065,31.53,31.443714
31.35,31.386543,31.38,31.386679,31.45,31.387857,31.49,31.356352,31.53,31.392927
31.35,31.320902,31.41,31.320911,31.47,31.319971,31.53,31.291855,31.51,31.32758
31.38,31.24753,31.45,31.247564,31.49,31.244379,31.53,31.219643,31.48,31.2548
31.41,31.1718,31.47,31.17195,31.53,31.166851,31.53,31.145618,31.45,31.179926
31.45,31.102636,31.49,31.103268,31.53,31.097116,31.51,31.078678,31.42,31.112234
31.47,31.053106,31.53,31.054617,31.53,31.048199,31.48,31.030846,31.41,31.064533
31.49,31.036678,31.53,31.039192,31.51,31.033655,31.45,31.015795,31.41,31.049812
31.53,31.048662,31.53,31.051874,31.48,31.047953,31.42,31.028727,31.37,31.06305
31.53,31.073238,31.51,31.076948,31.45,31.07483,31.41,31.053988,31.35,31.088507
31.53,31.09978,31.48,31.10372,31.42,31.103077,31.41,31.080765,31.33,31.11552
31.51,31.125904,31.45,31.13008,31.41,31.130777,31.37,31.10706,31.32,31.141968
31.48,31.14939,31.42,31.153553,31.41,31.155073,31.35,31.130217,31.3,31.165419
31.45,31.169651,31.41,31.17383,31.37,31.17618,31.33,31.150536,31.28,31.185637
31.42,31.1882,31.41,31.1924,31.35,31.195305,31.32,31.168669,31.27,31.204107
31.41,31.205574,31.37,31.209713,31.33,31.21289,31.3,31.185446,31.27,31.221155
31.41,31.218014,31.35,31.221865,31.32,31.225117,31.28,31.197515,31.26,31.233076
31.37,31.216846,31.33,31.220366,31.3,31.223192,31.27,31.196108,31.25,31.231434
31.35,31.203981,31.32,31.20727,31.28,31.20936,31.27,31.18318,31.23,31.218275
31.33,31.187416,31.3,31.190653,31.27,31.192036,31.26,31.166677,31.22,31.20165
31.32,31.169832,31.28,31.172981,31.27,31.173563,31.25,31.14905,31.2,31.18398
31.3,31.149162,31.27,31.15218,31.26,31.152048,31.23,31.128721,31.19,31.163269
31.28,31.123568,31.27,31.126554,31.25,31.125679,31.22,31.103645,31.18,31.137865
31.27,31.096466,31.26,31.099552,31.23,31.09796,31.2,31.077011,31.18,31.111101
31.27,31.073694,31.25,31.076948,31.22,31.074907,31.19,31.054815,31.2,31.08874
31.26,31.05548,31.23,31.058899,31.2,31.05663,31.18,31.037188,31.23,31.070978
31.25,31.040707,31.22,31.044325,31.19,31.041971,31.18,31.022987,31.25,31.056683
31.23,31.03023,31.2,31.03409,31.18,31.031784,31.2,31.013006,31.28,31.046686
31.22,31.022787,31.19,31.02679,31.18,31.02454,31.23,31.0059,31.28,31.039585
31.2,31.014977,31.18,31.019045,31.2,31.016823,31.25,30.998545,31.27,31.032042
31.19,31.005035,31.18,31.009209,31.23,31.00699,31.28,30.989107,31.25,31.022432
31.18,30.994686,31.2,30.999004,31.25,30.996689,31.28,30.979057,31.23,31.012415
31.18,30.986507,31.23,30.990938,31.28,30.988607,31.27,30.97123,31.22,31.00451
31.2,30.978798,31.25,30.983307,31.28,30.980951,31.25,30.963888,31.2,30.997053
31.23,30.969912,31.28,30.974503,31.27,30.972118,31.23,30.955376,31.2,30.988434
31.25,30.962105,31.28,30.966831,31.25,30.964457,31.22,30.947924,31.22,30.980936
31.28,30.95784,31.27,30.962732,31.23,30.960514,31.2,30.943966,31.22,30.976997
31.28,30.958048,31.25,30.963097,31.22,30.96114,31.2,30.944403,31.23,30.97749
31.27,30.962215,31.23,30.967398,31.2,30.96581,31.22,30.948732,31.23,30.981882
31.25,30.969864,31.22,30.975176,31.2,30.974047,31.22,30.956463,31.25,30.989716
31.23,30.980127,31.2,30.98552,31.22,30.984808,31.23,30.966612,31.26,31.000055
31.22,30.990969,31.2,30.996353,31.22,30.996004,31.23,30.977337,31.28,31.01083
31.2,30.999485,31.22,31.004812,31.23,31.0047,31.25,30.985746,31.28,31.019245
31.2,31.004154,31.22,31.009409,31.23,31.009342,31.26,30.99026,31.3,31.023771
31.22,31.006779,31.23,31.011993,31.25,31.01194,31.28,30.992783,31.32,31.026299
31.22,31.007881,31.23,31.013023,31.26,31.012844,31.28,30.99371,31.32,31.02726
31.23,31.0068,31.25,31.01186,31.28,31.011549,31.3,30.992588,31.35,31.02604
31.23,31.003325,31.26,31.008326,31.28,31.007818,31.32,30.989096,31.35,31.022491
31.25,30.997768,31.28,31.002728,31.3,31.001945,31.32,30.9835,31.36,31.016872
31.26,30.991173,31.28,30.996086,31.32,30.995052,31.35,30.976992,31.37,31.01025
31.28,30.983624,31.3,30.988522,31.32,30.987282,31.35,30.969624,31.38,31.002766
31.28,30.977886,31.32,30.982891,31.35,30.981607,31.36,30.964075,31.38,30.997225
31.3,30.977932,31.32,30.983063,31.35,30.981941,31.37,30.964186,31.37,30.997469
31.32,30.985176,31.35,30.990469,31.36,30.989748,31.38,30.971462,31.35,31.004883
31.32,30.996426,31.35,31.001755,31.37,31.00143,31.38,30.982573,31.34,31.01614
31.35,31.009535,31.36,31.014915,31.38,31.015139,31.37,30.99566,31.33,31.029276
31.35,31.023895,31.37,31.029308,31.38,31.02992,31.35,31.009674,31.32,31.043558
31.36,31.03783,31.38,31.043144,31.37,31.044058,31.34,31.02329,31.3,31.057253
31.37,31.050707,31.38,31.055964,31.35,31.057264,31.33,31.036053,31.3,31.06997
31.38,31.060995,31.37,31.06617,31.34,31.06755,31.32,31.045856,31.28,31.080027
31.38,31.072088,31.35,31.077232,31.33,31.078842,31.3,31.056728,31.27,31.090916
31.37,31.083086,31.34,31.08809,31.32,31.089823,31.3,31.067307,31.27,31.10163
31.35,31.092318,31.33,31.097258,31.3,31.099104,31.28,31.07626,30.48,31.11062
31.34,31.100279,31.32,31.105083,31.3,31.106913,31.27,31.08384,30.44,31.118282
31.33,31.105984,31.3,31.110697,31.28,31.11249,31.27,31.089281,30.42,31.12373
31.32,31.10849,31.3,31.113024,31.27,31.114588,30.48,31.091427,30.4,31.125914
31.3,31.106606,31.28,31.110975,31.27,31.112274,30.44,31.089447,30.36,31.123764
31.3,31.101484,31.27,31.105766,30.48,31.106733,30.42,31.084232,30.34,31.118505
31.28,31.094173,31.27,31.098375,30.44,31.09888,30.4,31.076773,30.31,31.111044
31.27,31.085903,30.48,31.090036,30.42,31.090223,30.36,31.068644,30.28,31.10271
31.27,31.075829,30.44,31.079935,30.4,31.079756,30.34,31.058641,30.25,31.092659
30.48,31.064579,30.42,31.068672,30.36,31.068079,30.31,31.04747,30.2,31.081432
30.44,31.052782,30.4,31.056845,30.34,31.05592,30.28,31.035942,30.17,31.0697
30.42,31.04071,30.36,31.045197,30.31,31.043585,30.25,31.023432,30.15,31.057734
30.4,30.989553,30.34,30.992264,30.28,30.986694,30.2,30.970547,30.1,31.004225
30.36,30.888266,30.31,30.890759,30.25,30.882475,30.17,30.872746,30.1,30.9027
30.34,30.74647,30.28,30.74928,30.2,30.736238,30.15,30.731243,30.08,30.761923
30.31,30.62124,30.25,30.625519,30.17,30.609632,30.1,30.608215,30.05,30.638744
30.28,30.55636,30.2,30.561079,30.15,30.544437,30.1,30.54555,30.03,30.57529
30.25,30.493233,30.17,30.4985,30.1,30.481081,30.08,30.484444,30.0,30.513466
30.2,30.429163,30.15,30.434862,30.1,30.416513,30.05,30.422253,29.97,30.450596
30.17,30.36187,30.1,30.367922,30.08,30.348753,30.03,30.357336,29.95,30.384523
30.15,30.294275,30.1,30.300678,30.05,30.280462,30.0,30.29183,29.93,30.317924
30.1,30.217884,30.08,30.224283,30.03,30.203056,29.97,30.218222,29.9,30.242525
30.1,30.16881,30.05,30.177853,30.0,30.158577,29.95,30.172878,29.9,30.197622
30.08,30.162886,30.03,30.173643,29.97,30.155077,29.93,30.165777,29.88,30.194227
30.05,30.193842,30.0,30.20545,29.95,30.189774,29.9,30.19891,29.87,30.22681
30.03,30.227325,29.97,30.238272,29.93,30.224463,29.9,30.233025,29.85,30.260948
30.0,30.20867,29.95,30.219873,29.9,30.205816,29.88,30.21476,29.85,30.242754
29.97,30.190636,29.93,30.202087,29.9,30.187786,29.87,30.197159,29.84,30.225128
29.95,30.175003,29.9,30.186655,29.88,30.172243,29.85,30.182098,29.82,30.209866
29.93,30.158262,29.9,30.170094,29.87,30.155437,29.85,30.165743,29.8,30.193487
29.9,30.140577,29.88,30.152615,29.85,30.137743,29.84,30.148556,29.78,30.176188
29.9,30.124983,29.87,30.137257,29.85,30.122292,29.82,30.13347,29.76,30.161037
29.88,30.110937,29.85,30.123463,29.84,30.108364,29.8,30.119766,29.76,30.147398
29.87,30.098244,29.85,30.110907,29.82,30.095741,29.78,30.10753,29.74,30.135033
29.85,30.087696,29.84,30.100603,29.8,30.085527,29.76,30.097517,29.72,30.124928
29.85,30.076092,29.82,30.089155,29.78,30.073889,29.76,30.086063,29.7,30.11361
29.84,30.065613,29.8,30.078838,29.76,30.063595,29.74,30.076128,29.68,30.103434
29.82,30.05534,29.78,30.068668,29.76,30.05334,29.72,30.066147,29.65,30.093443
29.8,30.0434,29.76,30.05694,29.74,30.041536,29.7,30.05458,29.63,30.081844
29.78,30.035313,29.76,30.049034,29.72,30.03367,29.68,30.046818,29.62,30.07409
29.76,30.028992,29.74,30.04286,29.7,30.027555,29.65,30.040785,29.6,30.06805
29.76,30.023329,29.72,30.0373,29.68,30.022026,29.63,30.035395,29.58,30.062595
29.74,30.01652,29.7,30.03056,29.65,30.015259,29.62,30.028843,29.56,30.055973
29.72,30.00866,29.68,30.022808,29.63,30.007448,29.6,30.021221,29.53,30.048319
29.7,30.000607,29.65,30.014862,29.62,29.99939,29.58,30.013346,29.53,30.040451
29.68,29.993097,29.63,30.007458,29.6,29.991913,29.56,30.006065,29.52,30.033115
29.65,29.985106,29.62,29.999529,29.58,29.983845,29.53,29.998243,29.5,30.025259
29.63,29.975986,29.6,29.99051,29.56,29.974669,29.53,29.989334,29.5,30.016298
29.62,29.965622,29.58,29.9802,29.53,29.964098,29.52,29.979074,29.48,30.006031
29.6,29.953379,29.56,29.968021,29.53,29.951632,29.5,29.967056,29.46,29.993902
29.58,29.93986,29.53,29.954592,29.52,29.937908,29.5,29.953783,29.46,29.980549
29.56,29.925968,29.53,29.940872,29.5,29.923918,29.48,29.940111,29.45,29.9669
29.53,29.914234,29.52,29.9293,29.5,29.912165,29.46,29.928606,29.43,29.955406
29.53,29.907595,29.5,29.92276,29.48,29.905693,29.46,29.922209,29.43,29.949144
29.52,29.897106,29.5,29.912333,29.46,29.895052,29.45,29.911898,29.45,29.9388
29.5,29.88426,29.48,29.899567,29.46,29.882051,29.43,29.899363,29.46,29.926115
29.5,29.870794,29.46,29.886267,29.45,29.868544,29.43,29.8862,29.46,29.91292
29.48,29.858562,29.46,29.874226,29.43,29.856325,29.45,29.874197,29.45,29.90096
29.46,29.849138,29.45,29.864946,29.43,29.846985,29.46,29.8651,29.44,29.891783
29.46,29.84213,29.43,29.85809,29.45,29.840197,29.46,29.85844,29.44,29.885063
29.45,29.835142,29.43,29.851238,29.46,29.833294,29.45,29.851606,29.42,29.878302
29.43,29.82822,29.45,29.84439,29.46,29.82643,29.44,29.844965,29.42,29.871546
29.43,29.821608,29.46,29.83787,29.45,29.81992,29.44,29.838657,29.43,29.865156
29.45,29.811245,29.46,29.827656,29.44,29.809446,29.42,29.828451,29.45,29.854822
29.46,29.804743,29.45,29.82125,29.44,29.803036,29.42,29.822184,29.46,29.848509
29.46,29.800495,29.44,29.817125,29.42,29.79902,29.43,29.81824,29.48,29.844505
29.45,29.796963,29.44,29.813723,29.42,29.795696,29.45,29.814854,29.5,29.841215
29.44,29.795835,29.42,29.812721,29.43,29.794878,29.46,29.81395,29.52,29.840319
29.44,29.798044,29.42,29.814999,29.45,29.797413,29.48,29.816307,29.54,29.842714
29.42,29.798965,29.43,29.815937,29.46,29.79845,29.5,29.817303,29.56,29.843712
29.42,29.799137,29.45,29.816109,29.48,29.798763,29.52,29.81766,29.58,29.843946
29.43,29.79879,29.46,29.815823,29.5,29.79854,29.54,29.81736,29.6,29.8437
29.45,29.797447,29.48,29.814493,29.52,29.797169,29.56,29.815996,29.6,29.842386
29.46,29.797096,29.5,29.814144,29.54,29.796917,29.58,29.815851,29.58,29.842085
29.48,29.796679,29.52,29.813786,29.56,29.796644,29.6,29.81549,29.56,29.84178
29.5,29.797674,29.54,29.8149,29.58,29.797876,29.6,29.816502,29.56,29.842922
29.52,29.802097,29.56,29.819302,29.6,29.802456,29.58,29.820936,29.54,29.847353
29.54,29.80648,29.58,29.823647,29.6,29.807009,29.56,29.825436,29.52,29.851751
29.56,29.808912,29.6,29.826086,29.58,29.809553,29.56,29.82787,29.52,29.8542
29.58,29.813334,29.6,29.83058,29.56,29.814293,29.54,29.83233,29.5,29.858765
29.6,29.821737,29.58,29.839033,29.56,29.82311,29.52,29.840746,29.48,29.867256
29.6,29.83294,29.56,29.850216,29.54,29.83472,29.52,29.851934,29.48,29.878494
29.58,29.846647,29.56,29.863926,29.52,29.848953,29.5,29.865658,29.46,29.89225
29.56,29.861864,29.54,29.879105,29.52,29.864586,29.48,29.880695,29.46,29.907434
29.56,29.877409,29.52,29.89455,29.5,29.8804,29.48,29.89602,29.46,29.922813
29.54,29.890062,29.52,29.906946,29.48,29.892946,29.46,29.908405,29.48,29.935118
29.52,29.895823,29.5,29.912483,29.48,29.898394,29.46,29.913944,29.5,29.940538
29.52,29.896034,29.48,29.91256,29.46,29.898193,29.46,29.913883,29.52,29.940475
29.5,29.893204,29.48,29.90962,29.46,29.894873,29.48,29.910746,29.52,29.937376
29.48,29.888432,29.46,29.90473,29.46,29.889572,29.5,29.905811,29.52,29.932323
29.48,29.881977,29.46,29.898207,29.48,29.882639,29.52,29.899216,29.5,29.925688
29.46,29.874002,29.46,29.890173,29.5,29.87417,29.52,29.891035,29.48,29.91763
29.46,29.863354,29.48,29.879478,29.52,29.863005,29.52,29.880342,29.48,29.906843
29.46,29.851086,29.5,29.86721,29.52,29.850256,29.5,29.868088,29.46,29.894522
29.48,29.83648,29.52,29.85264,29.52,29.835194,29.48,29.853518,29.46,29.879936
29.5,29.831495,29.52,29.847706,29.5,29.830494,29.48,29.848738,29.45,29.875626
29.52,29.82875,29.52,29.845064,29.48,29.828089,29.46,29.84611,29.43,29.87346
29.52,29.824091,29.5,29.84056,29.48,29.823671,29.46,29.8417,29.42,29.869038
29.52,29.824198,29.48,29.840803,29.46,29.824196,29.45,29.842085,29.42,29.869438
29.5,29.827644,29.48,29.8444,29.46,29.828133,29.43,29.845678,29.43,29.87314
29.48,29.833803,29.46,29.850595,29.45,29.834656,29.42,29.85191,29.43,29.87943
29.48,29.8395,29.46,29.856297,29.43,29.840654,29.42,29.857786,29.43,29.88513
29.46,29.844439,29.45,29.861206,29.42,29.845718,29.43,29.862658,29.45,29.890072
29.46,29.846275,29.43,29.862986,29.42,29.84753,29.43,29.864492,29.45,29.891848
29.45,29.84921,29.42,29.865906,29.43,29.850607,29.43,29.867496,29.46,29.894855
29.43,29.84092,29.42,29.857662,29.43,29.84174,29.45,29.859043,29.48,29.885994
29.42,29.834904,29.43,29.85172,29.43,29.83544,29.45,29.85311,29.48,29.879606
29.42,29.833986,29.43,29.850716,29.45,29.834257,29.46,29.852013,29.48,29.878557
29.43,29.828545,29.43,29.845211,29.45,29.828451,29.48,29.846529,29.46,29.872969
29.43,29.819866,29.45,29.83645,29.46,29.819305,29.48,29.837849,29.45,29.86417
29.43,29.807844,29.45,29.824478,29.48,29.806948,29.48,29.825893,29.45,29.852186
29.45,29.796972,29.46,29.813726,29.48,29.795921,29.46,29.815104,29.45,29.841454
29.45,29.790455,29.48,29.807352,29.48,29.789497,29.45,29.808758,29.49,29.835129
29.46,29.788486,29.48,29.80549,29.46,29.787748,29.45,29.806938,29.51,29.833345
29.48,29.788145,29.48,29.805246,29.45,29.78763,29.45,29.806772,29.5,29.833117
29.48,29.790775,29.46,29.807943,29.45,29.790567,29.49,29.809534,29.48,29.835894
29.48,29.79409,29.45,29.811281,29.45,29.794117,29.51,29.812937,29.48,29.839304
29.46,29.798512,29.45,29.815756,29.49,29.798891,29.5,29.817507,29.51,29.843853
29.45,29.812082,29.45,29.829275,29.51,29.813206,29.48,29.831076,29.61,29.858063
29.45,29.819214,29.49,29.836437,29.5,29.820637,29.48,29.838213,29.63,29.865236
29.45,29.825712,29.51,29.842842,29.48,29.827173,29.51,29.84461,29.66,29.871607
29.49,29.828926,29.5,29.845926,29.48,29.830269,29.61,29.847784,29.68,29.874664
29.51,29.828632,29.48,29.84557,29.51,29.829826,29.63,29.847439,29.68,29.874285
29.5,29.82654,29.48,29.843481,29.61,29.82761,29.66,29.845276,29.66,29.872162
29.48,29.8268,29.51,29.84379,29.63,29.82798,29.68,29.845585,29.65,29.872478
29.48,29.83064,29.61,29.847687,29.66,29.832014,29.68,29.849361,29.63,29.876368
29.51,29.835806,29.63,29.852812,29.68,29.837227,29.66,29.854382,29.62,29.881458
29.61,29.839046,29.66,29.855896,29.68,29.840292,29.65,29.857574,29.61,29.884502
29.63,29.829466,29.68,29.846302,29.66,29.830057,29.63,29.848034,29.61,29.874264
29.66,29.825195,29.68,29.842068,29.65,29.82575,29.62,29.84383,29.62,29.870083
29.68,29.82937,29.66,29.846561,29.63,29.830719,29.61,29.84822,29.63,29.874662
29.68,29.850313,29.65,29.86761,29.62,29.85271,29.61,29.868958,29.63,29.896154
29.66,29.87526,29.63,29.892534,29.61,29.87864,29.62,29.894054,29.65,29.921171
29.65,29.913383,29.62,29.930387,29.61,29.918066,29.63,29.931961,29.66,29.959993
29.63,29.933805,29.61,29.950565,29.62,29.93869,29.63,29.951973,29.68,29.980228
29.62,29.94625,29.61,29.962696,29.63,29.950926,29.65,29.96417,29.69,29.992252
29.61,29.952135,29.62,29.968363,29.63,29.956514,29.66,29.969793,29.7,29.997824
29.61,29.954683,29.63,29.970856,29.65,29.958834,29.68,29.972012,29.72,30.000187
29.62,29.960089,29.63,29.976187,29.66,29.964136,29.69,29.97715,29.72,30.005396
29.63,29.966816,29.65,29.98275,29.68,29.970594,29.7,29.983513,29.74,30.011797
29.63,29.966684,29.66,29.982262,29.69,29.96967,29.72,29.983036,29.76,30.011135
29.65,29.95336,29.68,29.968836,29.7,29.955448,29.72,29.96974,29.76,29.9972
29.66,29.983385,29.69,29.998306,29.72,29.986666,29.74,29.999186,29.77,30.02924
29.68,29.9671,29.7,29.98214,29.72,29.969812,29.76,29.982946,29.78,30.012716
29.69,29.96186,29.72,29.976938,29.74,29.964529,29.76,29.977842,29.8,30.00757
29.7,29.958956,29.72,29.974155,29.76,29.961763,29.77,29.974985,29.81,30.004852
29.72,29.961113,29.74,29.976444,29.76,29.964281,29.78,29.977245,29.81,30.007206
29.72,29.969788,29.76,29.985174,29.77,29.973457,29.8,29.985998,29.8,30.016048
29.74,29.980991,29.76,29.996376,29.78,29.985128,29.81,29.9972,29.78,30.027372
29.76,29.992937,29.77,30.008326,29.8,29.997532,29.81,30.009127,29.76,30.039352
29.76,30.005053,29.78,30.020365,29.81,30.009901,29.8,30.021069,29.76,30.051407
29.77,30.030655,29.8,30.045826,29.81,30.036503,29.78,30.046518,32.08,30.07766
29.78,30.017324,29.81,30.032507,29.8,30.02249,29.76,30.033636,32.02,30.063494
29.8,30.050026,29.81,30.064684,29.78,30.056416,29.76,30.066435,31.98,30.097391
29.81,30.083178,29.8,30.097403,29.76,30.090656,32.08,30.099365,31.93,30.131506
29.81,30.245163,29.78,30.258337,29.76,30.252962,32.02,30.253117,31.9,30.290474
29.8,30.512121,29.76,30.522171,32.08,30.519257,31.98,30.508265,31.88,30.550667
29.78,30.54588,29.76,30.556097,32.02,30.554363,31.93,30.54097,31.86,30.585342
29.76,30.558697,32.08,30.56871,31.98,30.567184,31.9,30.553377,31.84,30.59795
29.76,30.68545,32.02,30.695835,31.93,30.698334,31.88,30.676527,31.83,30.726896
32.08,30.800213,31.98,30.811152,31.9,30.81732,31.86,30.788042,31.8,30.843744
32.02,30.954624,31.93,30.966448,31.88,30.976082,31.84,30.936222,31.78,30.998959
31.98,30.892076,31.9,30.90167,31.86,30.909895,31.83,30.877064,31.76,30.934326
31.93,31.012712,31.88,31.02556,31.84,31.044952,31.8,31.003315,31.73,31.059921
31.9,31.505825,31.86,31.525578,31.83,31.548826,31.78,31.462103,31.71,31.546106
31.88,31.711046,31.84,31.732487,31.8,31.766579,31.76,31.6735,31.62,31.749317
31.86,31.685415,31.83,31.707102,31.78,31.742313,31.73,31.65425,31.7,31.725666
31.84,31.815933,31.8,31.83662,31.76,31.87294,31.71,31.77991,31.84,31.851833
31.83,31.917736,31.78,31.936317,31.73,31.973644,31.62,31.879381,31.81,31.94908
31.8,31.883142,31.76,31.90039,31.71,31.9356,31.7,31.848366,31.74,31.910572
31.78,31.86915,31.73,31.884796,31.62,31.919197,31.84,31.83823,31.74,31.893332
31.76,31.817942,31.71,31.832064,31.7,31.865591,31.81,31.792044,31.74,31.841154
31.73,31.984655,31.62,31.998077,31.84,32.03306,31.74,31.951998,31.76,32.003204
31.71,32.056946,31.7,32.062466,31.81,32.08989,31.74,32.014168,31.79,32.065163
31.62,32.027973,31.84,32.02742,31.74,32.053574,31.74,31.990429,31.95,32.034588
31.7,31.786736,31.81,31.785202,31.74,31.79867,31.76,31.745872,32.11,31.794199
31.84,31.666676,31.74,31.666834,31.74,31.676123,31.79,31.626856,32.27,31.675446
31.81,31.592745,31.74,31.593016,31.76,31.600079,31.95,31.554815,32.3,31.6011
31.74,31.58075,31.74,31.58123,31.79,31.588867,32.11,31.544163,32.22,31.59007
31.74,31.574688,31.76,31.575903,31.95,31.583979,32.27,31.538414,32.27,31.585024
31.74,31.588604,31.79,31.590246,32.11,31.598932,32.3,31.551918,32.39,31.599253
31.76,31.615711,31.95,31.617132,32.27,31.626955,32.22,31.579018,32.85,31.626375
31.79,31.62991,32.11,31.630947,32.3,31.641712,32.27,31.593637,33.53,31.640995
31.95,31.599516,32.27,31.600864,32.22,31.610552,32.39,31.563696,33.98,31.610447
32.11,31.467096,32.3,31.467865,32.27,31.474977,32.85,31.43789,34.11,31.478172
32.27,31.56778,32.22,31.56912,32.39,31.579325,33.53,31.535027,34.56,31.579884
32.3,31.600922,32.27,31.602648,32.85,31.614628,33.98,31.568178,34.43,31.613728
32.22,31.657578,32.39,31.659983,33.53,31.674425,34.11,31.624166,34.04,31.670986
32.27,31.76613,32.85,31.768555,33.98,31.78669,34.56,31.730528,34.01,31.779661
32.39,31.896578,33.53,31.897776,34.11,31.919996,34.43,31.858625,33.97,31.909445
32.85,32.05455,33.98,32.054497,34.56,32.081196,34.04,32.01257,33.88,32.066734
33.53,32.425438,34.11,32.425266,34.43,32.46004,34.01,32.3699,33.85,32.432167
33.98,32.871754,34.56,32.870106,34.04,32.914734,33.97,32.799458,33.81,32.87035
34.11,33.0239,34.43,33.0227,34.01,33.074245,33.88,32.950214,33.85,33.02313
34.56,33.264038,34.04,33.26224,33.97,33.324516,33.85,33.187366,33.85,33.26324
34.43,33.454,34.01,33.452454,33.88,33.52295,33.81,33.376064,33.98,33.450455
34.04,33.857964,33.97,33.851856,33.85,33.937187,33.85,33.771385,33.99,33.848934
34.01,34.13459,33.88,34.12731,33.81,34.221893,33.85,34.04032,33.92,34.11982
33.97,34.28546,33.85,34.278015,33.85,34.373196,33.98,34.181957,33.5,34.26206
33.88,34.391422,33.81,34.383995,33.85,34.47961,33.99,34.28335,33.26,34.36032
33.85,34.367126,33.85,34.362015,33.98,34.454933,33.92,34.26023,33.08,34.332676
33.81,34.2356,33.85,34.230946,33.99,34.315464,33.5,34.130016,33.18,34.199257
33.85,33.999203,33.98,33.978764,33.92,34.055824,33.26,33.904316,33.18,33.9646
33.85,34.030563,33.99,34.009216,33.5,34.08224,33.08,33.9296,33.11,33.990654
33.98,33.93717,33.92,33.914158,33.26,33.978127,33.18,33.833633,33.0,33.89317
33.99,33.783875,33.5,33.760128,33.08,33.814148,33.18,33.68099,32.95,33.737705
33.92,33.54637,33.26,33.522095,33.18,33.56469,33.11,33.44787,32.84,33.50014
33.5,33.409187,33.08,33.385334,33.18,33.420692,33.0,33.311707,32.83,33.362495
33.26,33.318565,33.18,33.295357,33.11,33.327927,32.95,33.224316,33.05,33.27302
33.08,33.232,33.18,33.209736,33.0,33.240295,32.84,33.140522,33.32,33.188835
33.18,33.213097,33.11,33.190716,32.95,33.219563,32.83,33.120304,33.56,33.16938
33.18,33.19596,33.0,33.173767,32.84,33.202972,33.05,33.105602,33.69,33.1526
33.11,33.061447,32.95,33.04002,32.83,33.06519,33.32,32.9741,33.56,33.02046
33.0,33.018497,32.84,32.999016,33.05,33.022964,33.56,32.930992,33.68,32.979588
32.95,32.96866,32.83,32.950405,33.32,32.973053,33.69,32.88171,33.73,32.931538
32.84,32.925476,33.05,32.907986,33.56,32.929775,33.56,32.839867,33.55,32.88961
32.83,33.02824,33.32,33.012676,33.69,33.038048,33.68,32.938114,33.65,32.993317
33.05,33.375553,33.56,33.367966,33.56,33.401913,33.73,33.27048,33.78,33.33603
33.32,33.633755,33.69,33.62999,33.68,33.671703,33.55,33.517525,33.9,33.592003
33.56,33.604954,33.56,33.600094,33.73,33.642673,33.65,33.489983,34.09,33.56689
33.69,33.77055,33.68,33.766823,33.55,33.817974,33.78,33.650936,34.27,33.73566
33.56,34.02012,33.73,34.01713,33.65,34.079212,33.9,33.892292,34.27,33.986225
33.68,34.184658,33.55,34.181076,33.78,34.252308,34.09,34.055607,34.3,34.152348
33.73,34.26801,33.65,34.263077,33.9,34.338642,34.27,34.138824,34.36,34.234276
33.55,34.542683,33.78,34.535698,34.09,34.623306,34.27,34.40536,34.39,34.507885
33.65,34.591393,33.9,34.583828,34.27,34.67502,34.3,34.454983,34.47,34.557274
33.78,34.644264,34.09,34.636898,34.27,34.729904,34.36,34.505295,34.48,34.609795
33.9,34.65059,34.27,34.64171,34.3,34.73435,34.39,34.51059,34.48,34.615643
34.09,34.615776,34.27,34.60453,34.36,34.69668,34.47,34.478542,34.54,34.581642
34.27,34.701725,34.3,34.69053,34.39,34.7855,34.48,34.56035,34.68,34.666595
34.27,34.608288,34.36,34.596912,34.47,34.686157,34.48,34.469486,34.85,34.570827
34.3,34.440468,34.39,34.42721,34.48,34.5095,34.54,34.309414,34.86,34.4018
34.36,34.421497,34.47,34.40847,34.48,34.488308,34.68,34.290302,35.03,34.379925
34.39,34.459724,34.48,34.446877,34.54,34.52624,34.85,34.325455,35.15,34.415462
34.47,34.305832,34.48,34.28995,34.68,34.36485,34.86,34.180973,35.26,34.26313
34.48,34.3904,34.54,34.374672,34.85,34.451138,35.03,34.260487,35.3,34.34575
34.48,34.34901,34.68,34.33261,34.86,34.4071,35.15,34.22233,35.33,34.30305
34.54,34.389694,34.85,34.371384,35.03,34.447117,35.26,34.261196,35.36,34.343307
34.68,34.45279,34.86,34.43287,35.15,34.50912,35.3,34.318832,35.36,34.40484
34.85,34.535564,35.03,34.514893,35.26,34.592793,35.33,34.39711,35.28,34.485035
34.86,34.77852,35.15,34.760254,35.3,34.844845,35.36,34.626453,35.2,34.723522
35.03,34.9648,35.26,34.946434,35.33,35.037807,35.36,34.802956,35.14,34.908733
35.15,35.11568,35.3,35.09688,35.36,35.194466,35.28,34.946445,35.04,35.059437
35.26,35.166977,35.33,35.148186,35.36,35.24761,35.2,34.99552,34.94,35.109787
35.3,35.273216,35.36,35.25421,35.28,35.358997,35.14,35.097797,34.86,35.216583
35.33,35.35393,35.36,35.334473,35.2,35.442623,35.04,35.175102,34.74,35.296368
35.36,35.52224,35.28,35.50081,35.14,35.617622,34.94,35.336903,34.62,35.46457
35.36,35.442646,35.2,35.422585,35.04,35.53357,34.86,35.259747,34.52,35.381622
35.28,35.392136,35.14,35.37336,34.94,35.480206,34.74,35.21101,34.46,35.327957
35.2,35.38652,35.04,35.368656,34.86,35.47392,34.62,35.205288,34.38,35.320366
35.14,35.302383,34.94,35.279316,34.74,35.380047,34.52,35.125614,34.26,35.233887
35.04,35.236343,34.86,35.211536,34.62,35.306946,34.46,35.06079,34.17,35.164818
34.94,35.150433,34.74,35.124817,34.52,35.214245,34.38,34.977024,34.15,35.0764
34.86,35.204723,34.62,35.179493,34.46,35.270615,34.26,35.02731,34.05,35.130585
34.74,35.133343,34.52,35.108192,34.38,35.194374,34.17,34.956913,33.96,35.05823
34.62,35.018147,34.46,34.993046,34.26,35.07221,34.15,34.84493,33.9,34.940987
34.52,34.885246,34.38,34.8595,34.17,34.931957,34.05,34.716278,33.79,34.808224
34.46,34.81321,34.26,34.787685,34.15,34.8568,33.96,34.646374,33.63,34.736977
34.38,34.820126,34.17,34.795982,34.05,34.86515,33.9,34.651524,33.39,34.74472
34.26,34.763153,34.15,34.739777,33.96,34.806583,33.79,34.596176,33.19,34.688477
34.17,34.67205,34.05,34.64926,33.9,34.712906,33.63,34.508575,33.03,34.59923
34.15,34.5643,33.96,34.541748,33.79,34.601524,33.39,34.40472,32.84,34.493435
34.05,34.612564,33.9,34.592503,33.63,34.655655,33.19,34.451286,32.76,34.544395
33.96,34.556797,33.79,34.537815,33.39,34.59973,33.03,34.39869,32.78,34.49007
33.9,34.41327,33.63,34.394077,33.19,34.45149,32.84,34.261215,32.79,34.348763
33.79,34.321686,33.39,34.301903,33.03,34.356976,32.76,34.1735,32.7,34.259907
33.63,34.178165,33.19,34.157436,32.84,34.20861,32.78,34.03713,32.7,34.118362
33.39,34.06534,33.03,34.044327,32.76,34.093025,32.79,33.929775,32.79,34.008312
33.19,33.96174,32.84,33.941113,32.78,33.986877,32.7,33.830784,32.7,33.906452
33.03,33.821484,32.76,33.80051,32.79,33.842575,32.7,33.697166,32.7,33.76815
32.84,33.802452,32.78,33.782654,32.7,33.824505,32.79,33.677834,32.59,33.750706
32.76,33.708454,32.79,33.689453,32.7,33.72852,32.7,33.586372,32.47,33.659073
32.78,33.374016,32.7,33.35512,32.79,33.383884,32.7,33.264935,32.35,33.328053
32.79,33.04312,32.7,33.024105,32.7,33.043076,32.59,32.946434,32.23,33.00003
32.7,32.947697,32.79,32.929455,32.7,32.94701,32.47,32.85493,32.11,32.9078
32.7,32.803196,32.7,32.786194,32.59,32.80119,32.35,32.71566,32.0,32.76759
32.79,32.691177,32.7,32.676365,32.47,32.689228,32.23,32.606358,32.02,32.659645
32.7,32.606045,32.59,32.592888,32.35,32.604492,32.11,32.523685,32.14,32.577824
32.7,32.44962,32.47,32.437313,32.23,32.44654,32.0,32.374012,32.18,32.42453
32.59,32.35642,32.35,32.34552,32.11,32.354454,32.02,32.285057,32.11,32.3351
32.47,32.21651,32.23,32.20645,32.0,32.21328,32.14,32.150967,32.17,32.197685
32.35,32.173317,32.11,32.16394,32.02,32.172142,32.18,32.111885,32.29,32.15701
32.23,32.169434,32.0,32.160698,32.14,32.170326,32.11,32.10939,32.41,32.154892
32.11,32.162,32.02,32.154007,32.18,32.164875,32.17,32.10369,32.41,32.14898
32.0,32.102116,32.14,32.09413,32.11,32.104073,32.29,32.0463,32.3,32.089855
32.02,32.067635,32.18,32.059917,32.17,32.068832,32.41,32.01253,32.18,32.055702
32.14,32.00034,32.11,31.992743,32.29,31.999653,32.41,31.946726,32.06,31.988867
32.18,31.929142,32.17,31.92216,32.41,31.927141,32.3,31.876957,31.94,31.91882
32.11,31.86071,32.29,31.854445,32.41,31.857973,32.18,31.810066,31.88,31.852062
32.17,31.897984,32.41,31.892517,32.3,31.898031,32.06,31.8458,31.85,31.891636
32.29,32.423107,32.41,32.420174,32.18,32.437748,31.94,32.353207,31.73,32.408474
32.41,32.799347,32.3,32.79599,32.06,32.823303,31.88,32.7163,31.69,32.77919
32.41,32.75811,32.18,32.754776,31.94,32.78259,31.85,32.678123,31.67,32.739735
32.3,32.73489,32.06,32.73211,31.88,32.7606,31.73,32.656216,31.67,32.71857
32.18,32.756702,31.94,32.754784,31.85,32.7853,31.69,32.678585,31.66,32.741676
32.06,32.808044,31.88,32.80643,31.73,32.839523,31.67,32.729702,31.64,32.793404
31.94,32.861004,31.85,32.85913,31.69,32.894466,31.67,32.782375,31.63,32.84609
31.88,32.87735,31.73,32.8747,31.67,32.91103,31.66,32.79965,31.62,32.861946
31.85,32.872307,31.69,32.868874,31.67,32.904564,31.64,32.794712,31.61,32.85595
31.73,32.757874,31.67,32.75392,31.66,32.785816,31.63,32.68408,31.65,32.74094
31.69,32.179653,31.67,32.17731,31.64,32.195446,31.62,32.124874,31.67,32.17305
31.67,31.693684,31.66,31.690926,31.63,31.69657,31.61,31.653534,31.67,31.692722
31.67,31.639475,31.64,31.63679,31.62,31.640102,31.65,31.599222,31.61,31.638588
31.66,31.581985,31.63,31.579077,31.61,31.580732,31.67,31.543333,31.59,31.581284
31.64,31.499477,31.62,31.496325,31.65,31.495468,31.67,31.4624,31.59,31.499298
31.63,31.405392,31.61,31.402697,31.67,31.399544,31.61,31.370531,31.58,31.406502
31.62,31.32989,31.65,31.328068,31.67,31.323603,31.59,31.296967,31.58,31.332788
31.61,31.28246,31.67,31.281624,31.61,31.276897,31.59,31.251198,31.57,31.287128
31.65,31.261229,31.67,31.261227,31.59,31.257246,31.58,31.231619,31.57,31.267508
31.67,31.255217,31.61,31.255928,31.59,31.25305,31.58,31.226913,31.58,31.262903
31.67,31.255796,31.59,31.256956,31.58,31.255089,31.57,31.228424,31.59,31.26449
31.61,31.25872,31.59,31.260195,31.58,31.259422,31.57,31.232456,31.59,31.268274
31.59,31.265621,31.58,31.267612,31.57,31.268003,31.58,31.240126,31.58,31.276142
31.59,31.280603,31.58,31.28298,31.57,31.284246,31.59,31.255013,31.57,31.29162
31.58,31.297867,31.57,31.300243,31.58,31.302284,31.59,31.272373,31.57,31.30888
31.58,31.302576,31.57,31.304737,31.59,31.307095,31.58,31.277412,31.56,31.313515
31.57,31.293829,31.58,31.295975,31.59,31.29815,31.57,31.268913,31.56,31.304913
31.57,31.284742,31.59,31.287004,31.58,31.28898,31.57,31.259985,31.56,31.29603
31.58,31.280811,31.59,31.283173,31.57,31.285168,31.56,31.256227,31.57,31.292278
31.59,31.278957,31.58,31.281366,31.57,31.283405,31.56,31.254503,31.59,31.290545
31.59,31.277126,31.57,31.2796,31.56,31.281712,31.56,31.25283,31.6,31.288841
31.58,31.273514,31.57,31.275955,31.56,31.277918,31.57,31.249228,31.62,31.285234
31.57,31.266901,31.56,31.269314,31.56,31.27116,31.59,31.242897,31.62,31.278679
31.57,31.257473,31.56,31.259867,31.57,31.261513,31.6,31.23371,31.61,31.26939
31.56,31.250841,31.56,31.253435,31.59,31.25512,31.62,31.227398,31.52,31.263084
31.56,31.250952,31.57,31.253695,31.6,31.255465,31.62,31.227457,31.51,31.263382
31.56,31.255068,31.59,31.257864,31.62,31.259901,31.61,31.231693,31.5,31.26757
31.57,31.257566,31.6,31.260332,31.62,31.262514,31.52,31.234268,31.48,31.27009
31.59,31.256563,31.62,31.259325,31.61,31.261526,31.51,31.233332,31.48,31.269125
31.6,31.25547,31.62,31.258266,31.52,31.2605,31.5,31.232325,31.47,31.268106
31.62,31.255701,31.61,31.258543,31.51,31.260834,31.48,31.232576,31.47,31.268404
31.62,31.262098,31.52,31.264969,31.5,31.267548,31.48,31.238873,31.47,31.274954
31.61,31.266603,31.51,31.269459,31.48,31.27222,31.47,31.24332,31.46,31.2795
31.52,31.270044,31.5,31.27294,31.48,31.275883,31.47,31.246794,31.46,31.282976
31.51,31.274586,31.48,31.277514,31.47,31.280592,31.47,31.251213,31.45,31.287521
31.5,31.280434,31.48,31.283403,31.47,31.286604,31.46,31.256872,31.45,31.2933
31.48,31.28124,31.47,31.283943,31.47,31.286856,31.46,31.2574,31.47,31.293745
31.48,31.27316,31.47,31.275728,31.46,31.27843,31.45,31.249722,31.48,31.28558
31.47,31.25926,31.47,31.261799,31.46,31.263933,31.45,31.235758,31.5,31.271744
31.47,31.247389,31.46,31.249992,31.45,31.251743,31.47,31.224045,31.5,31.259943
31.47,31.238405,31.46,31.241018,31.45,31.242535,31.48,31.21528,31.5,31.25106
31.46,31.222212,31.45,31.224813,31.47,31.225779,31.5,31.199356,31.48,31.234829
31.46,31.206846,31.45,31.209484,31.48,31.210068,31.5,31.184404,31.47,31.219591
31.45,31.191341,31.47,31.193998,31.5,31.19416,31.5,31.16918,31.46,31.204266
31.45,31.175097,31.48,31.177813,31.5,31.177639,31.48,31.153385,31.46,31.188265
31.47,31.159739,31.5,31.162523,31.5,31.162148,31.47,31.138548,31.41,31.173244
31.48,31.150213,31.5,31.153334,31.48,31.153101,31.46,31.129562,31.33,31.164291
31.5,31.14964,31.5,31.152966,31.47,31.152912,31.46,31.129002,31.26,31.164043
31.5,31.155788,31.48,31.159275,31.46,31.159771,31.41,31.135534,31.18,31.170444
31.5,31.16255,31.47,31.16609,31.46,31.167017,31.33,31.142368,31.08,31.177376
31.48,31.168797,31.46,31.17244,31.41,31.173697,31.26,31.148628,30.96,31.18374
31.47,31.176857,31.46,31.18053,31.33,31.18212,31.18,31.156647,30.95,31.191824
31.46,31.183672,31.41,31.187336,31.26,31.189137,31.08,31.163363,30.94,31.198587
31.46,31.18729,31.33,31.190874,31.18,31.192705,30.96,31.166874,30.92,31.202076
31.41,31.187683,31.26,31.191216,31.08,31.193035,30.95,31.16729,30.91,31.202414
31.33,31.185896,31.18,31.189384,30.96,31.191065,30.94,31.16543,30.89,31.200563
31.26,31.184702,31.08,31.188238,30.95,31.18988,30.92,31.164244,30.88,31.199387
31.18,31.18254,30.96,31.186005,30.94,31.187342,30.91,31.1618,30.86,31.197054
31.08,31.17222,30.95,31.175426,30.92,31.176163,30.89,31.151487,30.83,31.18642
30.96,31.147583,30.94,31.15052,30.91,31.15028,30.88,31.127176,30.79,31.161602
30.95,31.107779,30.92,31.110527,30.89,31.108782,30.86,31.087717,30.7,31.121763
30.94,31.05813,30.91,31.0608,30.88,31.057404,30.83,31.038754,30.6,31.072279
30.92,30.998947,30.89,31.001467,30.86,30.99625,30.79,30.980545,30.52,31.013376
30.91,30.93514,30.88,30.937918,30.83,30.9313,30.7,30.918344,30.52,30.950462
30.89,30.876266,30.86,30.879488,30.79,30.871584,30.6,30.860563,30.5,30.892656
30.88,30.828539,30.83,30.83224,30.7,30.8236,30.52,30.814201,31.8,30.845982
30.86,30.78759,30.79,30.791584,30.6,30.782475,30.52,30.77465,31.79,30.805986
30.83,30.746143,30.7,30.750513,30.52,30.741032,30.5,30.734734,31.78,30.76562
30.79,30.710178,30.6,30.715082,30.52,30.705475,31.8,30.70018,31.77,30.730864
30.7,30.684608,30.52,30.690035,30.5,30.680515,31.79,30.675697,31.75,30.706375
30.6,30.668756,30.52,30.67463,31.8,30.665491,31.78,30.660936,31.74,30.691454
30.52,30.65796,30.5,30.664219,31.79,30.655573,31.77,30.651093,31.72,30.681532
30.52,30.649614,31.8,30.656225,31.78,30.647915,31.75,30.643354,31.7,30.673876
30.5,30.637129,31.79,30.643734,31.77,30.635275,31.74,30.63132,31.69,30.661646
31.8,30.61156,31.78,30.618002,31.75,30.609121,31.72,30.606785,31.68,30.6363
31.79,30.57388,31.77,30.580477,31.74,30.570854,31.7,30.570015,31.66,30.59923
31.78,30.5268,31.75,30.53312,31.72,30.523138,31.69,30.524939,31.69,30.553
31.77,30.558693,31.74,30.568686,31.7,30.563889,31.68,30.560143,31.64,30.589355
31.75,30.703556,31.72,30.716286,31.69,30.71447,31.66,30.69685,31.64,30.735025
31.74,30.913425,31.7,30.927195,31.68,30.933052,31.69,30.905823,31.63,30.943813
31.72,31.067873,31.69,31.080189,31.66,31.089813,31.64,31.057016,31.63,31.096174
31.7,31.140741,31.68,31.152597,31.69,31.163315,31.64,31.127441,31.62,31.167522
31.69,31.219673,31.66,31.231033,31.64,31.243298,31.63,31.204296,31.6,31.245016
31.68,31.308868,31.69,31.319635,31.64,31.333757,31.63,31.291252,31.59,31.332666
31.66,31.409891,31.64,31.420052,31.63,31.436298,31.62,31.389824,31.58,31.431831
31.69,31.51617,31.64,31.52541,31.63,31.543644,31.6,31.493423,31.58,31.5357
31.64,31.622879,31.63,31.631859,31.62,31.651201,31.59,31.59598,31.56,31.639717
31.64,31.6545,31.63,31.659046,31.6,31.673597,31.58,31.621904,31.54,31.664951
31.63,31.556396,31.62,31.558224,31.59,31.569834,31.58,31.529968,31.52,31.564945
31.63,31.407377,31.6,31.407963,31.58,31.412315,31.56,31.379494,31.5,31.415958
31.62,31.33178,31.59,31.333326,31.58,31.335238,31.54,31.304855,31.48,31.34117
31.6,31.3214,31.58,31.323006,31.56,31.32478,31.52,31.294739,31.46,31.331108
31.59,31.31232,31.58,31.314087,31.54,31.315815,31.5,31.285997,31.44,31.322369
31.58,31.306162,31.56,31.308037,31.52,31.309801,31.48,31.280155,31.41,31.316477
31.58,31.30029,31.54,31.302248,31.5,31.304007,31.46,31.274551,31.4,31.310827
31.56,31.293886,31.52,31.29591,31.48,31.297653,31.44,31.268452,31.38,31.304632
31.54,31.286436,31.5,31.28851,31.46,31.290186,31.41,31.2613,31.38,31.297394
31.52,31.279476,31.48,31.281693,31.44,31.28335,31.4,31.254614,31.36,31.290695
31.5,31.271536,31.46,31.273687,31.41,31.275093,31.38,31.246756,31.32,31.282791
31.48,31.262142,31.44,31.264402,31.4,31.26582,31.38,31.237978,31.28,31.273682
31.46,31.250711,31.41,31.252987,31.38,31.254059,31.36,31.226585,31.23,31.26242
31.44,31.238815,31.4,31.241194,31.38,31.242062,31.32,31.21512,31.21,31.250708
31.41,31.225822,31.38,31.22819,31.36,31.228746,31.28,31.202452,31.2,31.237862
31.4,31.21007,31.38,31.212496,31.32,31.212736,31.23,31.187143,31.2,31.222355
31.38,31.19417,31.36,31.196688,31.28,31.196619,31.21,31.171661,31.19,31.206758
31.38,31.178175,31.32,31.18077,31.23,31.180363,31.2,31.156048,31.15,31.19103
31.36,31.162292,31.28,31.164995,31.21,31.164349,31.2,31.140705,31.12,31.17548
31.32,31.144968,31.23,31.147722,31.2,31.146715,31.19,31.123808,31.09,31.158445
31.28,31.127962,31.21,31.13088,31.2,31.129702,31.15,31.107445,31.05,31.141867
31.23,31.1128,31.2,31.115875,31.19,31.114454,31.12,31.092659,31.02,31.127096
31.21,31.09847,31.2,31.10166,31.15,31.100027,31.09,31.078796,30.98,31.113071
31.2,31.082104,31.19,31.08533,31.12,31.08342,31.05,31.062954,30.95,31.096987
31.2,31.06032,31.15,31.063578,31.09,31.061182,31.02,31.041721,30.92,31.075497
31.19,31.035963,31.12,31.039335,31.05,31.036512,30.98,31.018091,30.9,31.051577
31.15,31.012602,31.09,31.016161,31.02,31.01297,30.95,30.99538,30.88,31.028736
31.12,30.994028,31.05,30.997875,30.98,30.994553,30.92,30.97748,30.85,31.010765
31.09,30.982607,31.02,30.986652,30.95,30.983324,30.9,30.96647,30.82,30.999865
31.05,30.96917,30.98,30.973314,30.92,30.96988,30.88,30.953573,30.8,30.986757
31.02,30.950996,30.95,30.955164,30.9,30.951418,30.85,30.935974,30.8,30.968882
30.98,30.927057,30.92,30.931313,30.88,30.927126,30.82,30.912745,30.85,30.945341
30.95,30.90151,30.9,30.905924,30.85,30.901289,30.8,30.887882,30.88,30.920286
30.92,30.878365,30.88,30.883,30.82,30.87804,30.8,30.865442,30.9,30.89769
30.9,30.859049,30.85,30.863909,30.8,30.858768,30.85,30.846766,30.92,30.878912
30.88,30.84117,30.82,30.846203,30.8,30.840864,30.88,30.829468,30.95,30.861486
30.85,30.821842,30.8,30.826988,30.85,30.821377,30.9,30.810778,30.98,30.842564
30.82,30.79859,30.8,30.803822,30.88,30.797813,30.92,30.788204,30.98,30.81971
30.8,30.769901,30.85,30.77528,30.9,30.768732,30.95,30.760319,30.95,30.791443
30.8,30.743399,30.88,30.748997,30.92,30.742062,30.98,30.734602,30.92,30.765518
30.85,30.719126,30.9,30.724945,30.95,30.717669,30.98,30.71103,30.89,30.741806
30.88,30.697495,30.92,30.703531,30.98,30.696089,30.95,30.69023,30.88,30.720758
30.9,30.678877,30.95,30.685158,30.98,30.677723,30.92,30.672447,30.88,30.702795
30.92,30.666811,30.98,30.673487,30.95,30.666342,30.89,30.661129,30.85,30.691498
30.95,30.665625,30.98,30.672703,30.92,30.666094,30.88,30.660404,30.84,30.690983
30.98,30.674374,30.95,30.681734,30.89,30.675901,30.88,30.669502,30.82,30.700197
30.98,30.687765,30.92,30.695282,30.88,30.69027,30.85,30.683134,30.8,30.7139
30.95,30.70223,30.89,30.709888,30.88,30.705612,30.84,30.697674,30.8,30.728584
30.92,30.719074,30.88,30.726856,30.85,30.723318,30.82,30.71446,30.78,30.745573
30.89,30.738739,30.88,30.746595,30.84,30.743736,30.8,30.733883,30.76,30.765236
30.88,30.758223,30.85,30.766027,30.82,30.763702,30.8,30.753033,30.75,30.784534
30.88,30.773869,30.84,30.781542,30.8,30.779543,30.78,30.768358,30.75,30.799904
30.85,30.78307,30.82,30.790567,30.8,30.788563,30.76,30.77716,30.74,30.808743
30.84,30.78449,30.8,30.791739,30.78,30.78943,30.75,30.778286,30.73,30.809761
30.82,30.778917,30.8,30.785988,30.76,30.783264,30.75,30.772646,30.72,30.803917
30.8,30.76717,30.78,30.774078,30.75,30.770699,30.74,30.76075,30.71,30.791962
30.8,30.752764,30.76,30.759613,30.75,30.755661,30.73,30.74646,30.7,30.777481
30.78,30.736212,30.75,30.742973,30.74,30.73834,30.72,30.729948,30.69,30.760864
30.76,30.715452,30.75,30.722134,30.73,30.716806,30.71,30.709507,30.69,30.74011
30.75,30.692842,30.74,30.69956,30.72,30.693678,30.7,30.6874,30.7,30.717733
30.75,30.671625,30.73,30.678493,30.71,30.67215,30.69,30.66656,30.73,30.696878
30.74,30.656458,30.72,30.663519,30.7,30.656979,30.69,30.651838,30.76,30.682085
30.73,30.647108,30.71,30.654343,30.69,30.647814,30.7,30.642908,30.78,30.673086
30.72,30.639982,30.7,30.647367,30.69,30.640867,30.73,30.636095,30.8,30.666283
30.71,30.633059,30.69,30.640505,30.7,30.634007,30.76,30.62949,30.8,30.659567
30.7,30.62577,30.69,30.633318,30.73,30.626865,30.78,30.62261,30.78,30.652554
30.69,30.617643,30.7,30.625277,30.76,30.618734,30.8,30.6147,30.78,30.644663
30.69,30.610573,30.73,30.61832,30.78,30.6118,30.8,30.607983,30.8,30.637836
30.7,30.605,30.76,30.61284,30.8,30.606333,30.78,30.602642,30.82,30.632492
30.73,30.598618,30.78,30.60651,30.8,30.59995,30.78,30.59649,30.83,30.626274
30.76,30.59275,30.8,30.600718,30.78,30.59422,30.8,30.590994,30.84,30.620628
30.78,30.588161,30.8,30.59627,30.78,30.589851,30.82,30.586645,30.85,30.616331
30.8,30.588161,30.78,30.596457,30.8,30.590298,30.83,30.58685,30.86,30.61662
30.8,30.594193,30.78,30.602615,30.82,30.596853,30.84,30.592953,30.86,30.62284
30.78,30.603657,30.8,30.61218,30.83,30.60688,30.85,30.602476,30.85,30.632442
30.78,30.615124,30.82,30.623709,30.84,30.618877,30.86,30.613867,30.84,30.643969
30.8,30.627169,30.83,30.63577,30.85,30.631311,30.86,30.62572,30.83,30.65597
30.82,30.63801,30.84,30.646534,30.86,30.64234,30.85,30.63638,30.82,30.666662
30.83,30.646158,30.85,30.654612,30.86,30.650635,30.84,30.644445,30.82,30.67469
30.84,30.65352,30.86,30.661983,30.85,30.658216,30.83,30.651651,30.8,30.682016
30.85,30.664072,30.86,30.672586,30.84,30.669071,30.82,30.661926,30.79,30.692507
30.86,30.678144,30.85,30.686615,30.83,30.683422,30.82,30.67567,30.79,30.70639
30.86,30.690804,30.84,30.69914,30.82,30.696121,30.8,30.687992,30.8,30.718761
30.85,30.698423,30.83,30.706583,30.82,30.703587,30.79,30.69535,30.81,30.726074
30.84,30.701736,30.82,30.709784,30.8,30.706673,30.79,30.69842,30.82,30.729141
30.83,30.702856,30.82,30.710806,30.79,30.70751,30.8,30.699305,30.83,30.73006
30.82,30.703445,30.8,30.71131,30.79,30.70789,30.81,30.699785,30.84,30.73049
30.82,30.704493,30.79,30.712337,30.8,30.708868,30.82,30.70072,30.85,30.73146
30.8,30.706541,30.79,30.714376,30.81,30.710817,30.83,30.702536,30.85,30.733406
30.79,30.708632,30.8,30.716362,30.82,30.712723,30.84,30.70448,30.84,30.735302
30.79,30.707579,30.81,30.7152,30.83,30.71139,30.85,30.70337,30.83,30.734083
30.8,30.708286,30.82,30.715761,30.84,30.711895,30.85,30.703848,30.82,30.734865
30.81,30.6997,30.83,30.70713,30.85,30.702917,30.84,30.695343,30.82,30.726229
30.82,30.691303,30.84,30.698706,30.85,30.694218,30.83,30.687025,30.83,30.717886
30.83,30.682306,30.85,30.689749,30.84,30.685026,30.82,30.678185,30.84,30.70899
30.84,30.678999,30.85,30.686495,30.83,30.681812,30.82,30.674982,30.85,30.705923
30.85,30.675951,30.84,30.683554,30.82,30.678905,30.83,30.672096,30.86,30.703047
30.85,30.676525,30.83,30.684216,30.82,30.679733,30.84,30.672758,30.86,30.703785
30.84,30.68027,30.82,30.688047,30.83,30.683804,30.85,30.676569,30.85,30.70765
30.83,30.686272,30.82,30.694113,30.84,30.690147,30.86,30.682566,30.85,30.713718
30.82,30.69276,30.83,30.7006,30.85,30.696852,30.86,30.688961,30.86,30.720192
30.82,30.692211,30.84,30.700075,30.86,30.696264,30.85,30.688547,30.88,30.719408
30.83,30.69706,30.85,30.70489,30.86,30.701176,30.85,30.693243,30.9,30.724182
30.84,30.6995,30.86,30.707304,30.85,30.70358,30.86,30.695599,30.91,30.7265
30.85,30.70147,30.86,30.709208,30.85,30.705465,30.88,30.697508,30.92,30.728361
30.86,30.69841,30.85,30.70612,30.86,30.702196,30.9,30.694477,30.94,30.725138
30.86,30.715134,30.85,30.722723,30.88,30.719496,30.91,30.71081,30.95,30.742374
30.85,30.72298,30.86,30.73053,30.9,30.727608,30.92,30.71845,30.98,30.75042
30.85,30.739489,30.88,30.746965,30.91,30.74469,30.94,30.734571,31.0,30.767353
30.86,30.801308,30.9,30.80848,30.92,30.808441,30.95,30.7949,31.01,30.83037
30.88,30.801123,30.91,30.808237,30.94,30.808147,30.98,30.794695,31.02,30.830114
30.9,30.800137,30.92,30.807243,30.95,30.807142,31.0,30.793764,31.03,30.829144
30.91,30.800669,30.94,30.807823,30.98,30.807777,31.01,30.79429,31.05,30.82974
30.92,30.805777,30.95,30.813034,31.0,30.813221,31.02,30.799358,31.07,30.834944
30.94,30.821516,30.98,30.828812,31.01,30.829569,31.03,30.814787,31.09,30.85086
30.95,30.834703,31.0,30.841976,31.02,30.843098,31.05,30.827719,31.11,30.863972
30.98,30.826492,31.01,30.83378,31.03,30.834387,31.07,30.819708,31.14,30.85507
31.0,30.827175,31.02,30.834454,31.05,30.834913,31.09,30.820375,31.16,30.855413
31.01,30.818785,31.03,30.826078,31.07,30.82599,31.11,30.812098,31.18,30.846428
31.02,30.76663,31.05,30.774221,31.09,30.772135,31.14,30.7613,31.2,30.79295
31.03,30.779097,31.07,30.78673,31.11,30.784967,31.16,30.773457,31.21,30.805355
31.05,30.795145,31.09,30.802773,31.14,30.801395,31.18,30.789125,31.21,30.82124
31.07,30.812634,31.11,30.820166,31.16,30.819172,31.2,30.806232,31.23,30.838451
31.09,30.827187,31.14,30.83456,31.18,30.83377,31.21,30.820368,31.23,30.85266
31.11,30.832994,31.16,30.84028,31.2,30.839403,31.21,30.825981,31.2,30.85802
31.14,30.844297,31.18,30.851486,31.21,30.850777,31.23,30.836903,31.19,30.869093
31.16,30.856577,31.2,30.863724,31.21,30.86319,31.23,30.84878,31.18,30.881145
31.18,30.878696,31.21,30.885715,31.23,30.885761,31.2,30.870325,31.18,30.903229
31.2,30.934692,31.21,30.941145,31.23,30.943338,31.19,30.925486,29.78,30.960018
31.21,30.953321,31.23,30.959656,31.2,30.962137,31.18,30.943466,29.8,30.978365
31.21,30.96912,31.23,30.975336,31.19,30.978077,31.18,30.958858,29.81,30.993805
31.23,31.138968,31.2,31.145563,31.18,31.15232,29.78,31.121778,29.82,31.164154
31.23,31.278223,31.19,31.285082,31.18,31.295246,29.8,31.25535,29.82,31.30417
31.2,31.29874,31.18,31.305462,29.78,31.315926,29.81,31.275156,29.84,31.324272
31.19,31.481989,31.18,31.48911,29.8,31.503538,29.82,31.450258,29.85,31.50766
31.18,31.500298,29.78,31.507257,29.81,31.521832,29.82,31.46773,29.87,31.525524
31.18,31.510643,29.8,31.517328,29.82,31.5318,29.84,31.477528,29.88,31.535332
29.78,31.520159,29.81,31.526617,29.82,31.541029,29.85,31.486519,29.9,31.544495
29.8,31.466549,29.82,31.473124,29.84,31.48512,29.87,31.433563,29.94,31.489595
29.81,31.45692,29.82,31.464108,29.85,31.474869,29.88,31.422644,29.97,31.479704
29.82,31.387106,29.84,31.39088,29.87,31.394928,29.9,31.349596,30.0,31.4047
29.82,31.061956,29.85,31.064726,29.88,31.060812,29.94,31.038237,30.03,31.078127
29.84,30.729837,29.87,30.733067,29.9,30.717815,29.97,30.70968,30.06,30.745716
29.85,30.523594,29.88,30.529963,29.94,30.50945,30.0,30.506153,30.11,30.542377
29.87,30.313862,29.9,30.320889,29.97,30.296083,30.03,30.303522,30.16,30.333584
29.88,30.232695,29.94,30.240488,30.0,30.214945,30.06,30.225227,30.25,30.254238
29.9,30.154503,29.97,30.16299,30.03,30.137043,30.11,30.15036,30.37,30.178026
29.94,30.068172,30.0,30.077183,30.06,30.050303,30.16,30.06738,30.49,30.093004
29.97,29.983685,30.03,29.993141,30.11,29.9656,30.25,29.986568,30.61,30.010069
30.0,29.886522,30.06,29.895924,30.16,29.867798,30.37,29.893967,30.8,29.914577
30.03,29.877102,30.11,29.890394,30.25,29.869024,30.49,29.890816,31.15,29.913994
30.06,29.912554,30.16,29.928082,30.37,29.909317,30.61,29.923971,31.48,29.953474
30.11,30.01992,30.25,30.036245,30.49,30.023888,30.8,30.034513,31.6,30.062988
30.16,30.195837,30.37,30.209486,30.61,30.203943,31.15,30.2089,31.63,30.24101
30.25,30.272146,30.49,30.285397,30.8,30.283005,31.48,30.284136,31.63,30.31916
30.37,30.39075,30.61,30.403963,31.15,30.405373,31.6,30.399345,31.49,30.439632
30.49,30.527916,30.8,30.541279,31.48,30.546894,31.63,30.532501,31.46,30.57861
30.61,30.650358,31.15,30.663729,31.6,30.673555,31.63,30.652369,31.66,30.702791
30.8,30.743135,31.48,30.756662,31.63,30.769554,31.49,30.74312,31.9,30.796522
31.15,30.814085,31.6,30.827372,31.63,30.842073,31.46,30.812132,32.08,30.867073
31.48,30.846148,31.63,30.859402,31.49,30.874313,31.66,30.843159,31.97,30.897528
31.6,30.991856,31.63,31.005112,31.46,31.024548,31.9,30.985603,31.85,31.043753
31.63,31.155571,31.49,31.169287,31.66,31.193598,32.08,31.145048,31.82,31.207653
31.63,31.254278,31.46,31.26857,31.9,31.29523,31.97,31.24141,31.99,31.30442
31.49,31.38549,31.66,31.399706,32.08,31.428986,31.85,31.369595,32.17,31.43228
31.46,31.58608,31.9,31.599194,31.97,31.634243,31.82,31.56755,32.28,31.630445
31.66,31.590357,32.08,31.60152,31.85,31.6355,31.99,31.57348,32.39,31.630817
31.9,31.60194,31.97,31.61117,31.82,31.643356,32.17,31.58489,32.39,31.638258
32.08,31.703054,31.85,31.710785,31.99,31.743729,32.28,31.682423,31.41,31.736216
31.97,31.818565,31.82,31.824795,32.17,31.859901,32.39,31.794111,32.45,31.85022
31.85,31.938667,31.99,31.944565,32.28,31.981852,32.39,31.909458,32.69,31.968863
31.82,32.01302,32.17,32.01865,32.39,32.05619,31.41,31.980852,33.03,32.039963
31.99,32.07129,32.28,32.075283,32.39,32.1108,32.45,32.03507,33.15,32.092896
32.17,32.08224,32.39,32.08411,31.41,32.11671,32.69,32.043896,32.98,32.09951
32.28,32.010365,32.39,32.01096,32.45,32.03885,33.03,31.971588,32.84,32.02524
32.39,31.795536,31.41,31.796787,32.69,31.817179,33.15,31.761372,33.0,31.810202
32.39,31.804134,32.45,31.806238,33.03,31.826424,32.98,31.768553,33.31,31.818901
31.41,31.852316,32.69,31.855251,33.15,31.877087,32.84,31.8159,33.55,31.866615
32.45,32.151085,33.03,32.15323,32.98,32.18321,33.0,32.107006,33.88,32.16151
32.69,32.381393,33.15,32.382267,32.84,32.41689,33.31,32.328365,34.03,32.388184
33.03,32.59853,32.98,32.595528,33.0,32.631996,33.55,32.534485,34.32,32.59831
33.15,32.574043,32.84,32.57151,33.31,32.609524,33.88,32.514988,34.02,32.57527
32.98,32.569347,33.0,32.569107,33.55,32.604897,34.03,32.502876,33.74,32.57244
32.84,32.749325,33.31,32.752296,33.88,32.795547,34.32,32.68081,33.71,32.75119
33.0,32.99794,33.55,32.999767,34.03,33.05198,34.02,32.924786,33.71,32.99782
33.31,33.194645,33.88,33.19365,34.32,33.25171,33.74,33.117626,33.79,33.190567
33.55,33.26896,34.03,33.264786,34.02,33.324287,33.71,33.191586,33.72,33.260723
33.88,33.457752,34.32,33.452618,33.74,33.51619,33.71,33.37149,33.65,33.446953
34.03,33.46347,34.02,33.45702,33.71,33.520283,33.79,33.375893,33.79,33.45321
34.32,33.619263,33.74,33.61107,33.71,33.67982,33.72,33.52785,33.86,33.60686
34.02,33.666206,33.71,33.65662,33.79,33.731155,33.65,33.580204,33.98,33.656124
33.74,33.948193,33.71,33.934143,33.72,34.015034,33.79,33.849964,33.92,33.93117
33.71,34.12131,33.79,34.106274,33.65,34.193455,33.86,34.02362,33.82,34.096794
33.71,34.094997,33.72,34.078346,33.79,34.157757,33.98,33.990063,33.83,34.065285
33.79,34.07217,33.65,34.055855,33.86,34.130356,33.92,33.965008,33.83,34.037483
33.72,34.034107,33.79,34.01818,33.98,34.090015,33.82,33.9269,33.83,33.998455
33.65,34.090782,33.86,34.07714,33.92,34.148327,33.83,33.977848,33.79,34.052635
33.79,34.02214,33.98,34.00855,33.82,34.075233,33.83,33.910748,33.72,33.981625
33.86,33.899696,33.92,33.882946,33.83,33.944096,33.83,33.792625,33.55,33.85869
33.98,33.71098,33.82,33.690266,33.83,33.743748,33.79,33.610233,33.4,33.67051
33.92,33.638905,33.83,33.618267,33.83,33.666218,33.72,33.53671,33.38,33.597126
33.82,33.50537,33.83,33.48494,33.79,33.526802,33.55,33.406036,33.29,33.463524
33.83,33.46377,33.83,33.44293,33.72,33.4828,33.4,33.365005,33.24,33.422306
33.83,33.495907,33.79,33.4762,33.55,33.517235,33.38,33.39522,33.24,33.455307
33.83,33.49595,33.72,33.476734,33.4,33.518147,33.29,33.39496,33.24,33.456455
33.79,33.494854,33.55,33.47516,33.38,33.51706,33.24,33.39487,33.24,33.455322
33.72,33.529675,33.4,33.50958,33.29,33.55322,33.24,33.42976,33.46,33.489864
33.55,33.54222,33.38,33.52171,33.24,33.56565,33.24,33.442,33.67,33.50191
33.4,33.49691,33.29,33.47574,33.24,33.518635,33.24,33.399307,33.91,33.456654
33.38,33.442265,33.24,33.42079,33.24,33.46204,33.46,33.34688,34.12,33.402344
33.29,33.33798,33.24,33.31574,33.24,33.353096,33.67,33.246166,34.24,33.297665
33.24,33.37097,33.24,33.349373,33.46,33.386402,33.91,33.275635,34.36,33.32971
33.24,33.32542,33.24,33.304768,33.67,33.33877,34.12,33.228497,34.46,33.284336
33.24,33.23224,33.46,33.212547,33.91,33.24314,34.24,33.137108,34.62,33.192345
33.24,33.2514,33.67,33.233192,34.12,33.264164,34.36,33.15366,34.85,33.212616
33.46,33.22364,33.91,33.206367,34.24,33.236862,34.46,33.12667,35.0,33.186253
33.67,33.316525,34.12,33.300896,34.36,33.33494,34.62,33.21541,35.01,33.28053
33.91,33.42632,34.24,33.41187,34.46,33.450516,34.85,33.32101,35.02,33.391968
34.12,33.492188,34.36,33.478333,34.62,33.52096,35.0,33.385757,35.05,33.4603
34.24,33.51642,34.46,33.50278,34.85,33.54875,35.01,33.41175,35.05,33.48723
34.36,33.592278,34.62,33.57941,35.0,33.630226,35.02,33.48793,35.05,33.56427
34.46,33.659355,34.85,33.64581,35.01,33.701836,35.05,33.557003,35.05,33.632442
34.62,33.975258,35.0,33.961205,35.02,34.028152,35.05,33.861744,35.02,33.944847
34.85,34.11173,35.01,34.096558,35.05,34.169754,35.05,33.996475,34.93,34.07993
35.0,34.171535,35.02,34.155205,35.05,34.23063,35.05,34.056004,34.87,34.136986
35.01,34.300575,35.05,34.28421,35.05,34.36334,35.02,34.180603,34.87,34.261528
35.02,34.329742,35.05,34.313034,35.05,34.392326,34.93,34.210087,34.87,34.286648
35.05,34.364952,35.05,34.347427,35.02,34.425926,34.87,34.243526,34.84,34.3172
35.05,34.463837,35.05,34.444466,34.93,34.52411,34.87,34.337852,34.87,34.410946
35.05,34.55742,35.02,34.537666,34.87,34.617737,34.87,34.426144,34.87,34.49878
35.05,34.64225,34.93,34.6231,34.87,34.70254,34.84,34.503685,34.79,34.579132
35.02,34.670628,34.87,34.652,34.87,34.728462,34.87,34.527046,34.72,34.603134
34.93,34.508533,34.87,34.481884,34.84,34.551384,34.87,34.37182,34.72,34.44111
34.87,34.504463,34.87,34.476402,34.87,34.543312,34.79,34.36526,34.7,34.4353
34.87,34.51685,34.84,34.48828,34.87,34.553455,34.72,34.37488,34.66,34.44525
34.87,34.525238,34.87,34.496525,34.79,34.55956,34.72,34.380066,34.62,34.45127
34.84,34.500523,34.87,34.47149,34.72,34.531578,34.7,34.354065,34.62,34.424923
34.87,34.45254,34.79,34.42343,34.72,34.48059,34.66,34.30661,34.6,34.376785
34.87,34.38378,34.72,34.354664,34.7,34.40859,34.62,34.239822,34.58,34.308174
34.79,34.44076,34.72,34.413326,34.66,34.469063,34.62,34.29255,34.58,34.365723
34.72,34.446243,34.7,34.41942,34.62,34.47524,34.6,34.29715,34.58,34.371574
34.72,34.479122,34.66,34.453487,34.62,34.510834,34.58,34.32784,34.58,34.405437
34.7,34.561413,34.62,34.537296,34.6,34.598297,34.58,34.405884,34.55,34.488735
34.66,34.520355,34.62,34.49607,34.58,34.555607,34.58,34.36674,34.52,34.44796
34.62,34.504677,34.6,34.480644,34.58,34.540234,34.58,34.352047,34.52,34.433754
34.62,34.56688,34.58,34.544174,34.58,34.60713,34.55,34.41142,34.41,34.49797
34.6,34.68117,34.58,34.659733,34.58,34.728317,34.52,34.52116,34.29,34.61383
34.58,34.743214,34.58,34.72254,34.55,34.794647,34.52,34.581112,34.2,34.67746
34.58,34.79371,34.58,34.773663,34.52,34.84908,34.41,34.630287,34.08,34.72991
34.58,34.722294,34.55,34.70166,34.52,34.773933,34.29,34.561924,33.85,34.65847
34.58,34.676533,34.52,34.655766,34.41,34.725975,34.2,34.517597,33.61,34.61278
34.55,34.626102,34.52,34.60493,34.29,34.673393,34.08,34.46986,33.49,34.562634
34.52,34.539047,34.41,34.517544,34.2,34.582684,33.85,34.387035,33.43,34.476116
34.52,34.532764,34.29,34.511486,34.08,34.576645,33.61,34.380993,33.34,34.470512
34.41,34.500977,34.2,34.47962,33.85,34.54332,33.49,34.350124,33.28,34.438427
34.29,34.39884,34.08,34.37651,33.61,34.436253,33.43,34.253,33.29,34.335728
34.2,34.254974,33.85,34.23165,33.49,34.285797,33.34,34.115543,33.15,34.19197
34.08,34.15254,33.61,34.128307,33.43,34.178524,33.28,34.017574,33.03,34.089268
33.85,34.033043,33.49,34.007637,33.34,34.053844,33.29,33.90401,32.91,33.969864
33.61,33.928635,33.43,33.902626,33.28,33.945698,33.15,33.80438,31.79,33.86634
33.49,33.83712,33.34,33.811214,33.29,33.85117,33.03,33.715866,32.75,33.775852
33.43,33.684944,33.28,33.65844,33.15,33.69339,32.91,33.569656,32.7,33.624573
33.34,33.493256,33.29,33.466328,33.03,33.495438,31.79,33.38568,32.67,33.434338
33.28,33.305813,33.15,33.279602,32.91,33.302834,32.75,33.20385,32.69,33.2492
33.29,33.168858,33.03,33.144295,31.79,33.163403,32.7,33.06992,32.59,33.115223
33.15,33.093246,32.91,33.07059,32.75,33.087414,32.67,32.995113,32.54,33.041943
33.03,32.978344,31.79,32.95679,32.7,32.971035,32.69,32.884018,32.5,32.9298
32.91,32.876087,32.75,32.855408,32.67,32.868687,32.59,32.786613,32.48,32.831333
31.79,32.785725,32.7,32.765785,32.69,32.777798,32.54,32.69949,32.48,32.74419
32.75,32.699047,32.67,32.68009,32.59,32.691093,32.5,32.61643,32.46,32.660507
32.7,32.585155,32.69,32.56809,32.54,32.576897,32.48,32.505577,32.42,32.550102
32.67,32.41408,32.59,32.396122,32.5,32.39837,32.48,32.33617,32.42,32.378937
32.69,32.229446,32.54,32.214455,32.48,32.2179,32.46,32.16475,32.42,32.201633
32.59,32.123596,32.5,32.111286,32.48,32.11072,32.42,32.054153,32.4,32.100246
32.54,32.172775,32.48,32.161366,32.46,32.166615,32.42,32.10868,32.36,32.15153
32.5,32.149128,32.48,32.13764,32.42,32.14497,32.42,32.089237,32.34,32.12989
32.48,32.10733,32.46,32.0967,32.42,32.103535,32.4,32.048485,32.34,32.089718
32.48,32.091656,32.42,32.081577,32.42,32.088856,32.36,32.03398,32.32,32.075375
32.46,32.030567,32.42,32.0213,32.4,32.028015,32.34,31.97531,32.28,32.016224
32.42,31.980335,32.42,31.972181,32.36,31.97835,32.34,31.926458,32.28,31.967875
32.42,31.957134,32.4,31.94953,32.34,31.956707,32.32,31.905607,32.26,31.946354
32.42,32.001293,32.36,31.997526,32.34,32.01001,32.28,31.952217,32.25,31.995743
32.4,32.089302,32.34,32.084053,32.32,32.095947,32.28,32.032795,32.25,32.08124
32.36,32.134872,32.34,32.128395,32.28,32.14507,32.26,32.086227,32.24,32.126236
32.34,32.04142,32.32,32.03474,32.28,32.046947,32.25,31.990944,32.24,32.03367
32.34,31.986277,32.28,31.980522,32.26,31.990614,32.25,31.936043,32.23,31.979063
32.32,31.967583,32.28,31.962141,32.25,31.972353,32.24,31.918516,32.23,31.961113
32.28,31.919878,32.26,31.914885,32.25,31.92388,32.24,31.871967,32.24,31.913773
32.28,31.911297,32.25,31.906727,32.24,31.915956,32.23,31.863998,32.26,31.905806
32.26,31.905819,32.25,31.90149,32.24,31.91085,32.23,31.858822,32.26,31.90073
32.25,31.895397,32.24,31.891108,32.23,31.900352,32.24,31.84885,32.25,31.890512
32.25,31.87509,32.24,31.870928,32.23,31.879896,32.26,31.82946,32.25,31.87056
32.24,31.856888,32.23,31.852959,32.24,31.86157,32.26,31.811684,32.24,31.852798
32.24,31.845415,32.23,31.84168,32.26,31.850145,32.25,31.80055,32.23,31.841667
32.23,31.833609,32.24,31.830011,32.26,31.838383,32.25,31.789282,32.23,31.830198
32.23,31.81987,32.26,31.81643,32.25,31.824636,32.24,31.776024,32.23,31.816826
32.24,31.808826,32.26,31.80567,32.25,31.813862,32.23,31.765451,32.24,31.806253
32.26,31.802763,32.25,31.799824,32.24,31.808048,32.23,31.759592,32.25,31.800528
32.26,31.79901,32.25,31.79618,32.23,31.804544,32.23,31.756222,32.25,31.797028
32.25,31.7946,32.24,31.791868,32.23,31.800428,32.24,31.752254,32.26,31.792927
32.25,31.793415,32.23,31.790974,32.23,31.799797,32.25,31.751303,32.26,31.792143
32.24,31.79847,32.23,31.796164,32.24,31.805256,32.25,31.756252,32.25,31.797342
32.23,31.802296,32.23,31.800026,32.25,31.809465,32.26,31.760412,32.25,31.801224
32.23,31.804459,32.24,31.802189,32.25,31.811789,32.26,31.762619,32.24,31.803423
32.23,31.805565,32.25,31.803293,32.26,31.812923,32.25,31.763704,32.24,31.804523
32.24,31.805685,32.25,31.803396,32.26,31.813076,32.25,31.763908,32.21,31.804655
32.25,31.804289,32.26,31.801994,32.25,31.811625,32.24,31.762533,32.19,31.80327
32.25,31.803528,32.26,31.801275,32.25,31.810934,32.24,31.761824,32.18,31.80257
32.26,31.804646,32.25,31.802443,32.24,31.81216,32.21,31.762926,32.17,31.803732
32.26,31.807081,32.25,31.8049,32.24,31.814701,32.19,31.7653,32.16,31.80617
32.25,31.809368,32.24,31.807114,32.21,31.81695,32.18,31.767523,32.15,31.80839
32.25,31.80839,32.24,31.806116,32.19,31.815975,32.17,31.766682,32.15,31.807426
32.24,31.807383,32.21,31.805153,32.18,31.81496,32.16,31.765598,32.14,31.80646
32.24,31.808392,32.19,31.80616,32.17,31.815966,32.15,31.766552,32.13,31.80744
32.21,31.809872,32.18,31.807636,32.16,31.817554,32.15,31.76811,32.12,31.808939
32.19,31.810701,32.17,31.808475,32.15,31.81839,32.14,31.768858,32.11,31.80976
32.18,31.812069,32.16,31.80985,32.15,31.819801,32.13,31.770191,32.11,31.8111
32.17,31.811708,32.15,31.809418,32.14,31.81923,32.12,31.769718,32.11,31.810633
32.16,31.806635,32.15,31.804226,32.13,31.813812,32.11,31.76473,32.09,31.805454
32.15,31.796425,32.14,31.79395,32.12,31.80313,32.11,31.754652,32.09,31.795214
32.15,31.783245,32.13,31.7808,32.11,31.789522,32.11,31.741661,32.05,31.782103
32.14,31.771366,32.12,31.768946,32.11,31.777262,32.09,31.729923,32.04,31.770294
32.13,31.759363,32.11,31.756975,32.11,31.76498,32.09,31.718222,32.03,31.758423
32.12,31.747593,32.11,31.745325,32.09,31.75307,32.05,31.706745,32.02,31.746876
32.11,31.737349,32.11,31.735176,32.09,31.74267,32.04,31.69668,32.0,31.736822
32.11,31.728247,32.09,31.726168,32.05,31.733532,32.03,31.687925,32.0,31.727928
32.11,31.71813,32.09,31.7161,32.04,31.72325,32.02,31.678072,31.98,31.717983
32.09,31.708248,32.05,31.70636,32.03,31.713432,32.0,31.668606,31.97,31.708395
32.09,31.701176,32.04,31.699461,32.02,31.70649,32.0,31.661755,31.95,31.70161
32.05,31.697859,32.03,31.696297,32.0,31.703396,31.98,31.658619,31.94,31.69852
32.04,31.695257,32.02,31.693739,32.0,31.700886,31.97,31.65622,31.93,31.696056
32.03,31.690634,32.0,31.689188,31.98,31.696352,31.95,31.651857,31.92,31.691599
32.02,31.68327,32.0,31.681824,31.97,31.68873,31.94,31.644543,31.9,31.684282
32.0,31.673294,31.98,31.671862,31.95,31.678572,31.93,31.634954,31.89,31.674425
32.0,31.660986,31.97,31.659615,31.94,31.666016,31.92,31.622892,31.87,31.662302
31.98,31.64931,31.95,31.648071,31.93,31.6542,31.9,31.611473,31.86,31.65084
31.97,31.639208,31.94,31.638046,31.92,31.643976,31.89,31.601646,31.84,31.640924
31.95,31.629272,31.93,31.628233,31.9,31.634033,31.87,31.592056,31.83,31.631237
31.94,31.618685,31.92,31.617718,31.89,31.623238,31.86,31.581656,31.82,31.62081
31.93,31.606901,31.9,31.605995,31.87,31.611311,31.84,31.57028,31.81,31.609217
31.92,31.593277,31.89,31.592463,31.86,31.597486,31.83,31.55701,31.8,31.595848
31.9,31.579218,31.87,31.578495,31.84,31.583218,31.82,31.543303,31.8,31.582022
31.89,31.567396,31.86,31.566875,31.83,31.57153,31.81,31.531988,29.6,31.570595
31.87,31.55819,31.84,31.557821,31.82,31.562326,31.8,31.522963,29.6,31.56167
31.86,31.550417,31.83,31.550138,31.81,31.554611,31.8,31.515574,29.59,31.554127
31.84,31.540821,31.82,31.540592,31.8,31.54497,29.6,31.506372,29.59,31.544771
31.83,31.529081,31.81,31.528948,31.8,31.533129,29.6,31.494978,29.58,31.5333
31.82,31.517347,31.8,31.517294,29.6,31.521275,29.59,31.48359,29.57,31.521801
31.81,31.50529,31.8,31.50532,29.6,31.50913,29.59,31.471983,29.57,31.51003
31.8,31.49277,29.6,31.492882,29.59,31.496506,29.58,31.459846,29.55,31.497803
31.8,31.48126,29.6,31.481508,29.59,31.485025,29.57,31.44877,29.55,31.486635
29.6,31.471157,29.59,31.471506,29.58,31.474915,29.57,31.439022,29.53,31.476826
29.6,31.461592,29.59,31.46203,29.57,31.465368,29.55,31.429853,29.53,31.467543
29.59,31.505959,29.58,31.507853,29.57,31.511705,29.55,31.471075,29.51,31.512571
29.59,31.395641,29.57,31.392673,29.55,31.38708,29.53,31.35666,29.51,31.395008
29.58,31.137959,29.57,31.134642,29.55,31.12314,29.53,31.11015,29.5,31.136705
29.57,30.78165,29.55,30.779703,29.53,30.756174,29.51,30.754742,29.5,30.782755
29.57,30.46053,29.55,30.465551,29.53,30.433025,29.51,30.435303,29.49,30.466763
29.55,30.350487,29.53,30.356726,29.51,30.324228,29.5,30.329908,29.47,30.360542
29.55,30.249594,29.53,30.257023,29.51,30.22455,29.5,30.233362,29.47,30.263182
29.53,30.14131,29.51,30.150034,29.5,30.117355,29.49,30.129673,29.45,30.158356
29.53,30.015306,29.51,30.025005,29.5,29.991756,29.47,30.009333,29.45,30.03554
29.51,29.856493,29.5,29.867083,29.49,29.832024,29.47,29.85663,29.45,29.879265
29.51,29.659418,29.5,29.668873,29.47,29.630648,29.45,29.666971,29.44,29.682907
29.5,29.563807,29.49,29.580153,29.47,29.54721,29.45,29.579884,29.43,29.597618
29.5,29.57547,29.47,29.594673,29.45,29.564045,29.45,29.58862,29.42,29.614895
29.49,29.685225,29.47,29.705706,29.45,29.682753,29.44,29.703106,29.4,29.727951
29.47,29.846619,29.45,29.862854,29.45,29.845757,29.43,29.863592,29.4,29.890083
29.47,29.840784,29.45,29.857122,29.44,29.839964,29.42,29.857952,29.4,29.884384
29.45,29.83659,29.45,29.852978,29.43,29.835749,29.4,29.85379,29.38,29.880281
29.45,29.831123,29.44,29.847534,29.42,29.830177,29.4,29.848444,29.37,29.87486
29.45,29.826443,29.43,29.84293,29.4,29.825552,29.4,29.84395,29.36,29.870298
29.44,29.820007,29.42,29.836508,29.4,29.818941,29.38,29.837498,29.36,29.86392
29.43,29.814508,29.4,29.831125,29.4,29.813559,29.37,29.832275,29.36,29.858578
29.42,29.810438,29.4,29.827095,29.38,29.80946,29.36,29.82822,29.35,29.854614
29.4,29.806377,29.4,29.82314,29.37,29.805521,29.36,29.82434,29.34,29.850689
29.4,29.803844,29.38,29.820618,29.36,29.802965,29.36,29.82186,29.34,29.848213
29.4,29.799904,29.37,29.81673,29.36,29.799026,29.35,29.818048,29.32,29.844355
29.38,29.79452,29.36,29.811335,29.36,29.79347,29.34,29.812706,29.3,29.838982
29.37,29.78834,29.36,29.805204,29.35,29.787287,29.34,29.806726,29.3,29.832943
29.36,29.782867,29.36,29.799854,29.34,29.781864,29.32,29.80133,29.28,29.827637
29.36,29.777971,29.35,29.795017,29.34,29.776915,29.3,29.79648,29.28,29.822815
29.36,29.775059,29.34,29.792149,29.32,29.774097,29.3,29.793789,29.27,29.820004
29.35,29.770456,29.34,29.787561,29.3,29.76938,29.28,29.789192,29.26,29.815449
29.34,29.764267,29.32,29.781445,29.3,29.763168,29.28,29.783176,29.26,29.809359
29.34,29.75958,29.3,29.776815,29.28,29.75849,29.27,29.7786,29.25,29.804787
29.32,29.754654,29.3,29.771967,29.28,29.753565,29.26,29.773766,29.24,29.799963
29.3,29.750843,29.28,29.768194,29.27,29.749777,29.26,29.770105,29.24,29.796242
29.3,29.747887,29.28,29.765339,29.26,29.746958,29.25,29.767284,29.23,29.793446
29.28,29.744024,29.27,29.761509,29.26,29.742989,29.24,29.763397,29.22,29.789581
29.28,29.739712,29.26,29.757162,29.25,29.738567,29.24,29.759254,29.22,29.785263
29.27,29.734426,29.26,29.751926,29.24,29.733248,29.23,29.754112,29.22,29.78007
29.26,29.727226,29.25,29.744795,29.24,29.72592,29.22,29.746914,29.2,29.772947
29.26,29.722494,29.24,29.74016,29.23,29.721277,29.22,29.742382,29.2,29.768343
29.25,29.718985,29.24,29.736668,29.22,29.717697,29.22,29.738907,29.19,29.764875
29.24,29.713633,29.23,29.731339,29.22,29.712273,29.2,29.73371,29.18,29.759562
29.24,29.708496,29.22,29.726244,29.22,29.707115,29.2,29.72873,29.18,29.754503
29.23,29.702677,29.22,29.7205,29.2,29.701246,29.19,29.722979,29.18,29.748768
29.22,29.697721,29.22,29.715586,29.2,29.696268,29.18,29.718184,29.16,29.7439
29.22,29.699614,29.2,29.717463,29.19,29.69856,29.18,29.720293,29.16,29.746279
29.22,29.705841,29.2,29.723639,29.18,29.705383,29.18,29.726612,29.15,29.75329
29.2,29.703028,29.19,29.720879,29.18,29.702658,29.16,29.72392,29.15,29.750631
29.2,29.70095,29.18,29.718866,29.18,29.70074,29.16,29.72203,29.15,29.748709
29.19,29.698168,29.18,29.716143,29.16,29.69797,29.15,29.719248,29.14,29.746017
29.18,29.695114,29.18,29.713127,29.16,29.694937,29.15,29.716331,29.14,29.743023
29.18,29.692797,29.16,29.710848,29.15,29.692667,29.15,29.714127,29.14,29.740788
29.18,29.6888,29.16,29.706879,29.15,29.688587,29.14,29.71016,29.13,29.736818
29.16,29.68466,29.15,29.702778,29.15,29.684435,29.14,29.706165,29.13,29.732738
29.16,29.680922,29.15,29.699091,29.14,29.680698,29.14,29.70252,29.13,29.729055
29.15,29.671413,29.15,29.689703,29.14,29.670868,29.13,29.693075,29.12,29.719234
29.15,29.659273,29.14,29.677689,29.14,29.65814,29.13,29.680948,29.12,29.706459
29.15,29.655914,29.14,29.674366,29.13,29.654774,29.13,29.677715,29.12,29.703106
29.14,29.652128,29.14,29.670607,29.13,29.650904,29.12,29.673954,29.1,29.699347
29.14,29.6481,29.13,29.666603,29.13,29.646862,29.12,29.670078,29.1,29.695368
29.14,29.645124,29.13,29.6637,29.12,29.643955,29.12,29.667202,29.1,29.692501
29.13,29.64192,29.13,29.660538,29.12,29.64073,29.1,29.664019,29.08,29.68936
29.13,29.64037,29.12,29.65904,29.12,29.639317,29.1,29.66265,29.08,29.687948
29.13,29.639065,29.12,29.657776,29.1,29.63807,29.1,29.661367,29.06,29.686716
29.12,29.636889,29.12,29.65563,29.1,29.635891,29.08,29.65923,29.06,29.684584
29.12,29.63526,29.1,29.653994,29.1,29.634285,29.08,29.65773,29.06,29.682995
29.12,29.633331,29.1,29.652128,29.08,29.632427,29.06,29.655874,29.04,29.681164
29.1,29.631153,29.1,29.64999,29.08,29.630241,29.06,29.653692,29.04,29.679033
29.1,29.630423,29.08,29.649296,29.06,29.629622,29.06,29.653093,29.02,29.678377
29.1,29.632484,29.08,29.651348,29.06,29.631834,29.04,29.655127,29.02,29.680655
29.08,29.630276,29.06,29.649118,29.06,29.629534,29.04,29.652952,29.01,29.67841
29.08,29.628244,29.06,29.647093,29.04,29.627506,29.02,29.651037,29.01,29.67641
29.06,29.624962,29.06,29.643852,29.04,29.62413,29.02,29.647734,29.02,29.673119
29.06,29.62156,29.04,29.640446,29.02,29.620625,29.01,29.64438,29.04,29.66969
29.06,29.619188,29.04,29.638098,29.02,29.618258,29.01,29.642132,29.06,29.667353
29.04,29.61505,29.02,29.633938,29.01,29.613924,29.02,29.63795,29.08,29.663174
29.04,29.610237,29.02,29.629164,29.01,29.609068,29.04,29.633307,29.1,29.658392
29.02,29.606499,29.01,29.625463,29.02,29.605295,29.06,29.629599,29.12,29.654703
29.02,29.601799,29.01,29.62079,29.04,29.60046,29.08,29.62494,29.12,29.65
29.01,29.59601,29.02,29.615015,29.06,29.59449,29.1,29.619331,29.1,29.644032
29.01,29.591528,29.04,29.610533,29.08,29.5899,29.12,29.614904,29.08,29.63957
29.02,29.586376,29.06,29.605438,29.1,29.584707,29.12,29.609858,29.08,29.634476
29.04,29.582079,29.08,29.601147,29.12,29.580326,29.1,29.605679,29.1,29.630209
29.06,29.577816,29.1,29.596949,29.12,29.57613,29.08,29.601608,29.12,29.62606
29.08,29.574013,29.12,29.593218,29.1,29.572384,29.08,29.59789,29.12,29.6224
29.1,29.585817,29.12,29.604906,29.08,29.58522,29.1,29.61003,29.14,29.635418
29.12,29.587517,29.1,29.606737,29.08,29.587242,29.12,29.61173,29.16,29.63736
29.12,29.590979,29.08,29.610296,29.1,29.591106,29.12,29.615309,29.18,29.641043
29.1,29.60079,29.08,29.620188,29.12,29.601591,29.14,29.625187,29.18,29.651325
29.08,29.607607,29.1,29.627087,29.12,29.608805,29.16,29.631927,29.2,29.658327
29.08,29.6167,29.12,29.636238,29.14,29.618319,29.18,29.640976,29.22,29.667562
29.1,29.628244,29.12,29.647686,29.16,29.630135,29.18,29.652315,29.23,29.679241
29.12,29.648434,29.14,29.667595,29.18,29.651175,29.2,29.672462,29.23,29.7004
29.12,29.654562,29.16,29.673624,29.18,29.65739,29.22,29.67845,29.23,29.706644
29.14,29.65728,29.18,29.676336,29.2,29.660131,29.23,29.68107,29.22,29.709356
29.16,29.646103,29.18,29.66534,29.22,29.648157,29.23,29.669758,29.2,29.697056
29.18,29.650602,29.2,29.66974,29.23,29.65259,29.23,29.674143,29.18,29.701416
29.18,29.654049,29.22,29.673096,29.23,29.655983,29.22,29.677536,29.16,29.70475
29.2,29.651852,29.23,29.670889,29.23,29.653488,29.2,29.675207,29.16,29.702257
29.22,29.654997,29.23,29.67402,29.22,29.656706,29.18,29.67826,29.14,29.70545
29.23,29.658136,29.23,29.677097,29.2,29.659859,29.16,29.681358,29.12,29.708534
29.23,29.66372,29.22,29.682718,29.18,29.66577,29.16,29.686989,29.1,29.714287
29.23,29.667362,29.2,29.68657,29.16,29.66962,29.14,29.690584,29.08,29.717672
29.22,29.67725,29.18,29.696493,29.16,29.679771,29.12,29.700348,29.08,29.727425
29.2,29.690685,29.16,29.709766,29.14,29.693338,29.1,29.713633,29.1,29.740639
29.18,29.700558,29.16,29.719435,29.12,29.703142,29.08,29.72335,29.12,29.750244
29.16,29.705402,29.14,29.724144,29.1,29.707798,29.08,29.727976,29.12,29.754856
29.16,29.731943,29.12,29.749945,29.08,29.735512,29.1,29.754852,29.12,29.78334
29.14,29.738869,29.1,29.756676,29.08,29.742416,29.12,29.761547,29.11,29.790396
29.12,29.733387,29.08,29.750996,29.1,29.73626,29.12,29.755962,29.1,29.784468
29.1,29.726702,29.08,29.744268,29.12,29.729181,29.12,29.749249,29.09,29.77758
29.08,29.71464,29.1,29.73217,29.12,29.716375,29.11,29.737041,29.09,29.765049
29.08,29.695072,29.12,29.712652,29.12,29.695808,29.1,29.717566,29.1,29.744673
29.1,29.685272,29.12,29.702728,29.11,29.685446,29.09,29.707855,29.1,29.734615
29.12,29.672253,29.12,29.689676,29.1,29.671944,29.09,29.69499,29.1,29.721493
29.12,29.658838,29.11,29.676294,29.09,29.65821,29.1,29.68185,29.11,29.708096
29.12,29.647354,29.1,29.664967,29.09,29.646729,29.1,29.670671,29.11,29.696835
29.11,29.633259,29.09,29.651505,29.1,29.632322,29.1,29.65596,29.12,29.682129
29.1,29.637453,29.09,29.655725,29.1,29.637054,29.11,29.660398,29.13,29.686798
29.09,29.644205,29.1,29.662592,29.1,29.644497,29.11,29.667292,29.14,29.694109
29.09,29.65571,29.1,29.674032,29.11,29.656713,29.12,29.678816,29.15,29.706367
29.1,29.65518,29.1,29.673557,29.11,29.656343,29.13,29.67845,29.15,29.705946
29.1,29.704992,29.11,29.72282,29.12,29.70805,29.14,29.727402,29.16,29.758091
29.1,29.705595,29.11,29.72357,29.13,29.709038,29.15,29.728048,29.16,29.759062
29.11,29.706747,29.12,29.724855,29.14,29.710495,29.15,29.729265,29.17,29.760397
29.11,29.726362,29.13,29.744532,29.15,29.731247,29.16,29.748594,29.19,29.78111
29.12,29.742573,29.14,29.76073,29.15,29.74826,29.16,29.764626,29.21,29.798077
29.13,29.721415,29.15,29.739542,29.16,29.72578,29.17,29.74372,29.23,29.775486
29.14,29.705729,29.15,29.723843,29.16,29.70919,29.19,29.728165,29.25,29.758932
29.15,29.701616,29.16,29.719765,29.17,29.704973,29.21,29.724108,29.27,29.754755
29.15,29.70469,29.16,29.722876,29.19,29.708344,29.23,29.727222,29.28,29.758085
29.16,29.707169,29.17,29.72544,29.21,29.71107,29.25,29.729687,29.29,29.760702
29.16,29.687624,29.19,29.705881,29.23,29.691442,29.27,29.711754,29.3,29.741055
29.17,29.692572,29.21,29.710798,29.25,29.69648,29.28,29.71665,29.31,29.745905
29.19,29.698769,29.23,29.716932,29.27,29.7028,29.29,29.7228,29.32,29.752071
29.21,29.754662,29.25,29.772322,29.28,29.759834,29.3,29.776648,29.33,29.809015
29.23,29.86216,29.27,29.879028,29.29,29.867868,29.31,29.87906,29.34,29.915474
29.25,29.951149,29.28,29.968014,29.3,29.960388,29.32,29.966206,29.35,30.007147
29.27,29.960247,29.29,29.9771,29.31,29.969728,29.33,29.97508,29.36,30.016272
29.28,29.996199,29.3,30.013166,29.32,30.007242,29.34,30.010208,31.19,30.053352
29.29,30.002575,29.31,30.019491,29.33,30.013596,29.35,30.016428,31.2,30.059399
29.3,30.06794,29.32,30.0848,29.34,30.081627,29.36,30.080652,31.21,30.12675
29.31,30.020626,29.33,30.037374,29.35,30.031801,31.19,30.034002,31.22,30.077114
29.32,30.032972,29.34,30.049528,29.36,30.04416,31.2,30.046036,31.23,30.08922
29.33,30.046204,29.35,30.062557,31.19,30.057398,31.21,30.058851,31.24,30.102236
29.34,29.936451,29.36,29.952719,31.2,29.94425,31.22,29.953306,31.25,29.99003
29.35,29.84507,31.19,29.862078,31.21,29.852905,31.23,29.867048,31.27,29.899912
29.36,29.799747,31.2,29.817156,31.22,29.805456,31.24,29.822145,31.28,29.85227
31.19,29.812132,31.21,29.829369,31.23,29.817968,31.25,29.834312,31.29,29.864655
31.2,29.83095,31.22,29.847696,31.24,29.837442,31.27,29.853495,31.3,29.884275
31.21,29.816647,31.23,29.832743,31.25,29.82259,31.28,29.84064,31.3,29.869635
31.22,29.907137,31.24,29.927868,31.27,29.924168,31.29,29.933523,31.28,29.96328
31.23,30.214203,31.25,30.239794,31.28,30.24162,31.3,30.224356,31.26,30.271566
31.24,30.581467,31.27,30.60788,31.29,30.622215,31.3,30.58878,31.24,30.63753
31.25,30.855724,31.28,30.87948,31.3,30.899517,31.28,30.856138,31.19,30.90787
31.27,30.979694,31.29,31.001965,31.3,31.023193,31.26,30.97549,31.39,31.028477
31.28,31.173737,31.3,31.196377,31.28,31.222185,31.24,31.16345,31.52,31.221827
31.29,31.465246,31.3,31.487053,31.26,31.519165,31.19,31.44506,31.64,31.511126
31.3,31.595066,31.28,31.614962,31.24,31.648731,31.39,31.57103,32.14,31.63692
31.3,31.604242,31.26,31.62205,31.19,31.655226,31.52,31.58297,32.64,31.64182
31.28,31.783525,31.24,31.800184,31.39,31.835796,31.64,31.755756,32.44,31.817467
31.26,31.90514,31.19,31.915089,31.52,31.94682,32.14,31.868534,31.56,31.930664
31.24,31.838638,31.39,31.844063,31.64,31.87284,32.64,31.80767,31.45,31.861113
31.19,31.774988,31.52,31.779175,32.14,31.800903,32.44,31.736132,31.62,31.797682
31.39,31.830692,31.64,31.836834,32.64,31.858334,31.56,31.785635,32.08,31.85453
31.52,31.847298,32.14,31.853432,32.44,31.875093,31.45,31.801197,32.51,31.871096
31.64,31.697683,32.64,31.702862,31.56,31.72141,31.62,31.658834,32.65,31.721659
32.14,31.741291,32.44,31.746593,31.45,31.766495,32.08,31.702013,32.68,31.76463
32.64,31.975622,31.56,31.981573,31.62,32.006897,32.51,31.926884,33.04,31.99814
32.44,32.142673,31.45,32.14895,32.08,32.180157,32.65,32.090195,33.43,32.16615
31.56,32.197044,31.62,32.203327,32.51,32.238247,32.68,32.146503,33.79,32.22057
31.45,32.32611,32.08,32.333157,32.65,32.372746,33.04,32.273254,34.03,32.348347
31.62,32.497814,32.51,32.504025,32.68,32.547382,33.43,32.439754,34.04,32.51598
32.08,32.70226,32.65,32.705147,33.04,32.751667,33.79,32.637165,33.82,32.713814
32.51,32.64665,32.68,32.64858,33.43,32.69275,34.03,32.585068,33.87,32.65619
32.65,32.764187,33.04,32.767056,33.79,32.81176,34.04,32.692276,33.93,32.772873
32.68,32.913513,33.43,32.918453,34.03,32.968422,33.82,32.835415,33.99,32.923832
33.04,32.96202,33.79,32.966557,34.04,33.020622,33.87,32.88517,33.92,32.97435
33.43,33.284016,34.03,33.28606,33.82,33.34721,33.93,33.19597,33.79,33.287537
33.79,33.70412,34.04,33.703964,33.87,33.772972,33.99,33.597866,33.82,33.6953
34.03,34.050644,33.82,34.0483,33.93,34.126842,33.92,33.930767,33.87,34.036522
34.04,34.378178,33.87,34.373413,33.99,34.46283,33.79,34.246075,33.82,34.36036
33.82,34.676544,33.93,34.66984,33.92,34.77325,33.82,34.53672,33.87,34.658463
33.87,34.668774,33.99,34.660877,33.79,34.767376,33.87,34.53572,33.98,34.650917
33.93,34.87827,33.92,34.867462,33.82,34.98336,33.82,34.741802,34.12,34.856197
33.99,34.83967,33.79,34.827843,33.87,34.942505,33.87,34.710434,34.24,34.81253
33.92,34.73734,33.82,34.7267,33.82,34.835217,33.98,34.612953,34.26,34.706078
33.79,34.748913,33.87,34.741734,33.87,34.846382,34.12,34.618965,34.26,34.715176
33.82,34.765087,33.82,34.75712,33.98,34.85826,34.24,34.629173,34.2,34.72891
33.87,34.65945,33.87,34.64663,34.12,34.742462,34.26,34.52681,34.27,34.622696
33.82,34.619854,33.98,34.605656,34.24,34.696136,34.26,34.48408,34.48,34.5806
33.87,34.433346,34.12,34.415817,34.26,34.4965,34.2,34.302856,34.56,34.39215
33.98,34.234436,34.24,34.215534,34.26,34.28579,34.27,34.108307,34.48,34.192585
34.12,34.160843,34.26,34.142666,34.2,34.206974,34.48,34.03327,34.47,34.117588
34.24,34.01767,34.26,33.999317,34.27,34.057827,34.56,33.895313,34.47,33.974625
34.26,34.139668,34.2,34.122875,34.48,34.18603,34.48,34.010994,34.42,34.097816
34.26,34.315735,34.27,34.299664,34.56,34.368946,34.47,34.178566,34.53,34.273426
34.2,34.401573,34.48,34.385345,34.48,34.45881,34.47,34.26302,34.65,34.35852
34.27,34.421886,34.56,34.405018,34.47,34.479294,34.42,34.282948,34.73,34.378357
34.48,34.495113,34.48,34.47789,34.47,34.55511,34.53,34.35357,34.81,34.450752
34.56,34.516678,34.47,34.499268,34.42,34.576923,34.65,34.374123,34.93,34.47158
34.48,34.58728,34.47,34.569786,34.53,34.64999,34.73,34.442356,34.94,34.540997
34.47,34.68004,34.42,34.662685,34.65,34.74685,34.81,34.532207,34.91,34.633156
34.47,34.71808,34.53,34.700615,34.73,34.785805,34.93,34.569016,34.98,34.669353
34.42,34.78456,34.65,34.767193,34.81,34.853745,34.94,34.632057,35.01,34.732906
34.53,34.67934,34.73,34.66163,34.93,34.742863,34.91,34.531506,35.01,34.62565
34.65,34.600502,34.81,34.582382,34.94,34.659264,34.98,34.455532,35.03,34.545692
34.73,34.55208,34.93,34.533104,34.91,34.606335,35.01,34.406784,35.17,34.49644
34.81,34.4724,34.94,34.452694,34.98,34.521694,35.01,34.32912,35.2,34.41659
34.93,34.520344,34.91,34.500626,35.01,34.571278,35.03,34.37457,35.53,34.46421
34.94,34.5514,34.98,34.531578,35.01,34.60288,35.17,34.40417,35.05,34.494297
34.91,34.62658,35.01,34.60666,35.03,34.68062,35.2,34.47623,35.04,34.568443
34.98,34.794113,35.01,34.774616,35.17,34.855446,35.53,34.637486,34.24,34.73412
35.01,34.876823,35.03,34.857193,35.2,34.941856,35.05,34.716797,34.88,34.817173
35.01,34.977077,35.17,34.957787,35.53,35.04746,35.04,34.813168,34.82,34.91872
35.03,35.077347,35.2,35.05785,35.05,35.15203,34.24,34.909798,34.76,35.018986
35.17,35.21469,35.53,35.194355,35.04,35.294533,34.88,35.040924,34.85,35.15575
35.2,35.307312,35.05,35.2862,34.24,35.39098,34.82,35.130196,35.05,35.24807
35.53,35.341454,35.04,35.31983,34.88,35.425495,34.76,35.16264,35.17,35.28091
35.05,35.338783,34.24,35.317173,34.82,35.422157,34.85,35.15978,35.19,35.277645
35.04,35.41851,34.88,35.395905,34.76,35.504192,35.05,35.23527,35.19,35.3567
34.24,35.425194,34.82,35.403755,34.85,35.51168,35.17,35.24127,35.25,35.362133
34.88,35.282562,34.76,35.259346,35.05,35.35627,35.19,35.100433,35.13,35.213703
34.82,35.195015,34.85,35.17242,35.17,35.26526,35.19,35.018017,35.1,35.125164
34.76,35.04181,35.05,35.01819,35.19,35.10112,35.25,34.867004,35.12,34.969673
34.85,35.047497,35.17,35.025272,35.19,35.109497,35.13,34.873413,35.06,34.976597
35.05,35.1002,35.19,35.083405,35.25,35.16874,35.1,34.920513,35.03,35.03076
35.17,35.23438,35.19,35.226124,35.13,35.314392,35.12,35.044994,34.97,35.16265
35.19,35.26549,35.25,35.25592,35.1,35.34764,35.06,35.07604,34.92,35.19579
35.19,35.25974,35.13,35.250237,35.12,35.341682,35.03,35.07033,34.8,35.19018
35.25,35.181732,35.1,35.173737,35.06,35.25985,34.97,34.9948,34.68,35.10904
35.13,35.159496,35.12,35.15097,35.03,35.2355,34.92,34.973076,34.56,35.085556
35.1,35.191235,35.06,35.1822,34.97,35.271217,34.8,35.007133,34.47,35.121117
35.12,35.29287,35.03,35.2818,34.92,35.37649,34.68,35.103664,34.42,35.22484
35.06,35.45079,34.97,35.439415,34.8,35.54477,34.56,35.2583,34.31,35.386284
35.03,35.472893,34.92,35.46047,34.68,35.565075,34.47,35.277905,34.19,35.40595
34.97,35.361378,34.8,35.350266,34.56,35.447235,34.42,35.17123,34.01,35.28972
34.92,35.122143,34.68,35.102314,34.47,35.190094,34.31,34.9462,33.77,35.049953
34.8,34.99212,34.56,34.969654,34.42,35.049507,34.19,34.81996,33.53,34.9171
34.68,34.88803,34.47,34.86481,34.31,34.938755,34.01,34.719654,33.45,34.810947
34.56,34.87353,34.42,34.850338,34.19,34.924007,33.77,34.705753,33.69,34.797703
34.47,34.83881,34.31,34.815697,34.01,34.887848,33.53,34.67171,33.75,34.764187
34.42,34.732418,34.19,34.708755,33.77,34.77574,33.45,34.569077,33.5,34.657215
34.31,34.526268,34.01,34.500668,33.53,34.55866,33.69,34.37125,33.57,34.451202
34.19,34.310505,33.77,34.28361,33.45,34.332706,33.75,34.164425,33.69,34.235806
34.01,34.134174,33.53,34.106487,33.69,34.14911,33.5,33.995434,33.7,34.060402
33.77,34.07787,33.45,34.050526,33.75,34.091846,33.57,33.94173,33.54,34.005817
33.53,33.96648,33.69,33.93925,33.5,33.97815,33.69,33.836113,33.41,33.89699
33.45,33.89437,33.75,33.868156,33.57,33.905315,33.7,33.766388,33.53,33.827484
33.69,33.788635,33.5,33.763317,33.69,33.797543,33.54,33.664307,33.77,33.724384
33.75,33.68839,33.57,33.6648,33.7,33.696495,33.41,33.567448,33.94,33.626446
33.5,33.516777,33.69,33.49414,33.54,33.521572,33.53,33.402626,34.0,33.458424
33.57,33.455273,33.7,33.43459,33.41,33.462006,33.77,33.343704,34.0,33.401352
33.69,33.378643,33.54,33.358913,33.53,33.385506,33.94,33.270264,34.0,33.328213
33.7,33.38181,33.41,33.362457,33.77,33.390472,34.0,33.274315,34.0,33.333004
33.54,33.483063,33.53,33.46519,33.94,33.499157,34.0,33.37417,34.93,33.436913
33.41,33.49562,33.77,33.478653,34.0,33.514473,34.0,33.38602,34.88,33.452606
33.53,33.558624,33.94,33.54255,34.0,33.581604,34.0,33.446587,34.0,33.51803
33.77,33.59001,34.0,33.574318,34.0,33.61546,34.93,33.477554,34.25,33.550644
33.94,33.73887,34.0,33.724514,34.0,33.772522,34.88,33.622334,34.65,33.70078
34.0,33.98156,34.0,33.97149,34.93,34.028275,34.0,33.856564,34.55,33.941635
34.0,34.22609,34.0,34.21641,34.88,34.28338,34.25,34.09267,34.55,34.186085
34.0,34.415768,34.93,34.40512,34.0,34.479378,34.65,34.27486,34.49,34.37447
34.0,34.525253,34.88,34.513287,34.25,34.593433,34.55,34.383236,34.37,34.484413
34.93,34.534306,34.0,34.522762,34.65,34.60402,34.55,34.392967,34.25,34.49373
34.88,34.52562,34.25,34.51433,34.55,34.594666,34.49,34.384415,34.17,34.484463
34.0,34.61309,34.65,34.60084,34.55,34.684822,34.37,34.469822,34.11,34.570477
34.25,34.835934,34.55,34.822308,34.49,34.916183,34.25,34.685047,33.98,34.791416
34.65,34.96003,34.55,34.94725,34.37,35.044483,34.17,34.801514,33.74,34.91296
34.55,34.96365,34.49,34.95014,34.25,35.04475,34.11,34.804783,33.58,34.910553
34.55,34.73967,34.37,34.72279,34.17,34.81018,33.98,34.593483,33.54,34.68772
34.49,34.564053,34.25,34.54768,34.11,34.625538,33.74,34.421124,33.43,34.511208
34.37,34.527534,34.17,34.511684,33.98,34.583473,33.58,34.382095,33.31,34.46878
34.25,34.50569,34.11,34.489304,33.74,34.559624,33.54,34.36217,33.23,34.44465
34.17,34.49855,33.98,34.482628,33.58,34.55107,33.43,34.353363,33.08,34.435795
34.11,34.455784,33.74,34.439648,33.54,34.504475,33.31,34.311115,32.84,34.39061
33.98,34.353386,33.58,34.336853,33.43,34.396404,33.23,34.21223,32.83,34.287067
33.74,33.943047,33.54,33.91581,33.31,33.961815,33.08,33.819954,32.8,33.880627
33.58,33.722366,33.43,33.694572,33.23,33.733185,32.84,33.609554,32.8,33.66082
33.54,33.550663,33.31,33.525112,33.08,33.55883,32.83,33.442997,32.78,33.49397
33.43,33.534897,33.23,33.50993,32.84,33.54036,32.8,33.422977,32.76,33.47718
33.31,33.481445,33.08,33.45526,32.83,33.484715,32.8,33.374836,32.75,33.422615
33.23,33.270496,32.84,33.24461,32.8,33.269627,32.78,33.172905,32.75,33.217075
33.08,33.117764,32.83,33.093872,32.8,33.11234,32.76,33.020454,32.73,33.06657
32.84,33.012672,32.8,32.99032,32.78,33.005653,32.75,32.917885,32.72,32.96355
32.83,32.888798,32.8,32.867523,32.76,32.880486,32.75,32.79842,32.7,32.84296
32.8,32.779728,32.78,32.759224,32.75,32.77019,32.73,32.693085,32.68,32.736946
32.8,32.667103,32.76,32.647053,32.75,32.655857,32.72,32.58445,32.66,32.62691
32.78,32.552628,32.75,32.533764,32.73,32.540894,32.7,32.474487,32.65,32.515705
32.76,32.435085,32.75,32.417885,32.72,32.42278,32.68,32.359898,32.64,32.40169
32.75,32.35464,32.73,32.33929,32.7,32.34402,32.66,32.282898,32.63,32.325096
32.75,32.307533,32.72,32.293503,32.68,32.299053,32.65,32.23843,32.63,32.281338
32.73,32.295357,32.7,32.28223,32.66,32.289513,32.64,32.228416,32.62,32.271675
32.72,32.25906,32.68,32.246613,32.65,32.255135,32.63,32.19532,32.61,32.238037
32.7,32.21959,32.66,32.208218,32.64,32.217133,32.63,32.157734,32.6,32.20091
32.68,32.193882,32.65,32.18347,32.63,32.192856,32.62,32.13344,32.58,32.17694
32.66,32.179035,32.64,32.16958,32.63,32.180153,32.61,32.120464,32.56,32.16394
32.65,32.17858,32.63,32.17037,32.62,32.182484,32.6,32.121174,32.54,32.165436
32.64,32.185886,32.63,32.177967,32.61,32.1911,32.58,32.12894,32.54,32.17345
32.63,32.20156,32.62,32.19371,32.6,32.208317,32.56,32.14583,32.53,32.18958
32.63,32.19686,32.61,32.189034,32.58,32.20382,32.54,32.141533,32.52,32.1852
32.62,32.184513,32.6,32.17685,32.56,32.191498,32.54,32.12967,31.2,32.17319
32.61,32.159992,32.58,32.152668,32.54,32.16662,32.53,32.105675,30.8,32.14885
32.6,32.149544,32.56,32.142437,32.54,32.15626,32.52,32.095577,30.46,32.138714
32.58,32.140865,32.54,32.133873,32.53,32.14757,31.2,32.087185,30.42,32.13027
32.56,32.131184,32.54,32.124332,32.52,32.13796,30.8,32.077938,30.38,32.12089
32.54,32.120895,32.53,32.114178,31.2,32.127613,30.46,32.067905,30.34,32.11086
32.54,32.111294,32.52,32.104725,30.8,32.118027,30.42,32.058636,30.3,32.10152
32.53,32.1014,31.2,32.09495,30.46,32.108097,30.38,32.04906,30.28,32.091877
32.52,32.091087,30.8,32.084766,30.42,32.097748,30.34,32.039074,30.28,32.08182
31.2,32.081306,30.46,32.075138,30.38,32.08799,30.3,32.029633,30.3,32.072323
30.8,32.072468,30.42,32.066437,30.34,32.07915,30.28,32.021034,30.3,32.06373
30.46,32.058533,30.38,32.05335,30.3,32.065292,30.28,32.00654,30.28,32.050167
30.42,31.972393,30.34,31.964842,30.28,31.969849,30.3,31.917355,30.24,31.959875
30.38,31.738733,30.3,31.73043,30.28,31.728987,30.3,31.692436,30.2,31.725645
30.34,31.394073,30.28,31.385914,30.3,31.372738,30.28,31.35207,30.18,31.381758
30.3,31.074677,30.28,31.069977,30.3,31.047169,30.24,31.037102,30.16,31.064955
30.28,30.863941,30.3,30.861538,30.28,30.834135,30.2,30.83019,30.14,30.858154
30.28,30.710375,30.3,30.709757,30.24,30.680822,30.18,30.68172,30.14,30.70883
30.3,30.59688,30.28,30.59709,30.2,30.56797,30.16,30.573132,30.12,30.599035
30.3,30.470379,30.24,30.471582,30.18,30.441782,30.14,30.451612,30.1,30.476202
30.28,30.333134,30.2,30.33536,30.16,30.304695,30.14,30.32004,30.08,30.34254
30.24,30.174528,30.18,30.176838,30.14,30.145126,30.12,30.168531,30.06,30.18734
30.2,30.060781,30.16,30.06745,30.14,30.038847,30.1,30.062443,30.04,30.081615
30.18,30.037725,30.14,30.047636,30.12,30.021152,30.08,30.03922,30.02,30.064213
30.16,30.106588,30.14,30.118868,30.1,30.098454,30.06,30.111034,30.0,30.137428
30.14,30.217636,30.12,30.228851,30.08,30.213715,30.04,30.221918,29.98,30.250568
30.14,30.251343,30.1,30.262596,30.06,30.249767,30.02,30.256853,29.98,30.285303
30.12,30.260164,30.08,30.271246,30.04,30.259125,30.0,30.266127,29.96,30.29444
30.1,30.247757,30.06,30.259075,30.02,30.246788,29.98,30.254116,29.94,30.282188
30.08,30.242472,30.04,30.253962,30.0,30.241796,29.98,30.249144,29.93,30.277227
30.06,30.236889,30.02,30.24847,29.98,30.23626,29.96,30.243708,29.91,30.271812
30.04,30.227638,30.0,30.239204,29.98,30.22679,29.94,30.234686,29.9,30.262608
30.02,30.212383,29.98,30.223951,29.96,30.211147,29.93,30.219711,29.89,30.247446
30.0,30.192715,29.98,30.20442,29.94,30.191124,29.91,30.20031,29.86,30.227995
29.98,30.174913,29.96,30.186857,29.93,30.173252,29.9,30.18285,29.84,30.21054
29.98,30.162403,29.94,30.174593,29.91,30.160868,29.89,30.170656,29.83,30.1984
29.96,30.15355,29.93,30.16589,29.9,30.152143,29.86,30.162092,29.81,30.189835
29.94,30.145386,29.91,30.157833,29.89,30.144077,29.84,30.154293,29.8,30.18192
29.93,30.136599,29.9,30.149199,29.86,30.135412,29.83,30.14581,29.8,30.17341
29.91,30.126514,29.89,30.13921,29.84,30.12523,29.81,30.13588,29.78,30.16351
29.9,30.116268,29.86,30.129059,29.83,30.11498,29.8,30.126009,29.75,30.153463
29.89,30.10531,29.84,30.118223,29.81,30.103977,29.8,30.115294,29.74,30.142736
29.86,30.093603,29.83,30.106667,29.8,30.092241,29.78,30.103827,29.72,30.131275
29.84,30.084295,29.81,30.097502,29.8,30.083015,29.75,30.094841,29.7,30.122225
29.83,30.07599,29.8,30.089333,29.78,30.074785,29.74,30.086763,29.7,30.114159
29.81,30.067572,29.8,30.08101,29.75,30.066359,29.72,30.078558,29.69,30.10592
29.8,30.059011,29.78,30.07253,29.74,30.057795,29.7,30.070286,29.68,30.09754
29.8,30.04974,29.75,30.063381,29.72,30.04852,29.7,30.061224,29.66,30.088484
29.78,30.039375,29.74,30.053104,29.7,30.03802,29.69,30.05102,29.64,30.078268
29.75,30.029522,29.72,30.043352,29.7,30.028177,29.68,30.04152,29.63,30.068615
29.74,30.020119,29.7,30.034113,29.69,30.018824,29.66,30.032316,29.62,30.05948
29.72,30.011312,29.7,30.025436,29.68,30.01001,29.64,30.023659,29.61,30.050861
29.7,30.003942,29.69,30.01812,29.66,30.002625,29.63,30.016554,29.79,30.043627
29.7,29.994745,29.68,30.00899,29.64,29.993343,29.62,30.007572,29.78,30.034588
29.69,29.983124,29.66,29.99746,29.63,29.981564,29.61,29.996134,29.77,30.023127
29.68,29.972176,29.64,29.986649,29.62,29.970604,29.79,29.985487,29.76,30.012402
29.66,29.96297,29.63,29.9776,29.61,29.96147,29.78,29.976501,29.76,30.003447
29.64,29.95528,29.62,29.970049,29.79,29.95386,29.77,29.96902,29.75,29.995987
29.63,29.949804,29.61,29.96468,29.78,29.948528,29.76,29.96381,29.75,29.990713
29.62,29.943645,29.79,29.958586,29.77,29.942343,29.76,29.957779,29.75,29.98469
29.61,29.934988,29.78,29.949965,29.76,29.93356,29.75,29.949326,29.74,29.976126
29.79,29.925097,29.77,29.940147,29.76,29.923594,29.75,29.939707,29.73,29.96639
29.78,29.914991,29.76,29.930204,29.75,29.913502,29.75,29.929785,29.73,29.956535
29.77,29.905962,29.76,29.921244,29.75,29.904531,29.74,29.921135,29.72,29.947756
29.76,29.92446,29.75,29.940012,29.75,29.92523,29.73,29.940435,29.71,29.96808
29.76,29.938883,29.75,29.95467,29.74,29.940498,29.73,29.954409,29.7,29.98296
29.75,29.960102,29.75,29.97589,29.73,29.962723,29.72,29.976076,29.7,30.004265
29.75,29.979702,29.74,29.99515,29.73,29.9826,29.71,29.995674,29.69,30.023674
29.75,29.984385,29.73,29.99978,29.72,29.987326,29.7,30.000261,29.68,30.028296
29.74,29.989206,29.73,30.004585,29.71,29.992235,29.7,30.004988,29.68,30.03308
29.73,29.996561,29.72,30.011919,29.7,29.999817,29.69,30.012293,29.67,30.040424
29.73,30.021301,29.71,30.036463,29.7,30.025589,29.68,30.036848,29.66,30.06607
29.72,30.032078,29.7,30.047142,29.69,30.036558,29.68,30.047508,29.66,30.076782
29.71,30.042715,29.7,30.057728,29.68,30.047283,29.67,30.057829,29.65,30.087238
29.7,30.02453,29.69,30.03934,29.68,30.027094,29.66,30.039022,29.64,30.067286
29.7,30.01329,29.68,30.027885,29.67,30.015165,29.66,30.028194,29.64,30.055634
29.69,29.994946,29.68,30.009535,29.66,29.995895,29.65,30.009392,29.63,30.037209
29.68,29.978138,29.67,29.993006,29.66,29.97886,29.64,29.992643,29.63,30.020557
29.68,29.974512,29.66,29.989424,29.65,29.975231,29.64,29.989109,29.62,30.017006
29.67,29.97095,29.66,29.985905,29.64,29.971659,29.63,29.98562,29.62,30.013515
29.66,29.967127,29.65,29.982105,29.64,29.967768,29.63,29.981855,29.61,30.009743
29.66,29.958559,29.64,29.97362,29.63,29.958889,29.62,29.97338,29.61,30.000904
29.65,29.953293,29.64,29.968397,29.63,29.953539,29.62,29.968176,29.6,29.99569
29.64,29.94836,29.63,29.963524,29.62,29.948587,29.61,29.963343,29.6,29.990849
29.64,29.944172,29.63,29.959396,29.62,29.944387,29.61,29.959255,29.59,29.98674
29.63,29.939981,29.62,29.955261,29.61,29.940193,29.6,29.95517,29.58,29.982643
29.63,29.935751,29.62,29.951069,29.61,29.935947,29.6,29.95104,29.58,29.978481
29.62,29.932041,29.61,29.94743,29.6,29.932281,29.59,29.947449,29.58,29.974884
29.62,29.92832,29.61,29.943752,29.6,29.928528,29.58,29.943785,29.57,29.97124
29.61,29.925045,29.6,29.940525,29.59,29.925316,29.58,29.940672,29.57,29.968052
29.61,29.921558,29.6,29.937078,29.58,29.921803,29.58,29.937225,29.56,29.964632
29.6,29.908451,29.59,29.92413,29.58,29.908194,29.57,29.924244,29.56,29.950983
29.6,29.905169,29.58,29.92087,29.58,29.90489,29.57,29.921059,29.56,29.947748
29.59,29.902119,29.58,29.917881,29.57,29.901884,29.56,29.918104,29.57,29.944784
29.58,29.899052,29.58,29.914848,29.57,29.898785,29.56,29.915073,29.57,29.94177
29.58,29.896427,29.57,29.912262,29.56,29.896227,29.56,29.912605,29.56,29.939228
29.58,29.893843,29.57,29.909716,29.56,29.893631,29.57,29.910036,29.56,29.936712
29.57,29.890532,29.56,29.906425,29.56,29.890282,29.57,29.906809,29.55,29.93344
29.57,29.88787,29.56,29.903809,29.57,29.887657,29.56,29.904276,29.55,29.930855
29.56,29.884483,29.56,29.900455,29.57,29.884233,29.56,29.9009,29.55,29.927538
29.56,29.881618,29.57,29.897642,29.56,29.881397,29.55,29.898127,29.56,29.924742
29.56,29.879477,29.57,29.89552,29.56,29.879255,29.55,29.896053,29.57,29.92265
29.57,29.87657,29.56,29.892645,29.55,29.876345,29.55,29.893219,29.58,29.919796
29.57,29.874231,29.56,29.890333,29.55,29.874027,29.56,29.890953,29.58,29.917559
29.56,29.871653,29.55,29.887796,29.55,29.871498,29.57,29.888477,29.58,29.915062
29.56,29.869963,29.55,29.886166,29.56,29.86989,29.58,29.886858,29.57,29.91347
29.55,29.86971,29.55,29.885973,29.57,29.869778,29.58,29.886684,29.57,29.913313
29.55,29.870417,29.56,29.886694,29.58,29.87057,29.58,29.887432,29.57,29.91406
29.55,29.870869,29.57,29.887152,29.58,29.871078,29.57,29.88793,29.56,29.914537
29.56,29.87001,29.58,29.886274,29.58,29.870173,29.57,29.88709,29.56,29.91368
29.57,29.868353,29.58,29.88464,29.57,29.868536,29.57,29.885511,29.56,29.912058
29.58,29.866585,29.58,29.882883,29.57,29.866747,29.56,29.883745,29.56,29.910328
29.58,29.866175,29.57,29.882551,29.57,29.866497,29.56,29.883455,29.55,29.910023
29.58,29.867262,29.57,29.883682,29.56,29.867687,29.56,29.884548,29.55,29.911142
29.57,29.870201,29.57,29.886652,29.56,29.870823,29.56,29.887527,29.54,29.91414
29.57,29.873604,29.56,29.890007,29.56,29.874271,29.55,29.890894,29.54,29.9175
29.57,29.875427,29.56,29.8918,29.56,29.87612,29.55,29.89275,29.54,29.919298
29.56,29.875969,29.56,29.892311,29.55,29.876627,29.54,29.89325,29.53,29.919815
29.56,29.875725,29.56,29.892082,29.55,29.87638,29.54,29.893003,29.53,29.91957
29.56,29.876757,29.55,29.893126,29.54,29.877466,29.54,29.894032,29.53,29.92061
29.56,29.877834,29.55,29.894188,29.54,29.878521,29.53,29.895037,29.53,29.92166
29.55,29.878956,29.54,29.895287,29.54,29.879652,29.53,29.896181,29.52,29.922754
29.55,29.879158,29.54,29.895456,29.53,29.879774,29.53,29.896318,29.52,29.922905
29.54,29.877834,29.54,29.894115,29.53,29.87834,29.53,29.894958,29.52,29.921526
29.54,29.87538,29.53,29.891607,29.53,29.875677,29.52,29.892448,29.51,29.918991
29.54,29.871527,29.53,29.887758,29.53,29.871696,29.52,29.888634,29.51,29.915127
29.53,29.866997,29.53,29.883238,29.52,29.86699,29.52,29.884075,29.51,29.91059
29.53,29.863253,29.53,29.879545,29.52,29.863247,29.51,29.880419,29.52,29.906912
29.53,29.861105,29.52,29.877436,29.52,29.861067,29.51,29.87825,29.53,29.904802
29.53,29.858953,29.52,29.875298,29.51,29.85889,29.51,29.87616,29.53,29.902681
29.52,29.857494,29.52,29.873852,29.51,29.857462,29.52,29.87479,29.53,29.90126
29.52,29.85528,29.51,29.87168,29.51,29.855225,29.53,29.872576,29.52,29.899096
29.52,29.85365,29.51,29.870085,29.52,29.853622,29.53,29.870998,29.52,29.897512
29.51,29.852226,29.51,29.868637,29.53,29.85215,29.53,29.86961,29.52,29.896093
29.51,29.854181,29.52,29.87059,29.53,29.854353,29.52,29.87164,29.51,29.89836
29.51,29.866093,29.53,29.882328,29.53,29.867014,29.52,29.883543,29.51,29.911325
29.52,29.866858,29.53,29.883114,29.52,29.867943,29.52,29.884365,29.51,29.912281
29.53,29.86583,29.53,29.882097,29.52,29.866928,29.51,29.88339,29.52,29.911287
29.53,29.863926,29.52,29.880207,29.52,29.865011,29.51,29.881538,29.52,29.909414
29.53,29.86286,29.52,29.879198,29.51,29.864067,29.51,29.880575,29.53,29.908447
29.52,29.863272,29.52,29.879667,29.51,29.864607,29.52,29.881,29.53,29.908947
29.52,29.865168,29.51,29.88159,29.51,29.866632,29.52,29.882933,29.54,29.910883
29.52,29.867462,29.51,29.883856,29.52,29.869007,29.53,29.885258,29.54,29.913176
29.51,29.868217,29.51,29.8846,29.52,29.869766,29.53,29.886017,29.54,29.913923
29.51,29.863708,29.52,29.880121,29.53,29.865015,29.54,29.881525,29.53,29.90915
29.51,29.849918,29.52,29.86653,29.53,29.85045,29.54,29.867725,29.53,29.894344
29.52,29.847647,29.53,29.864273,29.54,29.848055,29.54,29.865465,29.52,29.891935
29.52,29.847649,29.53,29.864275,29.54,29.848057,29.53,29.865467,29.52,29.891937
29.53,29.847645,29.54,29.864273,29.54,29.848055,29.53,29.865463,29.52,29.891935
29.53,29.847715,29.54,29.864342,29.53,29.84812,29.52,29.86552,29.51,29.891998
29.54,29.847267,29.54,29.863865,29.53,29.847609,29.52,29.865051,29.51,29.891518
29.54,29.846764,29.53,29.86338,29.52,29.847137,29.52,29.864607,29.5,29.891033
29.54,29.846157,29.53,29.862774,29.52,29.846508,29.51,29.863974,29.5,29.890444
29.53,29.846962,29.52,29.863642,29.52,29.847479,29.51,29.864857,29.49,29.891323
29.53,29.849499,29.52,29.866182,29.51,29.850092,29.5,29.867336,29.49,29.893877
29.52,29.852243,29.52,29.868908,29.51,29.852938,29.5,29.870104,29.49,29.896614
29.52,29.854908,29.51,29.871542,29.5,29.85563,29.49,29.87275,29.48,29.899248
29.52,29.86305,29.51,29.879606,29.5,29.86416,29.49,29.88085,29.48,29.907825
29.51,29.863874,29.5,29.88041,29.49,29.864931,29.49,29.881609,29.48,29.908602
29.51,29.897915,29.5,29.913837,29.49,29.900583,29.48,29.915768,29.49,29.94473
29.5,29.975605,29.49,29.991186,29.49,29.98037,29.48,29.990433,29.5,30.02417
29.5,29.98827,29.49,30.003748,29.48,29.993538,29.48,30.002888,29.5,30.037407
29.49,29.985893,29.49,30.001375,29.48,29.991089,29.49,30.000584,29.5,30.034994
29.49,30.072138,29.48,30.087324,29.48,30.079943,29.5,30.08427,29.52,30.12314
29.49,30.069242,29.48,30.08447,29.49,30.077059,29.5,30.081488,29.55,30.12036
29.48,30.072529,29.48,30.087778,29.5,30.080618,29.5,30.084652,29.58,30.124096
29.48,30.067408,29.49,30.082745,29.5,30.07551,29.52,30.079721,29.61,30.119064
29.48,30.052853,29.5,30.068184,29.5,30.060339,29.55,30.065437,29.63,30.104004
29.49,30.049612,29.5,30.064997,29.52,30.057144,29.58,30.062332,29.63,30.100847
29.5,29.990862,29.5,30.006676,29.55,29.996136,29.61,30.004116,29.63,30.04021
29.5,29.89979,29.52,29.915928,29.58,29.902563,29.63,29.916172,29.64,29.947437
29.5,29.884947,29.55,29.901234,29.61,29.887201,29.63,29.901524,29.65,29.932074
29.52,29.88432,29.58,29.900667,29.63,29.886694,29.63,29.900919,29.68,29.931559
29.55,29.833296,29.61,29.850086,29.63,29.833895,29.64,29.851444,29.7,29.87839
29.58,29.834398,29.63,29.85118,29.63,29.835028,29.65,29.8526,29.73,29.87944
29.61,29.83155,29.63,29.848417,29.64,29.83213,29.68,29.849892,29.75,29.876337
29.63,29.836594,29.63,29.853521,29.65,29.837511,29.7,29.854944,29.75,29.88155
29.63,29.844357,29.64,29.861347,29.68,29.845709,29.73,29.86278,29.75,29.889433
29.63,29.856718,29.65,29.873737,29.7,29.858616,29.75,29.875174,29.75,29.901882
29.64,29.869986,29.68,29.886997,29.73,29.872295,29.75,29.88833,29.76,29.9151
29.65,29.884937,29.7,29.901857,29.75,29.887583,29.75,29.903154,29.77,29.929953
29.68,29.898746,29.73,29.915493,29.75,29.90155,29.75,29.916801,29.79,29.943605
29.7,29.90827,29.75,29.924885,29.75,29.911118,29.76,29.926167,29.81,29.952965
29.73,29.915781,29.75,29.932312,29.75,29.918669,29.77,29.933514,29.82,29.960344
29.75,29.925182,29.75,29.941704,29.76,29.928305,29.79,29.942772,29.82,29.969683
29.75,29.937391,29.75,29.953835,29.77,29.940687,29.81,29.954716,29.82,29.981766
29.75,29.950462,29.76,29.966793,29.79,29.953924,29.82,29.967632,29.81,29.99461
29.75,29.969965,29.77,29.986084,29.81,29.973839,29.82,29.986841,29.8,30.014296
29.76,29.980478,29.79,29.996399,29.82,29.98427,29.82,29.997028,29.8,30.024591
29.77,29.98629,29.81,30.002028,29.82,29.989832,29.81,30.002623,29.82,30.030104
29.79,29.989576,29.82,30.005192,29.82,29.992916,29.8,30.005695,29.85,30.033195
29.81,29.992311,29.82,30.007912,29.81,29.995556,29.8,30.008226,29.87,30.03577
29.82,29.998499,29.82,30.014053,29.8,30.001762,29.82,30.014233,29.87,30.041828
29.82,30.039145,29.81,30.054043,29.8,30.04416,29.85,30.055092,29.87,30.084312
29.82,30.049772,29.8,30.064562,29.82,30.054836,29.87,30.06543,29.89,30.094793
29.81,30.058607,29.8,30.073277,29.85,30.063652,29.87,30.074028,29.91,30.10341
29.8,30.065025,29.82,30.079515,29.87,30.06983,29.87,30.080126,29.93,30.109539
29.8,30.059155,29.85,30.07358,29.87,30.063288,29.89,30.074127,29.95,30.103008
29.82,30.057549,29.87,30.071901,29.87,30.061312,29.91,30.072313,29.98,30.101107
29.85,30.05689,29.87,30.071192,29.89,30.060434,29.93,30.071468,30.01,30.100317
29.87,30.057482,29.87,30.071753,29.91,30.060919,29.95,30.071968,30.04,30.10082
29.87,30.0595,29.89,30.073767,29.93,30.062954,29.98,30.073908,30.07,30.102804
29.87,30.0639,29.91,30.078184,29.95,30.067503,30.01,30.078218,30.1,30.107208
29.89,30.075436,29.93,30.089773,29.98,30.079443,30.04,30.089434,30.13,30.118887
29.91,30.08163,29.95,30.095875,30.01,30.085615,30.07,30.095497,29.38,30.124887
29.93,30.085957,29.98,30.100082,30.04,30.089851,30.1,30.099752,29.4,30.129065
29.95,30.088938,30.01,30.103031,30.07,30.092873,30.13,30.10265,29.42,30.132038
29.98,30.092775,30.04,30.106913,30.1,30.09684,29.38,30.106358,29.44,30.135891
30.01,30.101606,30.07,30.115776,30.13,30.106047,29.4,30.11514,29.45,30.14477
30.04,30.114994,30.1,30.129158,29.38,30.119879,29.42,30.128418,29.47,30.158175
30.07,30.181496,30.13,30.195234,29.4,30.189032,29.44,30.19427,29.49,30.226696
30.1,30.201029,29.38,30.214672,29.42,30.208965,29.45,30.213459,29.51,30.246078
30.13,30.220234,29.4,30.23372,29.44,30.228443,29.47,30.232311,29.53,30.265038
29.38,30.183163,29.42,30.196981,29.45,30.189571,29.49,30.195738,29.55,30.22585
29.4,30.199259,29.44,30.212997,29.47,30.205957,29.51,30.211529,29.56,30.241795
29.42,30.355383,29.45,30.367222,29.49,30.360619,29.53,30.359015,29.57,30.39287
29.44,30.461191,29.47,30.471266,29.51,30.464666,29.55,30.458199,29.58,30.496763
29.45,30.418976,29.49,30.42791,29.53,30.419867,29.56,30.4187,29.59,30.45287
29.47,30.333246,29.51,30.341808,29.55,30.329796,29.57,30.332102,29.61,30.366377
29.49,30.238651,29.53,30.248512,29.56,30.233763,29.58,30.238935,29.63,30.272211
29.51,30.116327,29.55,30.126762,29.57,30.108223,29.59,30.119192,29.65,30.148806
29.53,30.071058,29.56,30.08184,29.58,30.06263,29.61,30.075508,29.67,30.104168
29.55,30.022203,29.57,30.03334,29.59,30.013363,29.63,30.028305,29.83,30.055962
29.56,29.967087,29.58,29.978607,29.61,29.95771,29.65,29.975107,30.03,30.001396
29.57,29.907013,29.59,29.918945,29.63,29.89703,29.67,29.917227,29.9,29.941858
29.58,29.79258,29.61,29.806866,29.65,29.785625,29.83,29.80755,29.73,29.833979
29.59,29.751717,29.63,29.768034,29.67,29.74793,30.03,29.77044,30.15,29.794645
29.61,29.775114,29.65,29.792656,29.83,29.773813,29.9,29.792128,30.52,29.819963
29.63,29.830656,29.67,29.848633,30.03,29.833128,29.73,29.849438,30.53,29.876625
29.65,29.895178,29.83,29.912039,29.9,29.898783,30.15,29.913778,30.65,29.94118
29.67,29.899796,30.03,29.916605,29.73,29.903269,30.52,29.91822,30.77,29.945494
29.83,29.913143,29.9,29.929829,30.15,29.916914,30.53,29.931297,30.69,29.959002
30.03,29.94425,29.73,29.960382,30.52,29.949234,30.65,29.962536,30.67,29.99144
29.9,30.007141,30.15,30.0227,30.53,30.014648,30.77,30.024796,30.46,30.056698
29.73,30.029491,30.52,30.045132,30.65,30.038189,30.69,30.047277,30.27,30.079546
30.15,30.075317,30.53,30.091383,30.77,30.08625,30.67,30.092361,30.19,30.126245
30.52,30.144054,30.65,30.159792,30.69,30.156641,30.46,30.159489,30.25,30.195412
30.53,30.241558,30.77,30.256039,30.67,30.256233,30.27,30.255913,30.26,30.29372
30.65,30.291388,30.69,30.305878,30.46,30.308702,30.19,30.306162,30.4,30.344818
30.77,30.48522,30.67,30.501595,30.27,30.511013,30.25,30.494402,30.48,30.541952
30.69,30.637897,30.46,30.654518,30.19,30.668213,30.26,30.643473,30.64,30.694433
30.67,30.790436,30.27,30.806004,30.25,30.823912,30.4,30.793839,30.67,30.845196
30.46,30.987923,30.19,31.003777,30.26,31.026068,30.48,30.984894,30.64,31.04178
30.27,31.011387,30.25,31.026306,30.4,31.04774,30.64,31.007881,30.51,31.062069
30.19,31.09373,30.26,31.106884,30.48,31.128447,30.67,31.086945,30.37,31.141048
30.25,31.129168,30.4,31.140192,30.64,31.159822,30.64,31.119272,30.39,31.172825
30.26,31.074793,30.48,31.085218,30.67,31.100998,30.51,31.064835,30.63,31.115158
30.4,30.95941,30.64,30.969776,30.64,30.981195,30.37,30.951727,31.24,30.998285
30.48,30.929699,30.67,30.940018,30.51,30.948145,30.39,30.91952,31.35,30.966623
30.64,30.858828,30.64,30.868523,30.37,30.87335,30.63,30.84871,31.46,30.895224
30.67,30.850353,30.51,30.859196,30.39,30.863888,31.24,30.840252,32.03,30.887629
30.64,30.79194,30.37,30.801008,30.63,30.803457,31.35,30.781279,32.74,30.829922
30.51,30.689466,30.39,30.698477,31.24,30.699566,31.46,30.684103,32.7,30.728182
30.37,30.731894,30.63,30.740822,31.35,30.743988,32.03,30.726133,32.91,30.771843
30.39,30.818996,31.24,30.828133,31.46,30.834408,32.74,30.811071,33.56,30.86061
30.63,31.052551,31.35,31.06253,32.03,31.073162,32.7,31.035172,33.85,31.092548
31.24,31.214022,31.46,31.225311,32.74,31.239944,32.91,31.190048,33.61,31.255407
31.35,31.347029,32.03,31.359484,32.7,31.378113,33.56,31.318985,33.43,31.389837
31.46,31.425829,32.74,31.438326,32.91,31.46074,33.85,31.397398,33.43,31.470247
32.03,31.512548,32.7,31.525936,33.56,31.554155,33.61,31.486307,33.51,31.559278
32.74,31.761501,32.91,31.775301,33.85,31.810402,33.43,31.727272,33.88,31.807682
32.7,32.18447,33.56,32.197796,33.61,32.244728,33.43,32.139492,33.82,32.227467
32.91,32.555843,33.85,32.567986,33.43,32.62489,33.51,32.50027,33.72,32.594395
33.56,33.047768,33.61,33.05825,33.43,33.129345,33.88,32.978695,33.69,33.079445
33.85,33.39895,33.43,33.404175,33.51,33.48578,33.82,33.321053,33.68,33.42303
33.61,33.453163,33.43,33.45304,33.88,33.5394,33.72,33.382397,33.59,33.473454
33.43,33.563007,33.51,33.559383,33.82,33.65264,33.69,33.496647,33.35,33.579704
33.43,33.783634,33.88,33.77816,33.72,33.87861,33.68,33.71334,33.18,33.793587
33.51,34.07545,33.82,34.064747,33.69,34.17442,33.59,34.000736,33.3,34.076004
33.88,34.088486,33.72,34.074654,33.68,34.180862,33.35,34.013172,33.69,34.082085
33.82,34.032608,33.69,34.01925,33.59,34.118847,33.18,33.955917,33.91,34.022266
33.72,33.949863,33.68,33.93753,33.35,34.028328,33.3,33.869392,33.67,33.93585
33.69,34.001526,33.59,33.987835,33.18,34.076405,33.69,33.914425,33.57,33.984596
33.68,33.95389,33.35,33.93544,33.3,34.01687,33.91,33.862995,33.59,33.932163
33.59,33.885223,33.18,33.86589,33.69,33.940273,33.67,33.793007,33.48,33.859135
33.35,33.822422,33.3,33.80318,33.91,33.870224,33.57,33.7254,33.6,33.793404
33.18,33.768623,33.69,33.74916,33.67,33.80898,33.59,33.667496,33.51,33.735203
33.3,33.755173,33.91,33.736183,33.57,33.791363,33.48,33.6491,33.37,33.71899
33.69,33.63006,33.67,33.61169,33.59,33.660534,33.6,33.525276,33.29,33.59417
33.91,33.53,33.57,33.512318,33.48,33.55695,33.51,33.426735,33.29,33.494907
33.67,33.54136,33.59,33.52425,33.6,33.569477,33.37,33.43739,33.23,33.50697
33.57,33.580105,33.48,33.563534,33.51,33.61173,33.29,33.47644,33.2,33.547367
33.59,33.54348,33.6,33.52646,33.37,33.57402,33.29,33.4425,33.2,33.510796
33.48,33.545673,33.51,33.528137,33.29,33.575996,33.23,33.445892,33.19,33.51223
33.6,33.682026,33.37,33.665737,33.29,33.71763,33.2,33.575577,33.14,33.64797
33.51,33.744766,33.29,33.72948,33.23,33.782616,33.2,33.63399,33.14,33.710743
33.37,33.824127,33.29,33.8094,33.2,33.864464,33.19,33.70872,33.33,33.789886
33.29,33.69484,33.23,33.679867,33.2,33.732162,33.14,33.587498,33.5,33.661964
33.29,33.66094,33.2,33.64594,33.19,33.697834,33.14,33.555576,33.23,33.62905
33.23,33.689987,33.2,33.674755,33.14,33.727673,33.33,33.584003,33.41,33.657547
33.2,33.622414,33.19,33.606228,33.14,33.657013,33.5,33.51985,33.21,33.589577
33.2,33.54608,33.14,33.52913,33.33,33.57584,33.23,33.444717,33.14,33.51188
33.19,33.57983,33.14,33.56299,33.5,33.609234,33.41,33.4741,33.14,33.544872
33.14,33.437813,33.33,33.421974,33.23,33.463547,33.21,33.33603,33.28,33.404922
33.14,33.228714,33.5,33.213646,33.41,33.248383,33.14,33.133503,33.45,33.19821
33.33,33.14174,33.23,33.127075,33.21,33.16011,33.14,33.05083,33.53,33.112675
33.5,33.172092,33.41,33.15806,33.14,33.193207,33.28,33.080643,33.56,33.14437
33.23,33.31962,33.21,33.30599,33.14,33.34558,33.45,33.22146,33.61,33.29134
33.41,33.539864,33.14,33.527813,33.28,33.57546,33.53,33.434795,33.72,33.510338
33.21,33.58616,33.14,33.57482,33.45,33.62579,33.56,33.480583,33.92,33.559162
33.14,33.797474,33.28,33.78587,33.53,33.84397,33.61,33.68341,34.17,33.769512
33.14,33.851513,33.45,33.839813,33.56,33.90162,33.72,33.738735,33.92,33.824226
33.28,33.696526,33.53,33.684303,33.61,33.74056,33.92,33.58956,33.68,33.66951
33.45,33.706863,33.56,33.69464,33.72,33.75128,34.17,33.60019,33.44,33.67936
33.53,33.677704,33.61,33.66525,33.92,33.720905,33.92,33.571823,33.2,33.650455
33.56,33.754158,33.72,33.74229,34.17,33.800583,33.68,33.64498,33.11,33.72713
33.61,33.645115,33.92,33.633556,33.92,33.688988,33.44,33.541874,33.11,33.618347
33.72,33.52681,34.17,33.514774,33.68,33.567177,33.2,33.430347,33.2,33.50051
33.92,33.323944,33.92,33.30862,33.44,33.356007,33.11,33.23782,33.18,33.299683
34.17,33.343235,33.68,33.326916,33.2,33.37471,33.11,33.257244,33.22,33.31773
33.92,33.236248,33.44,33.219364,33.11,33.26468,33.2,33.15625,33.42,33.211857
33.68,33.317757,33.2,33.300316,33.11,33.34763,33.18,33.23381,33.83,33.292522
33.44,33.45585,33.11,33.438396,33.2,33.492157,33.22,33.370766,34.08,33.43043
33.2,33.585056,33.11,33.566357,33.18,33.622948,33.42,33.49384,33.85,33.557037
33.11,33.649544,33.2,33.629642,33.22,33.6872,33.83,33.55639,34.05,33.618153
33.11,33.600513,33.18,33.579407,33.42,33.63354,34.08,33.508053,34.01,33.567005
33.2,33.60909,33.22,33.588753,33.83,33.63956,33.85,33.51146,33.77,33.573048
33.18,33.541126,33.42,33.52176,34.08,33.568104,34.05,33.442474,33.77,33.50456
33.22,33.509464,33.83,33.491463,33.85,33.535343,34.01,33.408573,33.84,33.473503
33.42,33.37617,34.08,33.35868,34.05,33.398357,33.77,33.279617,33.82,33.34175
33.83,33.44231,33.85,33.42655,34.01,33.468388,33.77,33.342194,33.6,33.40818
34.08,33.450676,34.05,33.43572,33.77,33.477257,33.84,33.34836,33.4,33.41687
33.85,33.5437,34.01,33.530025,33.77,33.574055,33.82,33.43571,33.4,33.509884
34.05,33.672726,33.77,33.660824,33.84,33.71176,33.6,33.561077,33.28,33.642044
34.01,33.825558,33.77,33.81443,33.82,33.872902,33.4,33.70944,33.16,33.797726
33.77,33.997955,33.84,33.985996,33.6,34.05147,33.4,33.87752,33.04,33.968857
33.77,34.09288,33.82,34.0798,33.4,34.15192,33.28,33.97493,32.92,34.063877
33.84,34.14572,33.6,34.131992,33.4,34.205296,33.16,34.025578,32.8,34.114136
33.82,34.19704,33.4,34.181843,33.28,34.25608,33.04,34.07644,32.8,34.161617
33.6,34.242,33.4,34.22619,33.16,34.30176,32.92,34.1207,32.77,34.204353
33.4,34.09977,33.28,34.08371,33.04,34.152916,32.8,33.98354,32.75,34.061096
33.4,34.026863,33.16,34.010845,32.92,34.075626,32.8,33.912224,32.73,33.98625
33.28,33.868965,33.04,33.85053,32.8,33.907795,32.77,33.758865,32.69,33.827003
33.16,33.601677,32.92,33.579556,32.8,33.626427,32.75,33.50087,32.69,33.55989
33.04,33.348465,32.8,33.326225,32.77,33.362812,32.73,33.254433,32.66,33.306984
32.92,33.107536,32.8,33.086895,32.75,33.114407,32.69,33.01889,32.65,33.068058
32.8,32.94567,32.77,32.926113,32.73,32.946606,32.69,32.858498,32.65,32.90677
32.8,32.84461,32.75,32.825645,32.69,32.843575,32.66,32.761086,32.59,32.80718
32.77,32.699028,32.73,32.681038,32.69,32.69528,32.65,32.619423,32.51,32.664253
32.75,32.667625,32.69,32.650684,32.66,32.66382,32.65,32.58726,32.51,32.634144
32.73,32.629025,32.69,32.613018,32.65,32.62589,32.59,32.550266,32.46,32.597313
32.69,32.57098,32.66,32.555965,32.65,32.568058,32.51,32.49381,32.46,32.54181
32.69,32.4811,32.65,32.467888,32.59,32.478928,32.51,32.407047,32.43,32.45541
32.66,32.422123,32.65,32.410637,32.51,32.42166,32.46,32.35033,32.41,32.399757
32.65,32.388676,32.59,32.378,32.51,32.389534,32.46,32.318874,32.38,32.368484
32.65,32.53582,32.51,32.526146,32.46,32.5439,32.43,32.46262,32.34,32.51731
32.59,32.626408,32.51,32.617413,32.46,32.63885,32.41,32.549606,32.32,32.610004
32.51,32.59871,32.46,32.590477,32.43,32.612465,32.38,32.52376,32.26,32.58422
32.51,32.576702,32.46,32.56894,32.41,32.591717,32.34,32.503716,32.2,32.56383
32.46,32.518887,32.43,32.511078,32.38,32.533443,32.32,32.44909,32.16,32.507103
32.46,32.47431,32.41,32.46616,32.34,32.487934,32.26,32.406853,32.1,32.46293
32.43,32.414253,32.38,32.406162,32.32,32.427017,32.2,32.349766,32.03,32.403564
32.41,32.37955,32.34,32.37174,32.26,32.391586,32.16,32.315544,31.99,32.36943
32.38,32.350742,32.32,32.34336,32.2,32.362736,32.1,32.28775,31.93,32.341347
32.34,32.325268,32.26,32.31833,32.16,32.3372,32.03,32.262825,31.83,32.316616
32.32,32.127785,32.2,32.121433,32.1,32.135056,31.99,32.07262,31.73,32.11973
32.26,31.981411,32.16,31.975368,32.03,31.984936,31.93,31.931374,31.63,31.973186
32.2,31.957808,32.1,31.951933,31.99,31.960985,31.83,31.908316,31.57,31.950102
32.16,31.927786,32.03,31.92215,31.93,31.930569,31.73,31.879164,31.4,31.92061
32.1,31.895563,31.99,31.890198,31.83,31.897964,31.63,31.847843,31.32,31.889027
32.03,31.863174,31.93,31.858215,31.73,31.865372,31.57,31.816359,31.28,31.857344
31.99,31.832777,31.83,31.828089,31.63,31.834555,31.4,31.786688,31.25,31.827467
31.93,31.80185,31.73,31.79744,31.57,31.803396,31.32,31.756813,31.18,31.797173
31.83,31.763466,31.63,31.759184,31.4,31.7641,31.28,31.719198,31.1,31.759272
31.73,31.71949,31.57,31.715487,31.32,31.719501,31.25,31.676575,30.12,31.716019
31.63,31.671705,31.4,31.668022,31.28,31.670803,31.18,31.629698,30.09,31.66896
31.57,31.620655,31.32,31.617245,31.25,31.618765,31.1,31.579847,30.05,31.618597
31.4,31.558834,31.28,31.555664,31.18,31.555696,30.12,31.519659,30.03,31.557528
31.32,31.490654,31.25,31.487688,31.1,31.486053,30.09,31.453047,30.03,31.490242
31.28,31.418695,31.18,31.41626,30.12,31.413168,30.05,31.38305,30.02,31.419582
31.25,31.343925,31.1,31.341808,30.09,31.336864,30.03,31.309746,30.01,31.345898
31.18,31.265972,30.12,31.264248,30.05,31.257921,30.03,31.234306,30.01,31.269299
31.1,31.186722,30.09,31.185545,30.03,31.177933,30.02,31.157358,30.0,31.191818
30.12,31.116714,30.05,31.116383,30.03,31.107874,30.01,31.08941,30.0,31.123764
30.09,31.057026,30.03,31.057308,30.02,31.048107,30.01,31.031618,29.99,31.0657
30.05,30.99823,30.03,30.999434,30.01,30.989264,30.0,30.974329,29.99,31.008371
30.03,30.892878,30.02,30.892881,30.01,30.87777,30.0,30.868563,29.98,30.901518
30.03,30.738522,30.01,30.739197,30.0,30.720827,29.99,30.719667,29.98,30.748005
30.02,30.558254,30.01,30.560183,30.0,30.536386,29.99,30.540174,29.98,30.569447
30.01,30.402042,30.0,30.40609,29.99,30.379599,29.98,30.387453,29.98,30.416376
30.01,30.333012,30.0,30.338175,29.99,30.312319,29.98,30.322077,29.97,30.350275
30.0,30.271019,29.99,30.277145,29.98,30.251637,29.98,30.26295,29.97,30.29077
30.0,30.213657,29.99,30.220499,29.98,30.195396,29.98,30.208834,29.96,30.235464
29.99,30.153149,29.98,30.160421,29.98,30.135336,29.97,30.15136,29.96,30.176619
29.99,30.079962,29.98,30.087816,29.98,30.062387,29.97,30.081392,29.94,30.105194
29.98,30.000113,29.98,30.008379,29.97,29.982847,29.96,30.005394,29.93,30.027412
29.98,29.963684,29.98,29.97535,29.97,29.953215,29.96,29.973297,29.93,29.99654
29.98,29.98369,29.97,29.997309,29.96,29.977129,29.94,29.991955,29.92,30.019691
29.98,30.04827,29.97,30.062666,29.96,30.046871,29.93,30.058954,29.92,30.086145
29.97,30.116686,29.96,30.130001,29.94,30.116938,29.93,30.12731,29.92,30.154966
29.97,30.11782,29.96,30.131168,29.93,30.118265,29.92,30.128588,29.91,30.156164
29.96,30.119015,29.94,30.13239,29.93,30.119654,29.92,30.129957,29.9,30.157452
29.96,30.11835,29.93,30.131742,29.92,30.119034,29.92,30.129337,29.9,30.156847
29.94,30.116714,29.93,30.13013,29.92,30.117447,29.91,30.127792,29.9,30.155281
29.93,30.114979,29.92,30.128416,29.92,30.115715,29.9,30.126123,29.89,30.153587
29.93,30.112572,29.92,30.12604,29.91,30.113302,29.9,30.123762,29.89,30.151222
29.92,30.109766,29.92,30.123247,29.9,30.11042,29.9,30.12098,29.88,30.148434
29.92,30.1059,29.91,30.11937,29.9,30.10645,29.89,30.117191,29.88,30.144585
29.92,30.101513,29.9,30.115036,29.9,30.10203,29.89,30.112888,29.88,30.140266
29.91,30.096823,29.9,30.11038,29.89,30.097233,29.88,30.108198,29.87,30.135628
29.9,30.092903,29.9,30.106506,29.89,30.093311,29.88,30.104416,29.87,30.131773
29.9,30.089125,29.89,30.102755,29.88,30.089476,29.88,30.100689,29.86,30.128057
29.9,30.084766,29.89,30.098455,29.88,30.085098,29.87,30.09641,29.86,30.123775
29.89,30.080626,29.88,30.094328,29.88,30.080883,29.87,30.092344,29.85,30.119684
29.89,30.076412,29.88,30.09016,29.87,30.076672,29.86,30.088264,29.85,30.115551
29.88,30.072176,29.88,30.085983,29.87,30.072412,29.86,30.084084,29.84,30.111408
29.88,30.068945,29.87,30.082829,29.86,30.069263,29.85,30.081005,29.83,30.1083
29.88,30.067423,29.87,30.081375,29.86,30.067852,29.85,30.079557,29.83,30.10689
29.87,30.065691,29.86,30.079653,29.85,30.066124,29.84,30.07788,29.83,30.105202
29.87,30.064281,29.86,30.078276,29.85,30.0648,29.83,30.07662,29.82,30.10386
29.86,30.062157,29.85,30.076168,29.84,30.06266,29.83,30.07449,29.81,30.101791
29.86,30.059343,29.85,30.073381,29.83,30.059813,29.83,30.071756,29.82,30.099018
29.85,30.057104,29.84,30.071169,29.83,30.057611,29.82,30.06963,29.81,30.096838
29.85,30.054186,29.83,30.06829,29.83,30.054663,29.81,30.06672,29.81,30.09398
29.84,30.0519,29.83,30.066055,29.82,30.05241,29.82,30.064512,29.8,30.091759
29.83,30.049753,29.83,30.063906,29.81,30.050207,29.81,30.062412,29.8,30.089638
29.83,30.046852,29.82,30.061039,29.82,30.047318,29.81,30.059614,29.79,30.086794
29.83,30.043541,29.81,30.057743,29.81,30.043915,29.8,30.056286,29.79,30.083515
29.82,30.04027,29.82,30.05451,29.81,30.040648,29.8,30.053133,29.66,30.080294
29.81,30.037176,29.81,30.051428,29.8,30.037497,29.79,30.050076,29.66,30.077246
29.82,30.033407,29.81,30.04771,29.8,30.03371,29.79,30.046381,29.65,30.07354
29.81,30.030447,29.8,30.044792,29.79,30.03074,29.66,30.043478,29.65,30.070639
29.81,30.026915,29.8,30.041256,29.79,30.02713,29.66,30.04002,29.65,30.06714
29.8,30.023819,29.79,30.03824,29.66,30.02412,29.65,30.03707,29.65,30.064154
29.8,30.020782,29.79,30.035229,29.66,30.021023,29.65,30.034008,29.62,30.061176
29.79,30.018793,29.66,30.033308,29.65,30.019144,29.65,30.032185,29.6,30.059273
29.79,30.016922,29.66,30.031416,29.65,30.017204,29.65,30.030302,29.59,30.057419
29.66,30.014061,29.65,30.028608,29.65,30.0144,29.62,30.027576,29.58,30.054634
29.66,30.01191,29.65,30.026485,29.65,30.012234,29.6,30.025436,29.58,30.052544
29.65,30.010374,29.65,30.02505,29.62,30.010738,29.59,30.023859,29.59,30.05105
29.65,30.003592,29.65,30.018005,29.6,30.00315,29.58,30.016825,29.6,30.043924
29.65,29.989916,29.62,30.004274,29.59,29.989084,29.58,30.003622,29.6,30.030188
29.65,29.970459,29.6,29.984919,29.58,29.968996,29.59,29.983967,29.59,30.010841
29.62,29.951696,29.59,29.966415,29.58,29.95004,29.6,29.965397,29.59,29.992315
29.6,29.942558,29.58,29.957394,29.59,29.94092,29.6,29.95654,29.59,29.983385
29.59,29.932774,29.58,29.947735,29.6,29.931084,29.59,29.946898,29.58,29.973795
29.58,29.92281,29.59,29.937855,29.6,29.921,29.59,29.937119,29.58,29.963959
29.58,29.911585,29.6,29.926659,29.59,29.909557,29.59,29.926144,29.57,29.95282
29.59,29.897833,29.6,29.912992,29.59,29.8956,29.58,29.912653,29.57,29.93921
29.6,29.88267,29.59,29.89789,29.59,29.880236,29.58,29.897846,29.57,29.924265
29.6,29.873402,29.59,29.889046,29.58,29.871675,29.57,29.889212,29.58,29.915615
29.59,29.872036,29.59,29.887932,29.58,29.870712,29.57,29.88774,29.59,29.914667
29.59,29.877977,29.58,29.894045,29.57,29.877424,29.57,29.894173,29.59,29.920929
29.59,29.886267,29.58,29.90223,29.57,29.885984,29.58,29.902533,29.59,29.929281
29.58,29.885271,29.57,29.901247,29.57,29.885029,29.59,29.901644,29.58,29.928326
29.58,29.88274,29.57,29.89869,29.58,29.88247,29.59,29.899248,29.57,29.92583
29.57,29.880205,29.57,29.89625,29.59,29.880098,29.59,29.896849,29.57,29.92349
29.57,29.888203,29.58,29.904236,29.59,29.888737,29.58,29.904858,29.56,29.932232
29.57,29.890123,29.59,29.906214,29.59,29.890892,29.57,29.906902,29.56,29.934254
29.58,29.892277,29.59,29.908356,29.58,29.89313,29.57,29.909088,29.56,29.936394
29.59,29.89331,29.59,29.909393,29.57,29.894224,29.56,29.910156,29.56,29.937443
29.59,29.893095,29.58,29.909145,29.57,29.893957,29.56,29.909925,29.55,29.9372
29.59,29.891539,29.57,29.90759,29.56,29.892363,29.56,29.908432,29.55,29.935644
29.58,29.88988,29.57,29.90596,29.56,29.890718,29.56,29.906813,29.55,29.934046
29.57,29.889246,29.56,29.905376,29.56,29.890156,29.55,29.906187,29.55,29.933464
29.57,29.89042,29.56,29.906574,29.56,29.891417,29.55,29.907366,29.54,29.934679
29.56,29.890867,29.56,29.906996,29.55,29.891827,29.55,29.907825,29.54,29.935057
29.56,29.881626,29.56,29.897833,29.55,29.882061,29.55,29.898624,29.53,29.925188
29.56,29.880255,29.55,29.896465,29.55,29.880638,29.54,29.897236,29.53,29.923817
29.56,29.878923,29.55,29.895155,29.55,29.879288,29.54,29.895914,29.53,29.922503
29.55,29.878351,29.55,29.894585,29.54,29.878716,29.53,29.895351,29.52,29.921942
29.55,29.87784,29.55,29.894083,29.54,29.8782,29.53,29.894846,29.52,29.921434
29.55,29.877007,29.54,29.893246,29.53,29.87731,29.53,29.893982,29.51,29.92058
29.55,29.874765,29.54,29.890959,29.53,29.874907,29.52,29.89174,29.51,29.918287
29.54,29.871029,29.53,29.887215,29.53,29.87105,29.52,29.888056,29.51,29.914541
29.54,29.866291,29.53,29.882517,29.52,29.866201,29.51,29.883322,29.51,29.90984
29.53,29.86285,29.53,29.879147,29.52,29.862783,29.51,29.87996,29.52,29.906485
29.53,29.86143,29.52,29.877756,29.51,29.861385,29.51,29.87856,29.54,29.905115
29.53,29.860485,29.52,29.876839,29.51,29.860497,29.51,29.877687,29.54,29.904219
29.52,29.859524,29.51,29.875875,29.51,29.85953,29.52,29.876764,29.54,29.903282
29.52,29.857794,29.51,29.874176,29.51,29.857798,29.54,29.875084,29.53,29.901587
29.51,29.856134,29.51,29.872534,29.52,29.856127,29.54,29.873442,29.53,29.899952
29.51,29.853954,29.51,29.870346,29.54,29.853888,29.54,29.871296,29.51,29.897787
29.51,29.851799,29.52,29.868225,29.54,29.851751,29.53,29.86922,29.51,29.895678
29.51,29.849203,29.54,29.865644,29.54,29.849073,29.53,29.866598,29.51,29.893105
29.52,29.867937,29.54,29.88379,29.53,29.868898,29.51,29.885891,29.51,29.913502
29.54,29.889212,29.54,29.904541,29.53,29.89117,29.51,29.90734,29.5,29.936224
29.54,29.888525,29.53,29.903912,29.51,29.890635,29.51,29.906723,29.5,29.93573
29.54,29.887146,29.53,29.902586,29.51,29.88935,29.51,29.905418,29.5,29.934446
29.53,29.888197,29.51,29.903736,29.51,29.890667,29.5,29.906584,29.49,29.935646
29.53,29.891308,29.51,29.906868,29.51,29.893934,29.5,29.909658,29.49,29.938812
29.51,29.895073,29.51,29.91062,29.5,29.89786,29.5,29.9135,29.48,29.942585
29.51,29.897953,29.51,29.91345,29.5,29.90078,29.49,29.91638,29.48,29.945442
29.51,29.898642,29.5,29.914139,29.5,29.901482,29.49,29.917046,29.48,29.946123
29.51,29.898867,29.5,29.914337,29.49,29.901638,29.48,29.917227,29.45,29.946302
29.5,29.873768,29.5,29.889801,29.49,29.875326,29.48,29.891838,29.42,29.919567
29.5,29.852541,29.49,29.869112,29.48,29.853065,29.48,29.870296,29.4,29.89689
29.5,29.850092,29.49,29.866703,29.48,29.850508,29.45,29.867834,29.38,29.894331
29.49,29.849457,29.48,29.866034,29.48,29.849754,29.42,29.867126,29.36,29.893633
29.49,29.846935,29.48,29.86345,29.45,29.847042,29.4,29.864607,29.33,29.891024
29.48,29.842499,29.48,29.85901,29.42,29.842428,29.38,29.860193,29.33,29.88657
29.48,29.836647,29.45,29.853186,29.4,29.836395,29.36,29.854324,29.32,29.880737
29.48,29.832403,29.42,29.84901,29.38,29.832146,29.33,29.85017,29.3,29.876564
29.45,29.829111,29.4,29.845722,29.36,29.828766,29.33,29.846882,29.3,29.8733
29.42,29.826742,29.38,29.843433,29.33,29.826515,29.32,29.844677,29.29,29.87104
29.4,29.825815,29.36,29.842543,29.33,29.825607,29.3,29.843695,29.27,29.870169
29.38,29.823977,29.33,29.8407,29.32,29.823664,29.3,29.84185,29.26,29.86829
29.36,29.820131,29.33,29.836758,29.3,29.819557,29.29,29.838043,29.23,29.864344
29.33,29.811575,29.32,29.828203,29.3,29.810698,29.27,29.829533,29.22,29.855778
29.33,29.800446,29.3,29.817114,29.29,29.799212,29.26,29.818373,29.12,29.844658
29.32,29.789612,29.3,29.806332,29.27,29.788086,29.23,29.80762,29.16,29.833847
29.3,29.778395,29.29,29.795143,29.26,29.776558,29.22,29.796515,29.13,29.822655
29.3,29.766212,29.27,29.783047,29.23,29.764166,29.12,29.784521,29.12,29.81057
29.29,29.75495,29.26,29.771894,29.22,29.75276,29.16,29.773405,29.11,29.799427
29.27,29.744522,29.23,29.761532,29.12,29.742153,29.13,29.763168,29.09,29.789057
29.26,29.734938,29.22,29.752,29.16,29.732494,29.12,29.753908,29.06,29.7796
29.23,29.72433,29.12,29.741526,29.13,29.72188,29.11,29.743557,29.04,29.769196
29.22,29.7149,29.16,29.732252,29.12,29.71251,29.09,29.734348,29.02,29.76
29.12,29.7188,29.13,29.736124,29.11,29.717052,29.06,29.738523,29.0,29.764723
29.16,29.713644,29.12,29.731026,29.09,29.711952,29.04,29.73354,29.0,29.759768
29.13,29.70752,29.11,29.725023,29.06,29.70591,29.02,29.727613,29.0,29.753792
29.12,29.698313,29.09,29.715714,29.04,29.696255,29.0,29.718462,28.99,29.744473
29.11,29.68719,29.06,29.704727,29.02,29.685163,29.0,29.707844,28.97,29.73351
29.09,29.674726,29.04,29.692322,29.0,29.672369,29.0,29.69534,28.96,29.721119
29.06,29.66266,29.02,29.68045,29.0,29.660364,28.99,29.683693,28.96,29.709253
29.04,29.654713,29.0,29.672522,29.0,29.652273,28.97,29.675915,28.96,29.70138
29.02,29.64388,29.0,29.661768,28.99,29.641329,28.96,29.665384,28.96,29.69065
29.0,29.633232,29.0,29.651161,28.97,29.630514,28.96,29.654993,28.94,29.680086
29.0,29.612965,28.99,29.631008,28.96,29.609497,28.96,29.63495,28.91,29.659239
29.0,29.600447,28.97,29.618576,28.96,29.596827,28.96,29.622759,28.89,29.646805
28.99,29.58793,28.96,29.606104,28.96,29.584158,28.94,29.610584,28.88,29.634441
28.97,29.579094,28.96,29.59765,28.96,29.575903,28.91,29.602222,28.88,29.62615
28.96,29.573717,28.96,29.592396,28.94,29.57054,28.89,29.596718,28.88,29.620985
28.96,29.570667,28.96,29.589506,28.91,29.567932,28.88,29.594236,28.87,29.61821
28.96,29.568087,28.94,29.586878,28.89,29.565266,28.88,29.591652,28.86,29.61571
28.96,29.558954,28.91,29.577824,28.88,29.556097,28.88,29.58284,28.85,29.60669
28.94,29.55242,28.89,29.571363,28.88,29.549616,28.87,29.576548,28.85,29.600327
28.91,29.545996,28.88,29.56512,28.88,29.543402,28.86,29.570333,28.85,29.594189
28.89,29.542912,28.88,29.56222,28.87,29.540617,28.85,29.567398,28.85,29.591385
28.88,29.542799,28.88,29.562204,28.86,29.540771,28.85,29.567385,28.84,29.591509
28.88,29.54194,28.87,29.561363,28.85,29.539984,28.85,29.566635,28.83,29.590727
28.88,29.538591,28.86,29.557962,28.85,29.53648,28.85,29.563362,28.81,29.587336
28.87,29.532425,28.85,29.551765,28.85,29.530106,28.84,29.557344,28.79,29.581139
28.86,29.524977,28.85,29.544363,28.85,29.522532,28.83,29.550045,28.77,29.573748
28.85,29.531378,28.85,29.5506,28.84,29.529636,28.81,29.556616,28.77,29.581347
28.85,29.53078,28.85,29.550123,28.83,29.529385,28.79,29.55604,28.77,29.581259
28.85,29.52778,28.84,29.547163,28.81,29.526423,28.77,29.553156,28.78,29.578333
28.85,29.527357,28.83,29.546764,28.79,29.52621,28.77,29.552753,28.79,29.578342
28.84,29.530575,28.81,29.549955,28.77,29.529922,28.77,29.556005,28.81,29.582426
28.83,29.532402,28.79,29.551874,28.77,29.532322,28.78,29.557901,28.84,29.585108
28.81,29.573622,28.77,29.592123,28.77,29.572392,28.79,29.595787,28.86,29.625822
28.79,29.622772,28.77,29.641167,28.78,29.624296,28.81,29.644562,28.88,29.677818
28.77,29.621716,28.77,29.640215,28.79,29.62349,28.84,29.643686,28.91,29.676943
28.77,29.619642,28.78,29.63815,28.81,29.621393,28.86,29.6417,28.93,29.6749
28.77,29.589655,28.79,29.607899,28.84,29.589632,28.88,29.612576,28.95,29.643167
28.78,29.575968,28.81,29.59412,28.86,29.575258,28.91,29.59923,28.95,29.628937
28.79,29.570126,28.84,29.588448,28.88,29.569548,28.93,29.593422,28.96,29.62345
28.81,29.556156,28.86,29.574516,28.91,29.555113,28.95,29.579823,28.97,29.60907
28.84,29.536251,28.88,29.554516,28.93,29.534245,28.95,29.560635,28.98,29.588089
28.86,29.520021,28.91,29.538183,28.95,29.517202,28.96,29.545067,28.99,29.570887
28.88,29.479174,28.93,29.4988,28.95,29.478424,28.97,29.507113,29.0,29.531746
28.91,29.463587,28.95,29.484179,28.96,29.46207,28.98,29.490444,29.01,29.514362
28.93,29.46581,28.95,29.486555,28.97,29.464739,28.99,29.492746,29.02,29.516872
28.95,29.471432,28.96,29.492323,28.98,29.470982,29.0,29.4985,29.03,29.52285
28.95,29.48003,28.97,29.501074,28.99,29.480247,29.01,29.507149,29.03,29.531792
28.96,29.491253,28.98,29.51244,29.0,29.49217,29.02,29.518343,29.03,29.54333
28.97,29.504766,28.99,29.525955,29.01,29.506172,29.03,29.531801,29.03,29.556875
28.98,29.519674,29.0,29.540783,29.02,29.52145,29.03,29.546547,29.0,29.571789
28.99,29.532743,29.01,29.55371,29.03,29.534681,29.03,29.559431,28.96,29.584738
29.0,29.543585,29.02,29.56442,29.03,29.545574,29.03,29.570063,28.96,29.595396
29.01,29.558989,29.03,29.579672,29.03,29.561428,29.0,29.585255,28.99,29.611212
29.02,29.56766,29.03,29.588175,29.03,29.570011,28.96,29.593706,29.01,29.619656
29.03,29.574171,29.03,29.59453,29.0,29.576365,28.96,29.600021,29.02,29.625916
29.03,29.597803,29.03,29.617357,28.96,29.601286,28.99,29.624498,29.04,29.651608
29.03,29.62471,29.0,29.64381,28.96,29.62915,29.01,29.651281,29.09,29.679728
29.03,29.650135,28.96,29.66898,28.99,29.655539,29.02,29.676382,29.15,29.706228
29.0,29.653406,28.96,29.672056,29.01,29.658491,29.04,29.679455,29.2,29.709188
28.96,29.656631,28.99,29.675146,29.02,29.661543,29.09,29.682571,29.25,29.712221
28.96,29.663734,29.01,29.6822,29.04,29.66875,29.15,29.689358,29.25,29.71947
28.99,29.667404,29.02,29.685728,29.09,29.672195,29.2,29.692802,30.15,29.722956
29.01,29.656357,29.04,29.674433,29.15,29.660028,29.25,29.681807,30.17,29.71087
29.02,29.650774,29.09,29.668674,29.2,29.653929,29.25,29.676292,30.19,29.704975
29.04,29.644592,29.15,29.662518,29.25,29.647554,30.15,29.670095,30.19,29.6988
29.09,29.60676,29.2,29.625542,29.25,29.608084,30.17,29.631676,30.22,29.658875
29.15,29.587017,29.25,29.60632,30.15,29.587479,30.19,29.611677,30.25,29.637825
29.2,29.5993,29.25,29.618006,30.17,29.600464,30.19,29.624949,30.35,29.651138
29.25,29.607307,30.15,29.626095,30.19,29.609148,30.22,29.633028,30.48,29.659708
29.25,29.629944,30.17,29.648825,30.19,29.633316,30.25,29.655674,30.55,29.683666
30.15,29.697613,30.19,29.715986,30.22,29.70367,30.35,29.722534,30.59,29.753675
30.17,29.818146,30.19,29.836395,30.25,29.827713,30.48,29.839375,30.66,29.875921
30.19,30.012344,30.22,30.030695,30.35,30.026527,30.55,30.026726,30.64,30.070848
30.19,30.114958,30.25,30.13477,30.48,30.136307,30.59,30.129494,30.64,30.176455
30.22,30.307083,30.35,30.327602,30.55,30.332865,30.66,30.312601,30.66,30.368624
30.25,30.58748,30.48,30.608088,30.59,30.622911,30.64,30.590023,30.68,30.649776
30.35,30.87377,30.55,30.892456,30.66,30.91466,30.64,30.869884,30.39,30.935083
30.48,30.94013,30.59,30.958118,30.64,30.980885,30.66,30.934404,30.15,30.999142
30.55,31.313868,30.66,31.331402,30.64,31.360851,30.68,31.29435,30.11,31.368713
30.59,31.394415,30.64,31.410345,30.66,31.44048,30.39,31.372393,30.37,31.446001
30.66,31.393522,30.64,31.408274,30.68,31.438862,30.15,31.374815,30.62,31.443474
30.64,31.259315,30.66,31.272875,30.39,31.300274,30.11,31.247377,30.58,31.30769
30.64,31.102222,30.68,31.11603,30.15,31.139992,30.37,31.09741,30.46,31.150614
30.66,31.185398,30.39,31.195944,30.11,31.217896,30.62,31.174917,30.4,31.228506
30.68,31.203842,30.15,31.212297,30.37,31.233402,30.58,31.193878,30.43,31.24404
30.39,31.132998,30.11,31.141409,30.62,31.157015,30.46,31.120043,30.67,31.170921
30.15,31.044983,30.37,31.053835,30.58,31.066986,30.4,31.03486,31.15,31.082882
30.11,30.999023,30.62,31.007761,30.46,31.01857,30.43,30.989874,31.58,31.034893
30.37,30.777512,30.58,30.786348,30.4,30.79234,30.67,30.776363,31.53,30.81532
30.62,30.797241,30.46,30.805105,30.43,30.80974,31.15,30.794054,31.49,30.83315
30.58,30.862019,30.4,30.870298,30.67,30.871895,31.58,30.850058,31.68,30.894375
30.46,30.873926,30.43,30.882967,31.15,30.885302,31.53,30.86013,31.75,30.908825
30.4,30.867704,30.67,30.878073,31.58,30.8811,31.49,30.85321,31.58,30.905088
30.43,30.88664,31.15,30.897507,31.53,30.901186,31.68,30.871466,31.38,30.9244
30.67,30.931158,31.58,30.941471,31.49,30.946972,31.75,30.91608,31.3,30.969143
31.15,30.895926,31.53,30.905842,31.68,30.910019,31.58,30.881506,31.31,30.933378
31.58,30.963978,31.49,30.975033,31.75,30.979715,31.38,30.944094,31.46,31.001778
31.53,31.051275,31.68,31.063242,31.58,31.071972,31.3,31.029589,31.58,31.092068
31.49,31.207916,31.75,31.222038,31.38,31.23929,31.31,31.185453,31.78,31.253855
31.68,31.462837,31.58,31.478699,31.3,31.506927,31.46,31.436611,32.15,31.512413
31.75,31.747631,31.38,31.762932,31.31,31.801014,31.58,31.718128,32.58,31.795551
31.58,32.058903,31.3,32.071186,31.46,32.11668,31.78,32.022335,33.26,32.10113
31.38,32.439636,31.31,32.449497,31.58,32.501312,32.15,32.38863,33.44,32.47406
31.3,32.559948,31.46,32.567932,31.78,32.621857,32.58,32.50389,33.5,32.591995
31.31,32.58738,31.58,32.59271,32.15,32.64592,33.26,32.53029,33.35,32.615562
31.46,32.679848,31.78,32.683662,32.58,32.73846,33.44,32.620083,33.17,32.705116
31.58,32.814854,32.15,32.817707,33.26,32.8745,33.5,32.75006,33.06,32.836113
31.78,33.025818,32.58,33.02756,33.44,33.087635,33.35,32.952625,33.05,33.040985
32.15,33.07337,33.26,33.075123,33.5,33.132523,33.17,32.993694,33.06,33.084812
32.58,33.079,33.44,33.08079,33.35,33.13432,33.06,32.993916,33.09,33.08749
33.26,33.023125,33.5,33.02553,33.17,33.076538,33.05,32.938366,33.16,33.032387
33.44,33.26434,33.35,33.266937,33.06,33.322647,33.06,33.168747,33.18,33.268116
33.5,33.380062,33.17,33.3823,33.05,33.443447,33.09,33.283455,33.17,33.383595
33.35,33.53946,33.06,33.540123,33.06,33.609913,33.16,33.44484,33.09,33.540253
33.17,33.853912,33.05,33.853104,33.09,33.937054,33.18,33.75502,33.23,33.852657
33.06,34.100132,33.06,34.095913,33.16,34.19187,33.17,34.001007,33.39,34.09486
33.05,34.009983,33.09,34.004044,33.18,34.096428,33.09,33.91716,33.31,34.001083
33.06,33.888,33.16,33.881046,33.17,33.96791,33.23,33.801003,33.38,33.8767
33.09,33.832855,33.18,33.82626,33.09,33.908638,33.39,33.74728,33.4,33.818233
33.16,33.87479,33.17,33.8691,33.23,33.94982,33.31,33.784874,33.28,33.857635
33.18,33.83139,33.09,33.826088,33.39,33.902195,33.38,33.739902,33.22,33.81268
33.17,33.64001,33.23,33.628433,33.31,33.697716,33.4,33.55503,33.22,33.62281
33.09,33.515347,33.39,33.50067,33.38,33.562717,33.28,33.43137,32.99,33.496937
33.23,33.528004,33.31,33.512104,33.4,33.568977,33.22,33.43683,32.84,33.50561
33.39,33.361977,33.38,33.34646,33.28,33.39457,33.22,33.27289,32.77,33.33833
33.31,33.207138,33.4,33.192635,33.22,33.23297,32.99,33.119072,32.59,33.183502
33.38,33.27398,33.28,33.260967,33.22,33.30306,32.84,33.181778,32.53,33.251335
33.4,33.297165,33.22,33.285103,32.99,33.329178,32.77,33.20469,32.64,33.276424
33.28,33.40444,33.22,33.391975,32.84,33.440105,32.59,33.309242,32.67,33.383293
33.22,33.427826,32.99,33.414284,32.77,33.46444,32.53,33.334972,32.52,33.406242
33.22,33.468147,32.84,33.454,32.59,33.50542,32.64,33.374256,32.6,33.445766
32.99,33.507195,32.77,33.492794,32.53,33.54442,32.67,33.410946,32.62,33.483303
32.84,33.458992,32.59,33.443954,32.64,33.49349,32.52,33.364468,32.69,33.434208
32.77,33.362114,32.53,33.347057,32.67,33.393124,32.6,33.270695,32.9,33.33744
32.59,33.330124,32.64,33.31506,32.52,33.358364,32.62,33.23726,33.02,33.304462
32.53,33.25709,32.67,33.242348,32.6,33.282974,32.69,33.166233,33.02,33.231644
32.64,33.051357,32.52,33.036636,32.62,33.070282,32.9,32.966652,32.9,33.026714
32.67,33.026337,32.6,33.0119,32.69,33.04315,33.02,32.939552,32.85,33.001167
32.52,32.92601,32.62,32.912636,32.9,32.940655,33.02,32.84141,32.85,32.90223
32.6,32.747463,32.69,32.736027,33.02,32.758327,32.9,32.66665,32.81,32.72602
32.62,32.826992,32.9,32.81732,33.02,32.842926,32.85,32.743496,32.84,32.806297
32.69,32.84285,33.02,32.833363,32.9,32.859947,32.85,32.757877,32.9,32.823395
32.9,33.06743,33.02,33.059643,32.85,33.09402,32.81,32.975838,32.97,33.047153
33.02,33.01129,32.9,33.003914,32.85,33.037388,32.84,32.921406,32.96,32.993084
33.02,33.01834,32.85,33.01218,32.81,33.04815,32.9,32.930363,32.79,33.00301
32.9,33.017014,32.85,33.011738,32.84,33.04969,32.97,32.930737,32.6,33.00397
32.85,33.117798,32.81,33.113182,32.9,33.15626,32.96,33.030537,32.49,33.106174
32.85,33.180084,32.84,33.17449,32.97,33.222015,32.79,33.095116,32.36,33.16892
32.81,33.399403,32.9,33.392212,32.96,33.446983,32.6,33.307793,32.44,33.38586
32.84,33.53102,32.97,33.5222,32.79,33.58091,32.49,33.43546,32.74,33.515423
32.9,33.48047,32.96,33.471306,32.6,33.527763,32.36,33.38629,33.01,33.464756
32.97,33.36116,32.79,33.352356,32.49,33.40489,32.44,33.271477,32.93,33.345715
32.96,33.106613,32.6,33.09702,32.36,33.14162,32.74,33.025253,32.81,33.093567
32.79,33.149757,32.49,33.139874,32.44,33.186123,33.01,33.068043,32.81,33.136196
32.6,33.1313,32.36,33.121223,32.74,33.166203,32.93,33.049355,32.75,33.11689
32.49,33.14454,32.44,33.133804,33.01,33.1779,32.81,33.06101,32.82,33.128555
32.36,33.08418,32.74,33.072872,32.93,33.113335,32.81,33.000904,33.2,33.066612
32.44,32.92507,33.01,32.913918,32.81,32.948116,32.75,32.84528,33.48,32.907227
32.74,32.78256,32.93,32.772045,32.81,32.80106,32.82,32.70488,33.48,32.76642
33.01,32.732384,32.81,32.722717,32.75,32.749565,33.2,32.654125,33.52,32.716908
32.93,32.645187,32.81,32.63626,32.82,32.661106,33.48,32.570324,33.48,32.63098
32.81,32.670845,32.75,32.66281,33.2,32.690224,33.48,32.596523,33.35,32.65898
32.81,32.768505,32.82,32.760834,33.48,32.793026,33.52,32.692646,33.23,32.758354
32.75,32.838566,33.2,32.83039,33.48,32.86526,33.48,32.761723,33.11,32.827816
32.82,32.981876,33.48,32.972397,33.52,33.011917,33.35,32.90144,32.99,32.970055
33.2,33.17726,33.48,33.167606,33.48,33.21296,33.23,33.089855,32.8,33.164288
33.48,33.40749,33.52,33.398884,33.35,33.451473,33.11,33.311024,32.57,33.393826
33.48,33.595055,33.48,33.58739,33.23,33.646748,32.99,33.491932,32.36,33.581997
33.52,33.600925,33.35,33.593357,33.11,33.65548,32.8,33.501465,32.24,33.589527
33.48,33.617184,33.23,33.60988,32.99,33.67373,32.57,33.519966,32.12,33.60453
33.35,33.681736,33.11,33.673428,32.8,33.739204,32.36,33.584244,32.03,33.665302
33.23,33.7458,32.99,33.73585,32.57,33.802513,32.24,33.646782,32.0,33.724888
33.11,33.702423,32.8,33.691563,32.36,33.754135,32.12,33.603264,31.98,33.677654
32.99,33.666065,32.57,33.655567,32.24,33.71451,32.03,33.56572,31.94,33.638798
32.8,33.53565,32.36,33.52521,32.12,33.578915,32.0,33.439526,31.89,33.508
32.57,33.3231,32.24,33.311333,32.03,33.35809,31.98,33.235,31.85,33.29687
32.36,33.061043,32.12,33.046776,32.0,33.08583,31.94,32.983,31.73,33.03742
32.24,32.874546,32.03,32.859875,31.98,32.89189,31.89,32.801575,31.61,32.850857
32.12,32.7134,32.0,32.699028,31.94,32.722507,31.85,32.64149,31.68,32.68737
32.03,32.53789,31.98,32.523083,31.89,32.538696,31.73,32.468025,31.8,32.51088
32.0,32.312717,31.94,32.2986,31.85,32.305977,31.61,32.246044,31.87,32.28703
31.98,32.113342,31.89,32.100376,31.73,32.100666,31.68,32.048782,31.82,32.08943
31.94,32.02084,31.85,32.009594,31.61,32.00756,31.8,31.95753,31.7,31.999535
31.89,31.876564,31.73,31.867067,31.68,31.862284,31.87,31.817055,31.6,31.858768
31.85,31.75901,31.61,31.75104,31.8,31.744778,31.82,31.703152,31.57,31.744795
31.73,31.669376,31.68,31.662485,31.87,31.656015,31.7,31.617392,31.55,31.658602
31.61,31.59352,31.8,31.5876,31.82,31.58148,31.6,31.545496,31.64,31.586054
31.68,31.542797,31.87,31.53803,31.7,31.532946,31.57,31.498062,31.61,31.538616
31.8,31.614801,31.82,31.611698,31.6,31.610104,31.55,31.567753,31.49,31.613344
31.87,31.66977,31.7,31.668123,31.57,31.669603,31.64,31.621477,31.4,31.671179
31.82,31.701126,31.6,31.700539,31.55,31.705086,31.61,31.653616,31.46,31.705614
31.7,31.819817,31.57,31.82081,31.64,31.830488,31.49,31.768923,31.35,31.827576
31.6,31.930622,31.55,31.931995,31.61,31.946712,31.4,31.877642,31.23,31.940432
31.57,31.979422,31.64,31.980917,31.49,31.998135,31.46,31.926357,31.11,31.990088
31.55,31.99926,31.61,32.00043,31.4,32.018776,31.35,31.94657,31.05,32.010212
31.64,31.987637,31.49,31.988838,31.46,32.006947,31.23,31.935251,31.05,31.99901
31.61,31.938677,31.4,31.940258,31.35,31.957153,31.11,31.887394,31.01,31.950872
31.49,31.902987,31.46,31.904966,31.23,31.921143,31.05,31.852535,31.13,31.916075
31.4,31.889719,31.35,31.892307,31.11,31.909466,31.05,31.84075,31.25,31.904392
31.46,31.860538,31.23,31.863276,31.05,31.880728,31.01,31.813507,31.38,31.87628
31.35,31.815855,31.11,31.818209,31.05,31.834291,31.13,31.77046,31.49,31.830753
31.23,31.671204,31.05,31.672274,31.01,31.684378,31.25,31.631962,31.5,31.68465
31.11,31.474707,31.05,31.47551,31.13,31.48196,31.38,31.441927,31.43,31.48742
31.05,31.392326,31.01,31.393389,31.25,31.397146,31.49,31.36048,31.35,31.405594
31.05,31.320375,31.13,31.321892,31.38,31.323975,31.5,31.290567,31.3,31.334345
31.01,31.260227,31.25,31.261988,31.49,31.262772,31.43,31.23208,31.27,31.274923
31.13,31.36803,31.38,31.371122,31.5,31.374084,31.35,31.33356,31.24,31.38393
31.25,31.79098,31.49,31.791428,31.43,31.80026,31.3,31.739023,31.24,31.7959
31.38,32.050163,31.5,32.047726,31.35,32.061317,31.27,31.990404,31.27,32.04665
31.49,31.931181,31.43,31.92913,31.3,31.940529,31.24,31.876596,31.27,31.928446
31.5,31.900997,31.35,31.899954,31.27,31.91159,31.24,31.847342,31.24,31.900198
31.43,31.906652,31.3,31.90677,31.24,31.919895,31.27,31.853758,31.18,31.90746
31.35,31.944662,31.27,31.944885,31.24,31.960054,31.27,31.891903,31.12,31.946053
31.3,31.988066,31.24,31.988203,31.27,32.005898,31.24,31.936209,31.06,31.989882
31.27,32.025375,31.24,32.02545,31.27,32.044613,31.18,31.972925,31.0,32.027424
31.24,32.057365,31.27,32.05729,31.24,32.077724,31.12,32.004932,30.95,32.05923
31.24,31.912586,31.27,31.912674,31.18,31.930246,31.06,31.867435,30.9,31.914392
31.27,31.49347,31.24,31.49722,31.12,31.507032,31.0,31.463007,30.85,31.504948
31.27,31.13434,31.18,31.139706,31.06,31.143806,30.95,31.118055,30.78,31.153791
31.24,31.164743,31.12,31.169453,31.0,31.173935,30.9,31.147133,30.72,31.183878
31.18,31.154327,31.06,31.15864,30.95,31.162193,30.85,31.13672,30.68,31.172539
31.12,31.131735,31.0,31.135548,30.9,31.13761,30.78,31.113756,30.65,31.149256
31.06,31.093134,30.95,31.096565,30.85,31.096882,30.72,31.075375,30.51,31.110249
31.0,31.03702,30.9,31.04026,30.78,31.038616,30.68,31.020159,30.35,31.05398
30.95,30.986761,30.85,30.990177,30.72,30.987133,30.65,30.97074,30.19,31.004267
30.9,30.947847,30.78,30.951654,30.68,30.947731,30.51,30.93252,30.03,30.966057
30.85,30.920582,30.72,30.924706,30.65,30.920311,30.35,30.90596,29.89,30.939348
30.78,30.898611,30.68,30.902905,30.51,30.898237,30.19,30.884748,29.73,30.917868
30.72,30.871225,30.65,30.87568,30.35,30.870506,30.03,30.858135,29.67,30.89094
30.68,30.822329,30.51,30.82701,30.19,30.820374,29.89,30.810247,29.63,30.841963
30.65,30.7827,30.35,30.78736,30.03,30.779686,29.73,30.771425,29.63,30.802662
30.51,30.732365,30.19,30.737041,29.89,30.728212,29.67,30.722345,29.63,30.752857
30.35,30.675041,30.03,30.679956,29.73,30.669918,29.63,30.66636,29.6,30.696384
30.19,30.62237,29.89,30.627829,29.67,30.616854,29.63,30.614935,29.6,30.644804
30.03,30.577614,29.73,30.58343,29.63,30.571438,29.63,30.570892,29.6,30.600744
29.89,30.53018,29.67,30.536177,29.63,30.523117,29.6,30.524546,29.63,30.553808
29.73,30.469889,29.63,30.476082,29.63,30.461372,29.6,30.465065,29.67,30.49398
29.67,30.394903,29.63,30.4015,29.6,30.38464,29.6,30.39084,29.67,30.419577
29.63,30.315039,29.63,30.32217,29.6,30.303152,29.63,30.311928,29.67,30.340408
29.63,30.232592,29.6,30.240185,29.6,30.219027,29.67,30.23065,29.65,30.258568
29.63,30.15343,29.6,30.16166,29.63,30.138931,29.67,30.153357,29.65,30.180288
29.6,30.080296,29.6,30.089182,29.67,30.065153,29.67,30.081882,29.64,30.108263
29.6,30.016241,29.63,30.025858,29.67,30.001108,29.65,30.019838,29.62,30.045496
29.6,29.9612,29.67,29.971321,29.67,29.94619,29.65,29.966906,29.6,29.991642
29.63,29.908525,29.67,29.91932,29.65,29.894161,29.64,29.916594,29.58,29.940464
29.67,29.86428,29.67,29.875973,29.65,29.851114,29.62,29.874367,29.56,29.898005
29.67,29.833155,29.65,29.845898,29.64,29.82181,29.6,29.84505,29.54,29.868853
29.67,29.820658,29.65,29.834476,29.62,29.811823,29.58,29.834206,29.58,29.858458
29.65,29.824345,29.64,29.839136,29.6,29.818218,29.56,29.839071,29.63,29.864107
29.65,29.841852,29.62,29.857517,29.58,29.838522,29.54,29.857391,29.68,29.883326
29.64,29.868256,29.6,29.88435,29.56,29.867035,29.58,29.884119,29.74,29.910776
29.62,29.893543,29.58,29.909723,29.54,29.893726,29.63,29.90972,29.79,29.936577
29.6,29.91121,29.56,29.927235,29.58,29.911964,29.68,29.92748,29.84,29.95433
29.58,29.91808,29.54,29.933996,29.63,29.918957,29.74,29.934387,29.88,29.961145
29.56,29.920366,29.58,29.936262,29.68,29.921297,29.79,29.936691,29.91,29.963413
29.54,29.920382,29.63,29.936245,29.74,29.921177,29.84,29.936554,29.91,29.963348
29.58,29.919357,29.68,29.935175,29.79,29.91999,29.88,29.935493,29.89,29.962233
29.63,29.915218,29.74,29.930933,29.84,29.915403,29.91,29.931173,29.86,29.957891
29.68,29.903969,29.79,29.91953,29.88,29.903484,29.91,29.919928,29.84,29.946436
29.74,29.890253,29.84,29.90589,29.91,29.88952,29.89,29.906485,29.81,29.93283
29.79,29.879158,29.88,29.895035,29.91,29.878485,29.86,29.895447,29.8,29.92206
29.84,29.879416,29.91,29.895613,29.89,29.879465,29.84,29.89602,29.8,29.922754
29.88,29.89257,29.91,29.908915,29.86,29.893515,29.81,29.909369,29.79,29.936237
29.91,29.911547,29.89,29.927982,29.84,29.913496,29.8,29.928528,29.78,29.95547
29.91,29.935555,29.86,29.952036,29.81,29.938578,29.8,29.952614,29.78,29.97968
29.89,29.963146,29.84,29.979645,29.8,29.967216,29.79,29.980127,29.77,30.007391
29.86,29.99454,29.81,30.010988,29.8,29.999638,29.78,30.011349,29.76,30.038784
29.84,30.02705,29.8,30.043325,29.79,30.03291,29.78,30.043526,29.76,30.071104
29.81,30.057194,29.8,30.073229,29.78,30.06352,29.77,30.073254,29.76,30.100878
29.8,30.080282,29.79,30.095888,29.78,30.086386,29.76,30.095709,29.78,30.123316
29.8,30.093058,29.78,30.108212,29.77,30.098541,29.76,30.107998,29.76,30.135359
29.79,30.094076,29.78,30.108822,29.76,30.0985,29.76,30.108414,29.7,30.135658
29.78,30.085396,29.77,30.09987,29.76,30.088694,29.78,30.09927,29.67,30.126392
29.78,30.073114,29.76,30.087431,29.76,30.075388,29.76,30.086613,29.67,30.113699
29.77,30.058279,29.76,30.072496,29.78,30.059566,29.7,30.07144,29.67,30.098537
29.76,30.042242,29.76,30.05638,29.76,30.042671,29.67,30.055258,29.42,30.08227
29.76,30.024818,29.78,30.038946,29.7,30.024511,29.67,30.037798,29.45,30.064741
29.76,30.006952,29.76,30.021172,29.67,30.006136,29.67,30.019993,29.47,30.046925
29.78,29.992191,29.7,30.006548,29.67,29.991163,29.42,30.005405,29.47,30.032341
29.76,29.982676,29.67,29.99723,29.67,29.981745,29.45,29.99612,29.47,30.0231
29.7,29.978167,29.67,29.992868,29.42,29.977472,29.47,29.991833,29.46,30.018862
29.67,29.97925,29.67,29.99414,29.45,29.979076,29.47,29.993196,29.45,30.020243
29.67,29.982908,29.42,29.997868,29.47,29.98298,29.47,29.996801,29.45,30.024021
29.67,29.983543,29.45,29.998373,29.47,29.983469,29.46,29.997492,29.46,30.024515
29.42,29.977816,29.47,29.992508,29.47,29.977419,29.45,29.991938,29.47,30.01869
29.45,29.964918,29.47,29.979683,29.46,29.964182,29.45,29.979086,29.47,30.005878
29.47,29.95425,29.47,29.969286,29.45,29.953367,29.46,29.968224,29.45,29.995338
29.47,29.93812,29.46,29.952719,29.45,29.935766,29.47,29.951706,29.44,29.97862
29.47,29.913654,29.45,29.928219,29.46,29.910763,29.47,29.928186,29.42,29.954157
29.46,29.880322,29.45,29.895107,29.47,29.876474,29.45,29.894562,29.4,29.921047
29.45,29.850489,29.46,29.865808,29.47,29.84656,29.44,29.865171,29.39,29.891672
29.45,29.838873,29.47,29.854256,29.45,29.83492,29.42,29.854021,29.38,29.880232
29.46,29.823391,29.47,29.838852,29.44,29.819368,29.4,29.839159,29.36,29.86495
29.47,29.807482,29.45,29.823185,29.42,29.803612,29.39,29.823818,29.35,29.849442
29.47,29.795107,29.44,29.81109,29.4,29.791521,29.38,29.811863,29.34,29.837528
29.45,29.788685,29.42,29.804842,29.39,29.785482,29.36,29.805895,29.34,29.831549
29.44,29.789503,29.4,29.805553,29.38,29.78696,29.35,29.8074,29.33,29.833244
29.42,29.789787,29.39,29.806587,29.36,29.78898,29.34,29.80843,29.33,29.834747
29.4,29.798038,29.38,29.815142,29.35,29.797812,29.34,29.815998,29.33,29.843452
29.39,29.813393,29.36,29.830517,29.34,29.814087,29.33,29.831995,29.33,29.858986
29.38,29.824545,29.35,29.841272,29.34,29.82507,29.33,29.843016,29.33,29.86995
29.36,29.814188,29.34,29.830938,29.33,29.81432,29.33,29.832615,29.33,29.859549
29.35,29.805773,29.34,29.822578,29.33,29.805702,29.33,29.824266,29.33,29.85117
29.34,29.799866,29.33,29.816744,29.33,29.799719,29.33,29.818363,29.34,29.845385
29.34,29.795801,29.33,29.8127,29.33,29.795588,29.33,29.814314,29.36,29.841438
29.33,29.7886,29.33,29.805498,29.33,29.788134,29.33,29.8072,29.37,29.834146
29.33,29.771523,29.33,29.788488,29.33,29.770288,29.34,29.790182,29.37,29.816517
29.33,29.759518,29.33,29.776556,29.33,29.758007,29.36,29.778334,29.37,29.804508
29.33,29.749651,29.33,29.766808,29.34,29.748055,29.37,29.768616,29.37,29.794786
29.33,29.742098,29.33,29.75937,29.36,29.740545,29.37,29.761265,29.37,29.787413
29.33,29.737488,29.34,29.754892,29.37,29.736116,29.37,29.756878,29.37,29.783016
29.33,29.734934,29.36,29.752453,29.37,29.73379,29.37,29.75449,29.37,29.780682
29.34,29.7339,29.37,29.751509,29.37,29.732983,29.37,29.753597,29.36,29.779842
29.36,29.733183,29.37,29.750843,29.37,29.732407,29.37,29.753048,29.36,29.779196
29.37,29.731955,29.37,29.749681,29.37,29.731297,29.37,29.751974,29.35,29.77799
29.37,29.732765,29.37,29.750565,29.37,29.732346,29.36,29.752892,29.35,29.778954
29.37,29.735971,29.37,29.75386,29.37,29.735907,29.36,29.756212,29.36,29.782331
29.37,29.741346,29.37,29.759264,29.36,29.741554,29.35,29.761599,29.37,29.787794
29.37,29.747578,29.37,29.76549,29.36,29.748055,29.35,29.767897,29.39,29.794067
29.37,29.753197,29.36,29.77107,29.35,29.753805,29.36,29.773487,29.41,29.799656
29.37,29.756987,29.36,29.774818,29.35,29.757662,29.37,29.777254,29.41,29.803402
29.36,29.759998,29.35,29.77779,29.36,29.760693,29.39,29.78021,29.41,29.806366
29.36,29.76223,29.35,29.779995,29.37,29.762928,29.41,29.782389,29.4,29.80856
29.35,29.764519,29.36,29.782263,29.39,29.76522,29.41,29.784616,29.4,29.810797
29.35,29.766418,29.37,29.784132,29.41,29.767069,29.41,29.78644,29.4,29.81263
29.36,29.767603,29.39,29.785269,29.41,29.768167,29.4,29.787544,29.4,29.813717
29.37,29.766573,29.41,29.784145,29.41,29.76688,29.4,29.786396,29.43,29.812546
29.39,29.763134,29.41,29.780651,29.4,29.763216,29.4,29.782969,29.45,29.809015
29.41,29.758926,29.41,29.776466,29.4,29.758883,29.4,29.77875,29.47,29.804825
29.41,29.755836,29.4,29.773457,29.4,29.755806,29.43,29.775675,29.49,29.801811
29.41,29.760273,29.4,29.777924,29.4,29.76062,29.45,29.78018,29.49,29.806574
29.4,29.805248,29.4,29.822353,29.43,29.807756,29.47,29.825003,29.49,29.853941
29.4,29.840185,29.4,29.856695,29.45,29.844263,29.49,29.86031,29.49,29.890512
29.4,29.848875,29.43,29.86534,29.47,29.853254,29.49,29.86893,29.48,29.899374
29.4,29.852894,29.45,29.869297,29.49,29.857294,29.49,29.872868,29.48,29.903347
29.43,29.855492,29.47,29.871857,29.49,29.859896,29.49,29.8754,29.49,29.905893
29.45,29.858469,29.49,29.874823,29.49,29.862938,29.48,29.878326,29.49,29.908855
29.47,29.86182,29.49,29.878145,29.49,29.866318,29.48,29.881588,29.5,29.91219
29.49,29.866356,29.49,29.882687,29.48,29.87103,29.49,29.886103,29.5,29.91676
29.49,29.880724,29.49,29.897018,29.48,29.885952,29.49,29.900251,29.5,29.93151
29.49,29.882452,29.48,29.89873,29.49,29.887573,29.5,29.901915,29.49,29.932983
29.49,29.836168,29.48,29.852907,29.49,29.839275,29.5,29.856304,29.47,29.88439
29.48,29.820024,29.49,29.83735,29.5,29.821943,29.5,29.839437,29.49,29.866346
29.48,29.821947,29.49,29.839231,29.5,29.823748,29.49,29.84127,29.52,29.868017
29.49,29.829922,29.5,29.847164,29.5,29.831968,29.47,29.849144,29.52,29.87612
29.49,29.83963,29.5,29.856773,29.49,29.841917,29.49,29.858683,29.49,29.886017
29.5,29.856838,29.5,29.873795,29.47,29.85987,29.52,29.875854,29.48,29.903997
29.5,29.862019,29.49,29.878925,29.49,29.86508,29.52,29.880886,29.48,29.909086
29.5,29.865707,29.47,29.882511,29.52,29.868608,29.49,29.884348,29.48,29.912607
29.49,29.86225,29.49,29.879019,29.52,29.86472,29.48,29.880877,29.49,29.908607
29.47,29.862593,29.52,29.879246,29.49,29.864775,29.48,29.88101,29.5,29.908775
29.49,29.859978,29.52,29.876581,29.48,29.861893,29.48,29.878296,29.49,29.90603
29.52,29.85736,29.49,29.87392,29.48,29.859032,29.49,29.875591,29.48,29.90331
29.52,29.853062,29.48,29.86958,29.48,29.854456,29.5,29.871216,29.48,29.89892
29.49,29.846313,29.48,29.862888,29.49,29.847528,29.49,29.864605,29.48,29.892042
29.48,29.841278,29.48,29.858011,29.5,29.842432,29.48,29.859585,29.47,29.886866
29.48,29.833447,29.49,29.850414,29.49,29.83415,29.48,29.85164,29.46,29.878246
29.48,29.838938,29.5,29.855783,29.48,29.839628,29.48,29.857094,29.45,29.883595
29.49,29.840414,29.49,29.857128,29.48,29.84096,29.47,29.858612,29.45,29.884941
29.5,29.835999,29.48,29.852678,29.48,29.836256,29.46,29.854088,29.46,29.880445
29.49,29.830654,29.48,29.847376,29.47,29.830774,29.45,29.848751,29.47,29.875109
29.48,29.828215,29.48,29.844975,29.46,29.828339,29.45,29.846357,29.5,29.872728
29.48,29.827894,29.47,29.844734,29.45,29.828157,29.46,29.846092,29.53,29.872509
29.48,29.830452,29.46,29.847345,29.45,29.830885,29.47,29.848621,29.56,29.875128
29.47,29.833282,29.45,29.850111,29.46,29.83367,29.5,29.85136,29.59,29.877869
29.46,29.832937,29.45,29.849648,29.47,29.833122,29.53,29.85105,29.6,29.877386
29.45,29.827969,29.46,29.844635,29.5,29.827929,29.56,29.846115,29.61,29.872377
29.45,29.821815,29.47,29.838575,29.53,29.821693,29.59,29.839966,29.62,29.866312
29.46,29.819082,29.5,29.835936,29.56,29.81899,29.6,29.837217,29.63,29.86366
29.47,29.81915,29.53,29.83599,29.59,29.819082,29.61,29.837343,29.64,29.863733
29.5,29.818678,29.56,29.835499,29.6,29.818607,29.62,29.83693,29.64,29.863264
29.53,29.816193,29.59,29.833029,29.61,29.816057,29.63,29.834446,29.65,29.8608
29.56,29.813444,29.6,29.830307,29.62,29.813303,29.64,29.83178,29.65,29.8581
29.59,29.812998,29.61,29.829943,29.63,29.813091,29.64,29.831522,29.66,29.857815
29.6,29.816185,29.62,29.833254,29.64,29.816647,29.65,29.834743,29.66,29.861202
29.61,29.824505,29.63,29.841663,29.64,29.82549,29.65,29.84315,29.63,29.869677
29.62,29.837446,29.64,29.85461,29.65,29.838974,29.66,29.856136,29.59,29.882702
29.63,29.850979,29.64,29.868109,29.65,29.852951,29.66,29.869633,29.6,29.89625
29.64,29.864574,29.65,29.88165,29.66,29.866953,29.63,29.883179,29.59,29.90982
29.64,29.878963,29.65,29.89598,29.66,29.881723,29.59,29.897444,29.57,29.924173
29.65,29.892914,29.66,29.909853,29.63,29.89596,29.6,29.91122,29.55,29.938017
29.65,29.906729,29.66,29.923546,29.59,29.90996,29.59,29.924835,29.58,29.951658
29.66,29.91905,29.63,29.93571,29.6,29.922329,29.57,29.936903,29.62,29.963736
29.66,29.928583,29.59,29.945076,29.59,29.931751,29.55,29.946163,29.65,29.97299
29.63,29.934692,29.6,29.950994,29.57,29.937586,29.58,29.951984,29.65,29.978779
29.59,29.937685,29.59,29.953844,29.55,29.94027,29.62,29.954737,29.65,29.981499
29.6,29.938007,29.57,29.954033,29.58,29.940184,29.65,29.954756,29.67,29.981544
29.59,29.935984,29.55,29.951887,29.62,29.9377,29.65,29.952488,29.67,29.979246
29.57,29.930592,29.58,29.94633,29.65,29.931702,29.65,29.946905,29.67,29.97357
29.55,29.923168,29.62,29.938883,29.65,29.923918,29.67,29.939447,29.69,29.966078
29.58,29.914408,29.65,29.930145,29.65,29.914736,29.67,29.930477,29.69,29.95725
29.62,29.906687,29.65,29.922434,29.67,29.90669,29.67,29.922749,29.74,29.94947
29.65,29.899237,29.65,29.914928,29.67,29.898909,29.69,29.915342,29.74,29.941956
29.65,29.890018,29.67,29.905783,29.67,29.889563,29.69,29.906273,29.74,29.932852
29.65,29.884087,29.67,29.90005,29.69,29.883802,29.74,29.900467,29.76,29.927168
29.67,29.884441,29.67,29.900549,29.69,29.884474,29.74,29.900892,29.78,29.927727
29.67,29.888983,29.69,29.905104,29.74,29.889292,29.74,29.90557,29.83,29.932348
29.67,29.89382,29.69,29.909933,29.74,29.894463,29.76,29.910616,29.93,29.937298
29.69,29.899906,29.74,29.916159,29.74,29.901045,29.78,29.916761,29.97,29.943588
29.69,29.907381,29.74,29.923666,29.76,29.908762,29.83,29.924112,29.99,29.95105
29.74,29.918442,29.74,29.934643,29.78,29.920193,29.93,29.935335,30.04,29.962078
29.74,29.928598,29.76,29.944756,29.83,29.930674,29.97,29.945461,30.06,29.972246
29.74,29.93755,29.78,29.953743,29.93,29.939945,29.99,29.954287,30.03,29.981228
29.76,29.952015,29.83,29.96819,29.97,29.95487,30.04,29.968649,30.01,29.995687
29.78,29.96533,29.93,29.981304,29.99,29.968191,30.06,29.981655,30.01,30.008745
29.83,29.97296,29.97,29.988705,30.04,29.975649,30.03,29.9892,30.05,30.016066
29.93,29.97626,29.99,29.9919,30.06,29.978823,30.01,29.99238,30.07,30.019217
29.97,29.984013,30.04,29.99965,30.03,29.986898,30.01,29.999922,30.1,30.027277
29.99,29.99902,30.06,30.014627,30.01,30.002613,30.05,30.014929,30.14,30.04271
30.04,30.016972,30.03,30.032696,30.01,30.02147,30.07,30.032936,30.22,30.060865
30.06,30.055742,30.01,30.071423,30.05,30.061876,30.1,30.07135,30.27,30.10054
30.03,30.093018,30.01,30.108484,30.07,30.100283,30.14,30.108418,30.32,30.137981
30.01,30.125185,30.05,30.140427,30.1,30.133156,30.22,30.140337,30.4,30.169933
30.01,30.151293,30.07,30.166235,30.14,30.159365,30.27,30.165672,30.48,30.1956
30.05,30.173779,30.1,30.188385,30.22,30.181871,30.32,30.187746,30.47,30.217558
30.07,30.19121,30.14,30.20545,30.27,30.199018,30.4,30.204632,30.45,30.234438
30.1,30.201557,30.22,30.21552,30.32,30.209002,30.48,30.21448,30.45,30.244324
30.14,30.206652,30.27,30.22055,30.4,30.213757,30.47,30.21925,30.51,30.24877
30.22,30.212374,30.32,30.226152,30.48,30.218903,30.45,30.224396,30.6,30.253689
30.27,30.223898,30.4,30.23732,30.47,30.23,30.45,30.235516,30.86,30.264645
30.32,30.213717,30.48,30.227053,30.45,30.218779,30.51,30.22538,30.99,30.25331
30.4,30.212133,30.47,30.225586,30.45,30.216925,30.6,30.223518,31.03,30.25133
30.48,30.224102,30.45,30.237562,30.51,30.22908,30.86,30.235023,31.01,30.263182
30.47,30.244347,30.45,30.257698,30.6,30.249886,30.99,30.255262,30.98,30.28326
30.45,30.271156,30.51,30.284508,30.86,30.277683,31.03,30.281963,30.99,30.310143
30.45,30.306505,30.6,30.320015,30.99,30.314348,31.01,30.316822,30.99,30.345604
30.51,30.352417,30.86,30.365751,31.03,30.361301,30.98,30.362028,29.22,30.39116
30.6,30.395647,30.99,30.408388,31.01,30.4049,30.99,30.404715,29.15,30.433613
30.86,30.424458,31.03,30.436642,30.98,30.43353,30.99,30.432941,29.11,30.461626
30.99,30.469557,31.01,30.481253,30.99,30.479658,29.22,30.477156,29.08,30.507296
31.03,30.497776,30.98,30.509329,30.99,30.508347,29.15,30.504658,29.08,30.535236
31.01,30.57613,30.99,30.587627,29.22,30.589857,29.11,30.582216,29.05,30.614822
30.98,30.765074,30.99,30.776493,29.15,30.78472,29.08,30.766195,29.03,30.805393
30.99,31.102278,29.22,31.107723,29.11,31.115952,29.08,31.086212,29.0,31.126356
30.99,31.282045,29.15,31.286463,29.08,31.299103,29.05,31.260721,29.03,31.305838
29.22,31.355316,29.11,31.35852,29.08,31.372332,29.03,31.331676,29.09,31.377907
29.15,31.419165,29.08,31.421896,29.05,31.436832,29.0,31.393108,29.16,31.44127
29.11,31.465809,29.08,31.469498,29.03,31.484278,29.03,31.436325,29.23,31.48728
29.08,31.463533,29.05,31.461926,29.0,31.47021,29.09,31.428837,29.36,31.475672
29.08,31.309916,29.03,31.308342,29.03,31.31039,29.16,31.280691,29.41,31.316832
29.05,31.0909,29.0,31.090555,29.09,31.081594,29.23,31.057516,29.41,31.095804
29.03,30.670536,29.03,30.678516,29.16,30.652437,29.36,30.638432,29.47,30.670874
29.0,30.244034,29.09,30.251871,29.23,30.216236,29.41,30.226198,29.5,30.245197
29.03,30.20082,29.16,30.210758,29.36,30.184736,29.41,30.189085,29.46,30.226437
29.09,30.126802,29.23,30.136875,29.41,30.109684,29.47,30.11577,29.37,30.15437
29.16,30.020262,29.36,30.03025,29.41,30.003244,29.5,30.014742,29.37,30.051329
29.23,30.04094,29.41,30.04968,29.47,30.023344,29.46,30.034483,29.31,30.07159
29.36,29.840689,29.41,29.84965,29.5,29.822123,29.37,29.843218,29.41,29.87656
29.41,29.722122,29.47,29.737402,29.46,29.715368,29.37,29.73486,29.55,29.769308
29.41,29.729435,29.5,29.748392,29.37,29.728523,29.31,29.739277,29.75,29.782272
29.47,29.819984,29.46,29.840525,29.37,29.828136,29.41,29.834776,29.83,29.876514
29.5,30.0059,29.37,30.023924,29.31,30.01927,29.55,30.019098,29.75,30.065617
29.46,30.06603,29.37,30.083883,29.41,30.081366,29.75,30.078545,29.76,30.126156
29.37,30.047752,29.31,30.065311,29.55,30.062902,29.83,30.062937,29.8,30.107008
29.37,30.033918,29.41,30.051437,29.75,30.047977,29.75,30.049376,29.8,30.091545
29.31,30.09252,29.55,30.109774,29.83,30.108028,29.76,30.107126,29.81,30.15019
29.41,29.99412,29.75,30.01119,29.75,30.00914,29.8,30.016346,29.94,30.052479
29.55,30.020826,29.83,30.03771,29.76,30.035688,29.8,30.04198,30.17,30.078514
29.75,30.123793,29.75,30.138075,29.8,30.133356,29.81,30.135752,30.08,30.17498
29.83,30.299784,29.76,30.314451,29.8,30.313839,29.94,30.304625,30.12,30.352741
29.75,30.433937,29.8,30.448824,29.81,30.45261,30.17,30.435009,30.24,30.489536
29.76,30.522284,29.8,30.537445,29.94,30.54496,30.08,30.52242,30.36,30.579754
29.8,30.548035,29.81,30.562702,30.17,30.570477,30.12,30.54703,30.59,30.604565
29.8,30.549292,29.94,30.563412,30.08,30.569832,30.24,30.547281,30.88,30.603474
29.81,30.614004,30.17,30.627516,30.12,30.635784,30.36,30.611193,31.12,30.66785
29.94,30.593225,30.08,30.60649,30.24,30.613077,30.59,30.589975,31.37,30.645317
30.17,30.61203,30.12,30.625162,30.36,30.631735,30.88,30.607807,31.53,30.663256
30.08,30.593958,30.24,30.60687,30.59,30.612955,31.12,30.590841,31.65,30.644354
30.12,30.564837,30.36,30.58069,30.88,30.590546,31.37,30.567253,31.78,30.621758
30.24,30.562212,30.59,30.577768,31.12,30.589401,31.53,30.568502,32.01,30.619911
30.36,30.638662,30.88,30.653843,31.37,30.666794,31.65,30.642893,32.29,30.695189
30.59,30.815971,31.12,30.830715,31.53,30.8444,31.78,30.811571,32.57,30.867687
30.88,31.101562,31.37,31.11646,31.65,31.134092,32.01,31.083998,32.46,31.15054
31.12,31.163397,31.53,31.178303,31.78,31.1974,32.29,31.143267,32.36,31.212597
31.37,31.27098,31.65,31.286018,32.01,31.30865,32.57,31.248587,32.28,31.320454
31.53,31.409384,31.78,31.423397,32.29,31.450544,32.46,31.384935,32.38,31.457811
31.65,31.596306,32.01,31.608616,32.57,31.641636,32.36,31.568832,32.5,31.643003
31.78,31.780722,32.29,31.792604,32.46,31.830606,32.28,31.74945,32.62,31.824526
32.01,31.74357,32.57,31.75446,32.36,31.791815,32.38,31.71629,32.72,31.785103
32.29,31.796404,32.46,31.805521,32.28,31.842762,32.5,31.769617,32.62,31.832443
32.57,31.797415,32.36,31.806631,32.38,31.843025,32.62,31.772566,32.5,31.830103
32.46,31.712067,32.28,31.722778,32.5,31.756987,32.72,31.690771,32.58,31.744978
32.36,31.752003,32.38,31.76327,32.62,31.801397,32.62,31.733374,32.61,31.788084
32.28,32.061394,32.5,32.070297,32.72,32.117546,32.5,32.036736,32.99,32.094482
32.38,32.188366,32.62,32.19492,32.62,32.24243,32.58,32.158813,33.03,32.21531
32.5,32.371014,32.72,32.3737,32.5,32.423595,32.61,32.33599,32.97,32.39214
32.62,32.451344,32.62,32.450565,32.58,32.49927,32.99,32.411785,32.89,32.467583
32.72,32.42938,32.5,32.42757,32.61,32.47154,33.03,32.38672,32.86,32.441326
32.62,32.47224,32.58,32.469543,32.99,32.51226,32.97,32.425705,32.83,32.48169
32.5,32.667545,32.61,32.663372,33.03,32.710354,32.89,32.61321,32.78,32.675045
32.58,33.016636,32.99,33.011124,32.97,33.065594,32.86,32.948437,32.92,33.018227
32.61,33.126965,33.03,33.12009,32.89,33.175457,32.83,33.053257,33.15,33.125187
32.99,33.172577,32.97,33.16487,32.86,33.21797,32.78,33.09366,33.26,33.166954
33.03,33.18502,32.89,33.177055,32.83,33.22741,32.92,33.102055,33.22,33.176723
32.97,33.138786,32.86,33.132103,32.78,33.17949,33.15,33.054504,32.98,33.1305
32.89,33.099174,32.83,33.09414,32.92,33.14131,33.26,33.01673,32.86,33.092434
32.86,33.175667,32.78,33.17085,33.15,33.22053,33.22,33.091106,32.89,33.167774
32.83,33.301563,32.92,33.29565,33.26,33.349236,32.98,33.21479,33.14,33.290745
32.78,33.362904,33.15,33.355125,33.22,33.410294,32.86,33.2753,33.35,33.34975
32.92,33.221798,33.26,33.213474,32.98,33.263153,32.89,33.139194,33.42,33.2074
33.15,32.950733,33.22,32.942406,32.86,32.982906,33.14,32.875828,33.36,32.938644
33.26,32.886322,32.98,32.878513,32.89,32.91641,33.35,32.81271,33.37,32.87413
33.22,32.724575,32.86,32.71729,33.14,32.751057,33.42,32.657837,33.87,32.71348
32.98,32.663574,32.89,32.655056,33.35,32.68808,33.36,32.600166,34.31,32.65395
32.86,32.748417,33.14,32.739105,33.42,32.77567,33.37,32.684704,34.54,32.73806
32.89,32.893833,33.35,32.882027,33.36,32.92136,33.87,32.82436,34.61,32.880337
33.14,32.91832,33.42,32.904987,33.37,32.943966,34.31,32.84839,34.51,32.902752
33.35,32.862267,33.36,32.849327,33.87,32.884666,34.54,32.79117,34.39,32.84614
33.42,32.837997,33.37,32.82616,34.31,32.859585,34.61,32.76527,34.37,32.822075
33.36,32.932434,33.87,32.921368,34.54,32.95843,34.51,32.85694,34.35,32.917557
33.37,33.015575,34.31,33.004158,34.61,33.045567,34.39,32.939816,34.24,33.00136
33.87,33.660286,34.54,33.654938,34.51,33.70987,34.37,33.555874,34.23,33.633015
34.31,34.05479,34.61,34.050438,34.39,34.114376,34.35,33.93018,34.23,34.019962
34.54,34.104847,34.51,34.099895,34.37,34.164513,34.24,33.97793,34.28,34.067974
34.61,34.140938,34.39,34.136658,34.35,34.20343,34.23,34.01378,34.36,34.10492
34.51,34.210606,34.37,34.207443,34.24,34.27755,34.23,34.081787,34.27,34.17491
34.39,34.461803,34.35,34.459538,34.23,34.539207,34.28,34.323185,34.24,34.424908
34.37,34.74328,34.24,34.7414,34.23,34.831722,34.36,34.593716,34.2,34.704395
34.35,34.89891,34.23,34.8977,34.28,34.992958,34.27,34.743416,34.08,34.855526
34.24,35.01636,34.23,35.014652,34.36,35.11307,34.24,34.855663,34.04,34.969563
34.23,35.12664,34.28,35.125496,34.27,35.228622,34.2,34.96191,34.12,35.079388
34.23,34.978603,34.36,34.968662,34.24,35.070244,34.08,34.8259,33.9,34.934658
34.28,34.88807,34.27,34.86935,34.2,34.966244,34.04,34.737564,33.66,34.842087
34.36,35.002594,34.24,34.983856,34.08,35.083775,34.12,34.84502,33.51,34.954727
34.27,35.060543,34.2,35.041603,34.04,35.141182,33.9,34.897137,33.51,35.009888
34.24,34.950634,34.08,34.932026,34.12,35.024235,33.66,34.78943,33.41,34.897297
34.2,34.774986,34.04,34.75672,33.9,34.839016,33.51,34.618237,33.42,34.72063
34.08,34.593185,34.12,34.574852,33.66,34.64731,33.51,34.4409,33.57,34.537514
34.04,34.559776,33.9,34.542065,33.51,34.613087,33.41,34.408222,33.48,34.504852
34.12,34.45716,33.66,34.439438,33.51,34.50647,33.42,34.30985,33.59,34.40302
33.9,34.316883,33.51,34.2985,33.41,34.35993,33.57,34.17557,33.5,34.26256
33.66,34.174767,33.51,34.155273,33.42,34.21198,33.48,34.040844,33.6,34.120575
33.51,34.017796,33.41,33.997807,33.57,34.04966,33.59,33.8916,33.72,33.964844
33.51,33.801636,33.42,33.779484,33.48,33.822704,33.5,33.68273,33.74,33.74918
33.41,33.73331,33.57,33.71132,33.59,33.752632,33.6,33.618282,33.73,33.680965
33.42,33.587063,33.48,33.564663,33.5,33.601467,33.72,33.47747,33.6,33.536137
33.57,33.454044,33.59,33.432358,33.6,33.46464,33.74,33.348114,33.36,33.404686
33.48,33.33456,33.5,33.31366,33.72,33.342365,33.73,33.231903,33.13,33.287598
33.59,33.400944,33.6,33.3825,33.74,33.41423,33.6,33.295345,33.12,33.355225
33.5,33.472225,33.72,33.455524,33.73,33.490566,33.36,33.363354,33.34,33.428074
33.6,33.605816,33.74,33.590218,33.6,33.631042,33.13,33.491585,33.63,33.563503
33.72,33.781822,33.73,33.767754,33.36,33.81609,33.12,33.66179,33.44,33.74066
33.74,33.817127,33.6,33.802563,33.13,33.85256,33.34,33.695263,33.31,33.777435
33.73,33.85751,33.36,33.843475,33.12,33.897377,33.63,33.736732,33.08,33.820953
33.6,33.878708,33.13,33.864975,33.34,33.920586,33.44,33.75706,33.1,33.843895
33.36,34.000004,33.12,33.986828,33.63,34.047707,33.31,33.875423,33.27,33.965595
33.13,34.037014,33.34,34.023148,33.44,34.085976,33.08,33.912937,33.15,34.001423
33.12,34.10338,33.63,34.089092,33.31,34.155,33.1,33.978313,33.02,34.067787
33.34,34.062428,33.44,34.048027,33.08,34.11169,33.27,33.938217,32.78,34.026382
33.63,33.879143,33.31,33.863476,33.1,33.92,33.15,33.762127,32.62,33.842636
33.44,33.690517,33.08,33.67498,33.27,33.725143,33.02,33.58116,32.38,33.65528
33.31,33.42106,33.1,33.404564,33.15,33.445915,32.78,33.321056,32.14,33.388245
33.08,33.35673,33.27,33.341244,33.02,33.382374,32.62,33.260994,31.9,33.325928
33.1,33.317947,33.15,33.30157,32.78,33.341377,32.38,33.223614,31.66,33.286808
33.27,33.223316,33.02,33.20666,32.62,33.244114,32.14,33.134785,31.43,33.191975
33.15,33.074535,32.78,33.057858,32.38,33.08941,31.9,32.988716,31.38,33.04342
33.02,32.97489,32.62,32.959167,32.14,32.98736,31.66,32.89101,31.31,32.9453
32.78,32.87346,32.38,32.85922,31.9,32.884956,31.43,32.792088,31.1,32.846363
32.62,32.72682,32.14,32.713474,31.66,32.73555,31.38,32.65086,30.97,32.701527
32.38,32.72616,31.9,32.71286,31.43,32.7365,31.31,32.652412,30.55,32.701893
32.14,32.65668,31.66,32.643185,31.38,32.664642,31.1,32.58489,30.8,32.632362
31.9,32.596508,31.43,32.58287,31.31,32.601406,30.97,32.52533,30.68,32.57147
31.66,32.44929,31.38,32.43501,31.1,32.44716,30.55,32.379517,30.65,32.423615
31.43,32.236126,31.31,32.22283,30.97,32.228203,30.8,32.17076,30.76,32.21212
31.38,32.006733,31.1,31.994875,30.55,31.99271,30.68,31.944592,30.73,31.984676
31.31,31.831509,30.97,31.821562,30.8,31.815012,30.65,31.773438,31.12,31.812145
31.1,31.664886,30.55,31.656109,30.68,31.645128,30.76,31.609999,31.16,31.647734
30.97,31.48688,30.8,31.478806,30.65,31.463968,30.73,31.437115,31.0,31.472271
30.55,31.30252,30.68,31.2958,30.76,31.277672,31.12,31.258017,31.0,31.291676
30.8,31.130615,30.65,31.12505,30.73,31.103624,31.16,31.090443,30.99,31.122929
30.68,30.989164,30.76,30.984774,31.12,30.962317,31.0,30.955204,30.98,30.985094
30.65,30.875938,30.73,30.871984,31.16,30.847918,31.0,30.845196,30.86,30.874521
30.76,30.776747,31.12,30.775145,31.0,30.75248,30.99,30.75224,30.74,30.780478
30.73,30.713045,31.16,30.713224,31.0,30.691017,30.98,30.689312,30.62,30.721529
31.12,30.638252,31.0,30.640276,30.99,30.619883,30.86,30.619837,30.5,30.651142
31.16,30.604666,31.0,30.608099,30.98,30.590212,30.74,30.589731,30.45,30.621668
31.0,30.578125,30.99,30.58293,30.86,30.567247,30.62,30.565924,30.45,30.598797
31.0,30.593233,30.98,30.599709,30.74,30.587986,30.5,30.584309,30.37,30.617538
30.99,30.636251,30.86,30.643543,30.62,30.63483,30.45,30.62777,30.36,30.66255
30.98,30.68607,30.74,30.693676,30.5,30.688095,30.45,30.679039,30.36,30.71336
30.86,30.724371,30.62,30.731817,30.45,30.728596,30.37,30.718353,30.33,30.752354
30.74,30.752594,30.5,30.761257,30.45,30.760134,30.36,30.74742,30.25,30.781721
30.62,30.786276,30.45,30.79466,30.37,30.793621,30.36,30.779375,30.21,30.814222
30.5,30.808607,30.45,30.816858,30.36,30.816599,30.33,30.803392,30.17,30.834923
30.45,30.822895,30.37,30.830286,30.36,30.829378,30.25,30.816074,30.15,30.848259
30.45,30.796648,30.36,30.803576,30.33,30.80096,30.21,30.789423,30.11,30.821156
30.37,30.764557,30.36,30.771156,30.25,30.766924,30.17,30.75742,30.07,30.788496
30.36,30.696032,30.33,30.701616,30.21,30.693777,30.15,30.688171,29.99,30.718891
30.36,30.602423,30.25,30.607891,30.17,30.597523,30.11,30.596956,29.99,30.625574
30.33,30.50698,30.21,30.51302,30.15,30.499893,30.07,30.502182,29.98,30.531347
30.25,30.434145,30.17,30.441236,30.11,30.426384,29.99,30.430178,29.95,30.459734
30.21,30.396084,30.15,30.403725,30.07,30.38859,29.99,30.393522,29.95,30.422615
30.17,30.358406,30.11,30.366322,29.99,30.350746,29.98,30.356993,29.92,30.385714
30.15,30.31666,30.07,30.325043,29.99,30.309063,29.95,30.31672,29.9,30.34487
30.11,30.279488,29.99,30.288437,29.98,30.272223,29.95,30.280834,29.9,30.3087
30.07,30.25182,29.99,30.261435,29.95,30.245373,29.92,30.254313,29.9,30.282255
29.99,30.23746,29.98,30.24778,29.95,30.23235,29.9,30.240986,29.87,30.269205
29.99,30.230276,29.95,30.24099,29.92,30.226019,29.9,30.234396,29.85,30.26285
29.98,30.221176,29.95,30.232004,29.9,30.21726,29.9,30.22602,29.85,30.254198
29.95,30.203949,29.92,30.214863,29.9,30.200035,29.87,30.20954,29.82,30.237375
29.95,30.177969,29.9,30.18916,29.9,30.173866,29.85,30.18403,29.82,30.211885
29.92,30.151625,29.9,30.163128,29.87,30.147366,29.85,30.158201,29.8,30.186033
29.9,30.127628,29.9,30.139347,29.85,30.123306,29.82,30.134933,29.8,30.162529
29.9,30.10682,29.87,30.118965,29.85,30.102901,29.82,30.114902,29.77,30.142439
29.9,30.090479,29.85,30.10297,29.82,30.086807,29.8,30.098938,29.75,30.126675
29.87,30.079918,29.85,30.092678,29.82,30.076742,29.8,30.089108,29.75,30.11663
29.85,30.070984,29.82,30.08388,29.8,30.068094,29.77,30.080694,29.75,30.108128
29.85,30.05997,29.82,30.073135,29.8,30.057459,29.75,30.070208,29.74,30.0976
29.82,30.051435,29.8,30.064783,29.77,30.049198,29.75,30.062078,29.7,30.089462
29.82,30.046717,29.8,30.060326,29.75,30.045073,29.75,30.057917,29.66,30.085213
29.8,30.044092,29.77,30.057835,29.75,30.042713,29.74,30.055407,29.65,30.082872
29.8,30.04028,29.75,30.054064,29.75,30.039062,29.7,30.051973,29.65,30.079227
29.77,30.035711,29.75,30.049578,29.74,30.034668,29.66,30.047745,29.65,30.074871
29.75,30.026201,29.75,30.040133,29.7,30.025003,29.65,30.038279,29.62,30.06551
29.75,30.018707,29.74,30.032827,29.66,30.017736,29.65,30.031195,29.6,30.058285
29.75,30.0128,29.7,30.02698,29.65,30.011772,29.65,30.0253,29.6,30.052515
29.74,30.004847,29.66,30.019093,29.65,30.00376,29.62,30.017593,29.55,30.044676
29.7,29.996418,29.65,30.010677,29.65,29.995226,29.6,30.009413,29.55,30.036358
29.66,29.98614,29.65,30.000574,29.62,29.985,29.6,29.999378,29.55,30.02635
29.65,29.979069,29.65,29.993692,29.6,29.978031,29.55,29.992405,29.54,30.01951
29.65,29.97376,29.62,29.988398,29.6,29.972635,29.55,29.987206,29.54,30.014254
29.65,29.966331,29.6,29.980963,29.55,29.96508,29.55,29.980068,29.54,30.006887
29.62,29.953606,29.6,29.968273,29.55,29.952044,29.54,29.967445,29.53,29.994259
29.6,29.940233,29.55,29.955088,29.55,29.938627,29.54,29.954334,29.52,29.981133
29.6,29.930462,29.55,29.94546,29.54,29.928831,29.54,29.944702,29.51,29.971582
29.55,29.92249,29.55,29.937609,29.54,29.920927,29.53,29.937,29.51,29.96381
29.55,29.91522,29.54,29.93042,29.54,29.913656,29.52,29.929943,29.5,29.956705
29.55,29.906754,29.54,29.92207,29.53,29.905169,29.51,29.921629,29.5,29.9484
29.54,29.895937,29.54,29.911245,29.52,29.89401,29.51,29.91091,29.48,29.937609
29.54,29.882805,29.53,29.898169,29.51,29.880743,29.5,29.898195,29.47,29.924637
29.54,29.869448,29.52,29.88502,29.51,29.867378,29.5,29.885075,29.45,29.91159
29.53,29.86019,29.51,29.876034,29.5,29.858383,29.48,29.876053,29.44,29.902708
29.52,29.858395,29.51,29.87438,29.5,29.856937,29.47,29.874516,29.44,29.901178
29.51,29.857676,29.5,29.873709,29.48,29.856428,29.45,29.87401,29.43,29.900614
29.51,29.853788,29.5,29.869825,29.47,29.852533,29.44,29.870314,29.43,29.896828
29.5,29.848322,29.48,29.864443,29.45,29.847166,29.44,29.865088,29.43,29.891548
29.5,29.842762,29.47,29.858994,29.44,29.841663,29.43,29.859617,29.42,29.88616
29.48,29.83846,29.45,29.854769,29.44,29.83746,29.43,29.85553,29.42,29.882011
29.47,29.83702,29.44,29.85345,29.43,29.836325,29.43,29.85434,29.42,29.880795
29.45,29.836279,29.44,29.85279,29.43,29.835712,29.42,29.853582,29.42,29.880186
29.44,29.835814,29.43,29.852325,29.43,29.835312,29.42,29.853245,30.5,29.879744
29.44,29.834387,29.43,29.850878,29.42,29.833855,29.42,29.851933,30.49,29.878338
29.43,29.828133,29.43,29.84462,29.42,29.827374,29.42,29.845655,30.47,29.872087
29.43,29.820438,29.42,29.836964,29.42,29.819519,30.5,29.838097,30.45,29.864431
29.43,29.813261,29.42,29.829847,29.42,29.81225,30.49,29.831024,30.45,29.857353
29.42,29.8057,29.42,29.822386,30.5,29.804615,30.47,29.823547,30.47,29.8499
29.42,29.800999,29.42,29.817776,30.49,29.79999,30.45,29.819012,30.5,29.845337
29.42,29.797499,30.5,29.814327,30.47,29.796515,30.45,29.815605,30.5,29.84194
29.42,29.79371,30.49,29.810593,30.45,29.792767,30.47,29.811954,30.46,29.838247
30.5,29.78976,30.47,29.806671,30.45,29.788809,30.5,29.808134,30.4,29.834385
30.49,29.78588,30.45,29.802876,30.47,29.785032,30.5,29.804403,30.35,29.830648
30.47,29.776604,30.45,29.793285,30.5,29.775867,30.46,29.796265,30.3,29.821703
30.45,29.82849,30.47,29.847717,30.5,29.835049,30.4,29.850584,30.32,29.87687
30.45,29.967928,30.5,29.98899,30.46,29.981113,30.35,29.985453,30.32,30.019156
30.47,30.155476,30.5,30.176897,30.4,30.175919,30.3,30.173042,30.3,30.206408
30.5,30.306887,30.46,30.3264,30.35,30.32907,30.32,30.32199,30.3,30.356045
30.5,30.372786,30.4,30.391476,30.3,30.395018,30.32,30.38589,30.3,30.420603
30.46,30.433779,30.35,30.451714,30.32,30.456158,30.3,30.445301,30.32,30.480314
30.4,30.496515,30.3,30.513712,30.32,30.519228,30.3,30.506668,30.32,30.541739
30.35,30.562693,30.32,30.579056,30.3,30.585562,30.3,30.571232,30.32,30.606344
30.3,30.626678,30.32,30.641956,30.3,30.649368,30.32,30.633907,30.36,30.668549
30.32,30.6899,30.3,30.704456,30.3,30.711967,30.32,30.694668,30.36,30.729662
30.32,30.697586,30.3,30.70858,30.32,30.711992,30.32,30.698666,30.36,30.73252
30.3,30.580776,30.3,30.590458,30.32,30.58853,30.36,30.585072,30.39,30.612164
30.3,30.451477,30.32,30.460367,30.32,30.452648,30.36,30.454594,30.37,30.482735
30.3,30.365116,30.32,30.375229,30.36,30.36496,30.36,30.368843,30.35,30.397423
30.32,30.357386,30.32,30.367653,30.36,30.357307,30.39,30.361319,30.35,30.389904
30.32,30.350746,30.36,30.361023,30.36,30.350594,30.37,30.354946,30.35,30.383352
30.32,30.33711,30.36,30.347372,30.39,30.33657,30.35,30.34151,30.35,30.36979
30.36,30.320227,30.36,30.330643,30.37,30.319532,30.35,30.32505,30.33,30.353178
30.36,30.306408,30.39,30.317053,30.35,30.305807,30.35,30.31155,30.33,30.33975
30.36,30.300335,30.37,30.31128,30.35,30.300295,30.35,30.305943,30.33,30.334192
30.39,30.305756,30.35,30.317005,30.35,30.306711,30.33,30.311783,30.33,30.340153
30.37,30.320055,30.35,30.331516,30.35,30.322021,30.33,30.326197,30.33,30.354826
30.35,30.336977,30.35,30.348352,30.33,30.33955,30.33,30.343206,30.31,30.371769
30.35,30.35091,30.35,30.36219,30.33,30.354004,30.33,30.357367,30.31,30.385696
30.35,30.358505,30.33,30.369717,30.33,30.361675,30.33,30.364723,30.32,30.393225
30.35,30.363422,30.33,30.374569,30.33,30.36661,30.31,30.369562,30.32,30.398012
30.33,30.36813,30.33,30.379179,30.33,30.3713,30.31,30.374218,30.32,30.402592
30.33,30.373379,30.33,30.384306,30.31,30.37654,30.32,30.37925,30.32,30.40792
30.33,30.374636,30.33,30.38553,30.31,30.377768,30.32,30.380451,30.33,30.409159
30.33,30.37418,30.31,30.385021,30.32,30.377079,30.32,30.379797,30.35,30.408575
30.33,30.370985,30.31,30.381723,30.32,30.373533,30.32,30.376518,30.37,30.405205
30.31,30.36577,30.32,30.37647,30.32,30.368069,30.33,30.371372,30.37,30.399933
30.31,30.359037,30.32,30.369793,30.32,30.361094,30.35,30.364532,30.37,30.393217
30.32,30.352987,30.32,30.36375,30.33,30.354786,30.37,30.358438,30.37,30.387127
30.32,30.347836,30.32,30.358585,30.35,30.34952,30.37,30.353462,30.37,30.381994
30.32,30.3421,30.33,30.352922,30.37,30.34374,30.37,30.34779,30.36,30.376379
30.32,30.338531,30.35,30.349474,30.37,30.34026,30.37,30.344261,30.35,30.372952
30.33,30.334099,30.37,30.345133,30.37,30.33576,30.37,30.339966,30.33,30.368385
30.35,30.333008,30.37,30.344036,30.37,30.334667,30.36,30.33898,30.3,30.367262
30.37,30.332565,30.37,30.343636,30.37,30.334356,30.35,30.33864,30.3,30.36692
30.37,30.332975,30.37,30.344097,30.36,30.334898,30.33,30.339079,30.3,30.367428
30.37,30.335846,30.37,30.347025,30.35,30.338034,30.3,30.342068,30.28,30.37039
30.37,30.341043,30.36,30.352268,30.33,30.343525,30.3,30.347288,30.26,30.375677
30.37,30.346773,30.35,30.357975,30.3,30.349445,30.3,30.352991,30.26,30.38141
30.36,30.353401,30.33,30.364595,30.3,30.356344,30.28,30.35967,30.23,30.38806
30.35,30.359522,30.3,30.370687,30.3,30.362581,30.26,30.36565,30.22,30.394127
30.33,30.364809,30.3,30.375916,30.28,30.367924,30.26,30.370869,30.23,30.399315
30.3,30.37178,30.3,30.38276,30.26,30.374962,30.23,30.377724,30.22,30.406301
30.3,30.372803,30.28,30.38372,30.26,30.375847,30.22,30.378624,30.21,30.407202
30.3,30.37214,30.26,30.38301,30.23,30.374956,30.23,30.37781,30.21,30.406408
30.28,30.368864,30.26,30.379627,30.22,30.371296,30.22,30.374405,30.23,30.40294
30.26,30.362816,30.23,30.373505,30.23,30.364874,30.21,30.368338,30.24,30.396795
30.26,30.353172,30.22,30.36385,30.22,30.354784,30.21,30.358614,30.24,30.387085
30.23,30.342564,30.23,30.353271,30.21,30.343801,30.23,30.348005,30.21,30.376461
30.22,30.331997,30.22,30.342728,30.21,30.33289,30.24,30.337503,30.2,30.365904
30.23,30.321125,30.21,30.33194,30.23,30.3218,30.24,30.326748,30.21,30.355131
30.22,30.309565,30.21,30.32042,30.24,30.309887,30.21,30.315214,30.21,30.34361
30.21,30.294922,30.23,30.30587,30.24,30.294947,30.2,30.300892,30.21,30.328962
30.21,30.284077,30.24,30.295158,30.21,30.284037,30.21,30.29023,30.21,30.318336
30.23,30.284107,30.24,30.295275,30.2,30.284542,30.21,30.290392,30.2,30.319063
30.24,30.284973,30.21,30.296234,30.21,30.285875,30.21,30.29148,30.19,30.320406
30.24,30.281454,30.2,30.292788,30.21,30.282461,30.21,30.288137,30.19,30.317028
30.21,30.278708,30.21,30.290127,30.21,30.279942,30.2,30.285679,30.2,30.314484
30.2,30.277456,30.21,30.288982,30.21,30.278955,30.19,30.284603,30.21,30.313452
30.21,30.27864,30.21,30.29032,30.2,30.280478,30.19,30.285887,30.23,30.314837
30.21,30.280704,30.21,30.292322,30.19,30.282581,30.2,30.287981,30.23,30.316889
30.21,30.280987,30.2,30.292604,30.19,30.283033,30.21,30.288548,30.23,30.317245
30.21,30.279516,30.19,30.291197,30.2,30.281622,30.23,30.287035,30.23,30.31589
30.2,30.278688,30.19,30.290426,30.21,30.280857,30.23,30.286224,30.23,30.315115
30.19,30.271832,30.2,30.283642,30.23,30.27374,30.23,30.279573,30.21,30.307858
30.19,30.267735,30.21,30.27961,30.23,30.269485,30.23,30.275496,30.21,30.303568
30.2,30.267967,30.23,30.27987,30.23,30.269737,30.23,30.27569,30.21,30.303806
30.21,30.267355,30.23,30.279167,30.23,30.268955,30.21,30.275051,30.23,30.303087
30.23,30.2643,30.23,30.276047,30.23,30.265741,30.21,30.272066,30.23,30.300041
30.23,30.258787,30.23,30.270563,30.21,30.260138,30.21,30.26662,30.28,30.29465
30.23,30.255095,30.23,30.267015,30.21,30.25663,30.23,30.263062,30.31,30.291155
30.23,30.257994,30.21,30.270056,30.21,30.259892,30.23,30.265966,30.34,30.294243
30.23,30.264738,30.21,30.276812,30.23,30.266907,30.28,30.272713,30.38,30.301012
30.21,30.271122,30.21,30.28312,30.23,30.273466,30.31,30.279186,30.41,30.307352
30.21,30.2737,30.23,30.285631,30.28,30.276035,30.34,30.281702,30.41,30.309885
30.21,30.274317,30.23,30.28626,30.31,30.276648,30.38,30.282284,30.4,30.31048
30.23,30.275127,30.28,30.287031,30.34,30.277401,30.41,30.283045,30.45,30.31124
30.23,30.275822,30.31,30.287725,30.38,30.27813,30.41,30.283775,30.43,30.311926
30.28,30.275331,30.34,30.287235,30.41,30.277565,30.4,30.283218,30.36,30.311367
30.31,30.293457,30.38,30.305214,30.41,30.296524,30.45,30.301237,30.37,30.330288
30.34,30.297312,30.41,30.308994,30.4,30.300423,30.43,30.305016,30.39,30.33415
30.38,30.300297,30.41,30.31201,30.45,30.303635,30.36,30.308128,30.39,30.3372
30.41,30.346949,30.4,30.35819,30.43,30.352192,30.37,30.354452,30.4,30.385527
30.41,30.362715,30.45,30.373987,30.36,30.368694,30.39,30.37015,30.42,30.401625
30.4,30.378355,30.43,30.38963,30.37,30.384933,30.39,30.385725,30.4,30.41732
30.45,30.39697,30.36,30.408216,30.39,30.404127,30.4,30.404137,30.4,30.435917
30.43,30.417927,30.37,30.429104,30.39,30.425621,30.42,30.424822,30.39,30.456758
30.36,30.43804,30.39,30.449001,30.4,30.446003,30.4,30.444607,30.38,30.476606
30.37,30.462744,30.39,30.473621,30.42,30.47142,30.4,30.469023,30.38,30.50135
30.39,30.460983,30.4,30.471909,30.4,30.468893,30.39,30.466751,30.35,30.498493
30.39,30.472761,30.42,30.483381,30.4,30.4803,30.38,30.478153,30.32,30.509636
30.4,30.477419,30.4,30.487669,30.39,30.484316,30.38,30.482477,30.31,30.513754
30.42,30.424307,30.4,30.434944,30.38,30.428928,30.35,30.42979,30.33,30.458893
30.4,30.413618,30.39,30.424246,30.38,30.417482,30.32,30.418861,30.38,30.447756
30.4,30.410814,30.38,30.421343,30.35,30.414291,30.31,30.415924,30.44,30.444733
30.39,30.409328,30.38,30.41977,30.32,30.41255,30.33,30.4143,30.48,30.44319
30.38,30.41867,30.35,30.428976,30.31,30.422148,30.38,30.423265,30.48,30.45301
30.38,30.41498,30.32,30.425352,30.33,30.418362,30.44,30.419554,30.46,30.449318
30.35,30.405691,30.31,30.415976,30.38,30.408384,30.48,30.410082,30.45,30.43966
30.32,30.39707,30.33,30.407349,30.44,30.399555,30.48,30.401821,30.45,30.430954
30.31,30.392738,30.38,30.403208,30.48,30.395395,30.46,30.397507,30.44,30.42688
30.33,30.403704,30.44,30.414194,30.48,30.406828,30.45,30.408007,30.41,30.43838
30.38,30.406227,30.48,30.416561,30.46,30.40929,30.45,30.41072,30.39,30.440756
30.44,30.40057,30.48,30.410742,30.45,30.403261,30.44,30.405172,30.39,30.434996
30.48,30.387863,30.46,30.398132,30.45,30.390251,30.41,30.392523,30.39,30.422398
30.48,30.382486,30.45,30.392893,30.44,30.385082,30.39,30.387348,30.38,30.41738
30.46,30.369965,30.45,30.380726,30.41,30.372599,30.39,30.375313,30.37,30.40465
30.45,30.380772,30.44,30.391703,30.39,30.384132,30.39,30.386091,30.39,30.415718
30.45,30.420197,30.41,30.430954,30.39,30.425148,30.38,30.425213,30.41,30.456015
30.44,30.49614,30.39,30.506485,30.39,30.503572,30.37,30.499735,30.38,30.533434
30.41,30.504887,30.39,30.515062,30.38,30.512342,30.39,30.508373,30.39,30.541994
30.39,30.514145,30.39,30.524294,30.37,30.521902,30.41,30.517515,30.45,30.551344
30.39,30.524897,30.38,30.53506,30.39,30.532972,30.38,30.527943,30.47,30.562172
30.39,30.535774,30.37,30.545883,30.41,30.543955,30.39,30.53851,30.45,30.572863
30.38,30.54589,30.39,30.555775,30.38,30.553951,30.45,30.54836,30.42,30.582682
30.37,30.545296,30.41,30.554966,30.39,30.552767,30.47,30.547491,30.41,30.581675
30.39,30.538887,30.38,30.548353,30.45,30.545635,30.45,30.540813,30.43,30.575006
30.41,30.523235,30.39,30.532572,30.47,30.529102,30.42,30.525122,30.46,30.559116
30.38,30.478786,30.45,30.488323,30.45,30.483068,30.41,30.481274,30.47,30.513882
30.39,30.402925,30.47,30.412935,30.42,30.404947,30.43,30.407013,30.49,30.43671
30.45,30.39674,30.45,30.407022,30.41,30.398975,30.46,30.400887,30.56,30.430828
30.47,30.383093,30.42,30.393473,30.43,30.384819,30.47,30.387484,30.7,30.41665
30.45,30.380232,30.41,30.390606,30.46,30.382038,30.49,30.385069,30.81,30.413769
30.42,30.413729,30.43,30.423807,30.47,30.417233,30.56,30.418573,30.84,30.448805
30.41,30.479149,30.46,30.48915,30.49,30.485413,30.7,30.48272,30.84,30.516161
30.43,30.514006,30.47,30.523876,30.56,30.521528,30.81,30.517157,30.96,30.551579
30.46,30.528975,30.49,30.538576,30.7,30.536695,30.84,30.532082,31.05,30.56642
30.47,30.530987,30.56,30.54044,30.81,30.538551,30.84,30.53408,30.99,30.568283
30.49,30.530638,30.7,30.540146,30.84,30.538212,30.96,30.533636,30.96,30.567963
30.56,30.534857,30.81,30.54443,30.84,30.542587,31.05,30.537663,31.15,30.5722
30.7,30.542698,30.84,30.552187,30.96,30.550566,30.99,30.545437,31.26,30.57994
30.81,30.55083,30.84,30.560299,31.05,30.559036,30.96,30.55367,31.28,30.588066
30.84,30.577036,30.96,30.586569,30.99,30.58637,31.15,30.579428,31.14,30.614824
30.84,30.615532,31.05,30.625248,30.96,30.626734,31.26,30.617598,31.03,30.654013
30.96,30.586052,30.99,30.596148,31.15,30.59638,31.28,30.589262,30.58,30.623041
31.05,30.606928,30.96,30.617254,31.26,30.61769,31.14,30.60968,30.99,30.642956
30.99,30.649498,31.15,30.65969,31.28,30.661163,31.03,30.651505,31.16,30.684898
30.96,30.70235,31.26,30.71258,31.14,30.715593,30.58,30.703455,31.18,30.737488
31.15,30.761608,31.28,30.77192,31.03,30.776201,30.99,30.7609,31.17,30.796204
31.26,30.904099,31.14,30.91385,30.58,30.922247,31.16,30.899607,31.05,30.939331
31.28,31.059694,31.03,31.0689,30.99,31.081348,31.18,31.050611,31.01,31.0951
31.14,31.104746,30.58,31.11384,31.16,31.127148,31.17,31.094236,31.01,31.1395
31.03,31.14563,30.99,31.155071,31.18,31.168303,31.05,31.132542,31.03,31.179083
30.58,31.328644,31.16,31.338049,31.17,31.354246,31.01,31.308424,31.13,31.359217
30.99,31.375189,31.18,31.383259,31.05,31.399128,31.01,31.35282,31.14,31.403334
31.16,31.37459,31.17,31.381779,31.01,31.396078,31.03,31.35098,31.3,31.401026
31.18,31.327293,31.05,31.332869,31.01,31.343472,31.13,31.30228,31.72,31.351484
31.17,31.268843,31.01,31.27482,31.03,31.284233,31.14,31.246105,32.13,31.29355
31.05,31.233988,31.01,31.240585,31.13,31.248234,31.3,31.209433,32.75,31.259373
31.01,31.149523,31.03,31.157045,31.14,31.162807,31.72,31.12903,32.59,31.174131
31.01,31.079693,31.13,31.086937,31.3,31.091064,32.13,31.06312,32.25,31.103
31.03,31.094982,31.14,31.101389,31.72,31.10486,32.75,31.077133,32.22,31.11695
31.13,31.071379,31.3,31.076902,32.13,31.079296,32.59,31.054428,32.42,31.092478
31.14,30.83848,31.72,30.843662,32.75,30.839554,32.25,30.828318,32.15,30.85954
31.3,30.788958,32.13,30.79482,32.59,30.789759,32.22,30.77985,32.28,30.811098
31.72,30.871552,32.75,30.878166,32.25,30.876896,32.42,30.860468,32.61,30.896507
32.13,30.966862,32.59,30.974703,32.22,30.978374,32.15,30.955454,32.68,30.994516
32.75,31.057829,32.25,31.06523,32.42,31.07102,32.28,31.043633,32.58,31.084742
32.59,31.233564,32.22,31.24029,32.15,31.253756,32.61,31.219208,32.46,31.262047
32.25,31.341814,32.42,31.349195,32.28,31.366041,32.68,31.324198,32.51,31.370672
32.22,31.511744,32.15,31.522072,32.61,31.544504,32.58,31.489511,32.94,31.541134
32.42,31.753185,32.28,31.763992,32.68,31.791775,32.46,31.722603,33.09,31.77958
32.15,31.967375,32.61,31.975422,32.58,32.00864,32.51,31.933136,32.88,31.98954
32.28,32.08688,32.68,32.092144,32.46,32.127876,32.94,32.050674,32.84,32.105507
32.61,32.16379,32.58,32.16843,32.51,32.204807,33.09,32.12429,33.13,32.17997
32.68,32.12369,32.46,32.12694,32.94,32.159275,32.88,32.08383,33.02,32.135868
32.58,32.34105,32.51,32.342564,33.09,32.3802,32.84,32.295444,32.71,32.34972
32.46,32.476917,32.94,32.477657,32.88,32.51796,33.13,32.4257,33.06,32.484
32.51,32.499245,33.09,32.49972,32.84,32.537476,33.02,32.44448,32.96,32.502903
32.94,32.601128,32.88,32.59834,33.13,32.636612,32.71,32.542667,33.1,32.600628
33.09,32.85239,32.84,32.845604,33.02,32.886364,33.06,32.782078,33.21,32.844074
32.88,33.039925,33.13,33.03229,32.71,33.077137,32.96,32.961834,33.13,33.028976
32.84,33.066124,33.02,33.061447,33.06,33.107674,33.1,32.985367,33.04,33.05815
33.13,33.21619,32.71,33.2132,32.96,33.264194,33.21,33.12999,33.14,33.207962
33.02,33.384823,33.06,33.37982,33.1,33.435974,33.13,33.295864,33.2,33.37216
32.71,33.457367,32.96,33.45096,33.21,33.511856,33.04,33.371037,33.39,33.44449
33.06,33.329556,33.1,33.323387,33.13,33.38012,33.14,33.2477,33.44,33.31749
32.96,33.416706,33.21,33.410103,33.04,33.467175,33.2,33.32985,33.15,33.40146
33.1,33.527378,33.13,33.5195,33.14,33.577847,33.39,33.434742,32.98,33.508472
33.21,33.596615,33.04,33.589474,33.2,33.649208,33.44,33.49946,32.9,33.577324
33.13,33.509983,33.14,33.501545,33.39,33.557755,33.15,33.412525,33.1,33.493286
33.04,33.529926,33.2,33.519783,33.44,33.57777,32.98,33.433315,33.11,33.513866
33.14,33.581657,33.39,33.56993,33.15,33.628357,32.9,33.48264,33.15,33.563198
33.2,33.602005,33.44,33.58992,32.98,33.647446,33.1,33.50129,33.06,33.581406
33.39,33.678864,33.15,33.66723,32.9,33.72677,33.11,33.574005,32.98,33.65856
33.44,33.699768,32.98,33.68917,33.1,33.748714,33.15,33.592598,33.09,33.679585
33.15,33.722652,32.9,33.711693,33.11,33.770397,33.06,33.613213,33.14,33.70002
32.98,33.666756,33.1,33.65579,33.15,33.714134,32.98,33.56257,33.09,33.643917
32.9,33.58039,33.11,33.569645,33.06,33.625935,33.09,33.480785,33.11,33.55845
33.1,33.80404,33.15,33.794136,32.98,33.854668,33.14,33.69364,33.33,33.77559
33.11,33.798542,33.06,33.788136,33.09,33.848717,33.09,33.69058,33.32,33.76886
33.15,33.526684,32.98,33.515385,33.14,33.565823,33.11,33.426723,33.22,33.498764
33.06,33.42826,33.09,33.418312,33.09,33.465553,33.33,33.33167,33.28,33.40144
32.98,33.375427,33.14,33.365723,33.11,33.411324,33.32,33.280064,33.12,33.34949
33.09,33.29399,33.09,33.28457,33.33,33.329014,33.22,33.20377,33.0,33.269497
33.14,33.31202,33.11,33.302143,33.32,33.346703,33.28,33.220757,33.0,33.286816
33.09,33.470833,33.33,33.46061,33.22,33.509567,33.12,33.37261,33.28,33.444347
33.11,33.497967,33.32,33.4875,33.28,33.53688,33.0,33.397614,33.36,33.471973
33.33,33.45997,33.22,33.449875,33.12,33.49781,33.0,33.360085,33.46,33.434784
33.32,33.08104,33.28,33.069736,33.0,33.107494,33.28,32.995667,33.58,33.06166
33.22,32.918377,33.12,32.907192,33.0,32.94116,33.36,32.840473,33.31,32.900497
33.28,33.007195,33.0,32.996017,33.28,33.03496,33.46,32.929768,32.99,32.9904
33.12,33.04458,33.0,33.031944,33.36,33.071926,33.58,32.966537,33.24,33.026196
33.0,33.050568,33.28,33.036686,33.46,33.077065,33.31,32.974194,33.72,33.030655
33.0,33.015186,33.36,33.001003,33.58,33.039658,32.99,32.93913,33.66,32.994877
33.28,32.976376,33.46,32.962227,33.31,32.998577,33.24,32.89989,33.2,32.95552
33.36,32.879818,33.58,32.865562,32.99,32.8985,33.72,32.806828,33.33,32.858837
33.46,32.79599,33.31,32.78192,33.24,32.811703,33.66,32.725002,33.44,32.774773
33.58,32.762913,32.99,32.749466,33.72,32.778866,33.2,32.69361,33.15,32.742416
33.31,32.796486,33.24,32.78357,33.66,32.814095,33.33,32.725594,32.98,32.77638
32.99,32.858162,33.72,32.845085,33.2,32.8782,33.44,32.78683,32.89,32.83768
33.24,32.887547,33.66,32.87371,33.33,32.9077,33.15,32.815838,33.1,32.866188
33.72,32.904392,33.2,32.88946,33.44,32.923157,32.98,32.831985,33.11,32.881615
33.66,32.868507,33.33,32.853172,33.15,32.88439,32.89,32.795788,33.15,32.844578
33.2,32.821278,33.44,32.80636,32.98,32.83618,33.1,32.749733,33.06,32.797943
33.33,32.960003,33.15,32.946064,32.89,32.982224,33.11,32.88484,34.85,32.939205
33.44,33.26187,32.98,33.24849,33.1,33.29477,33.15,33.177197,34.93,33.23839
33.15,33.417397,32.89,33.402264,33.11,33.452763,33.06,33.32827,34.9,33.390476
32.98,33.437115,33.1,33.42106,33.15,33.471657,34.85,33.347916,34.99,33.408573
32.89,33.49019,33.11,33.4751,33.06,33.52499,34.93,33.39435,34.95,33.460987
33.1,33.500984,33.15,33.486523,34.85,33.53403,34.9,33.400536,34.89,33.470657
33.11,33.573215,33.06,33.55909,34.93,33.607475,34.99,33.467552,34.84,33.54163
33.15,33.57751,34.85,33.5641,34.9,33.613194,34.95,33.471115,34.91,33.54768
33.06,33.7052,34.93,33.69392,34.99,33.747986,34.89,33.592567,34.93,33.67768
34.85,33.96732,34.9,33.956764,34.95,34.019173,34.84,33.843487,34.93,33.938133
34.93,34.10429,34.99,34.093494,34.89,34.161095,34.91,33.97737,34.92,34.0722
34.9,34.039257,34.95,34.028286,34.84,34.094147,34.93,33.916103,34.81,34.007843
34.99,34.069366,34.89,34.06265,34.91,34.13814,34.93,33.95337,34.76,34.046265
34.95,34.427002,34.84,34.422043,34.93,34.50919,34.92,34.293266,34.88,34.400204
34.89,34.684006,34.91,34.67673,34.93,34.776386,34.81,34.54907,34.93,34.649902
34.84,34.76906,34.93,34.757965,34.92,34.86458,34.76,34.637352,34.93,34.733994
34.91,34.824425,34.93,34.811924,34.81,34.919266,34.88,34.69144,34.93,34.785072
34.93,34.929314,34.92,34.916187,34.76,35.02603,34.93,34.793625,34.74,34.88379
34.93,34.94353,34.81,34.931232,34.88,35.039013,34.93,34.807228,34.62,34.89271
34.92,34.96075,34.76,34.949837,34.93,35.055225,34.93,34.82185,34.49,34.906853
34.81,34.979927,34.88,34.966,34.93,35.06984,34.74,34.837124,34.25,34.925858
34.76,34.957924,34.93,34.934093,34.93,35.03489,34.62,34.81237,34.01,34.901634
34.88,34.975567,34.93,34.950066,34.74,35.04158,34.49,34.816883,33.77,34.91142
34.93,34.946762,34.93,34.92188,34.62,35.009506,34.25,34.789116,33.6,34.8798
34.93,34.824196,34.74,34.80163,34.49,34.879856,34.01,34.663948,33.55,34.758583
34.93,34.911987,34.62,34.89118,34.25,34.970867,33.77,34.744457,33.35,34.84522
34.74,34.86559,34.49,34.844616,34.01,34.921726,33.6,34.699757,33.26,34.7978
34.62,34.878117,34.25,34.857235,33.77,34.93492,33.55,34.711765,33.28,34.81034
34.49,34.85666,34.01,34.836052,33.6,34.912685,33.35,34.691055,33.13,34.78842
34.25,34.781742,33.77,34.76,33.55,34.832127,33.26,34.61836,33.79,34.711384
34.01,34.675205,33.6,34.65234,33.35,34.719875,33.28,34.517128,32.65,34.60402
33.77,34.583122,33.55,34.560112,33.26,34.624,33.13,34.427948,32.54,34.51322
33.6,34.468792,33.35,34.445267,33.28,34.504242,33.79,34.31736,32.78,34.399265
33.55,34.280724,33.26,34.25656,33.13,34.30846,32.65,34.137077,33.26,34.212635
33.35,34.030315,33.28,34.004948,33.79,34.047993,32.54,33.89667,33.46,33.96396
33.26,33.72499,33.13,33.69885,32.65,33.731403,32.78,33.60388,33.04,33.66023
33.28,33.532204,33.79,33.50703,32.54,33.534016,33.26,33.41807,33.22,33.470493
33.13,33.388844,32.65,33.365692,32.78,33.387177,33.46,33.276558,33.17,33.32918
33.79,33.22494,32.54,33.202564,33.26,33.219963,33.04,33.1183,33.15,33.169006
32.65,33.061146,32.78,33.040154,33.46,33.054684,33.22,32.96079,33.0,33.010487
32.54,32.936043,33.26,32.915485,33.04,32.92771,33.17,32.840004,32.88,32.88903
32.78,32.897858,33.46,32.880283,33.22,32.896473,33.15,32.807842,32.64,32.857674
33.26,33.241936,33.04,33.23335,33.17,33.26044,33.0,33.138138,32.27,33.2014
33.46,33.333908,33.22,33.326626,33.15,33.360252,32.88,33.232883,32.24,33.293053
33.04,33.18956,33.17,33.181904,33.0,33.213226,32.64,33.09213,32.12,33.15467
33.22,33.249577,33.15,33.2449,32.88,33.280834,32.27,33.15002,32.01,33.219963
33.17,33.321907,33.0,33.317894,32.64,33.35852,32.24,33.221977,31.99,33.293987
33.15,33.35455,32.88,33.348763,32.27,33.39193,32.12,33.25653,31.91,33.325764
33.0,33.357784,32.64,33.35143,32.24,33.39743,32.01,33.263477,31.89,33.330925
32.88,33.345863,32.27,33.339283,32.12,33.384644,31.99,33.25063,31.65,33.31953
32.64,33.36077,32.24,33.35528,32.01,33.401497,31.91,33.26559,31.43,33.33487
32.27,33.312717,32.12,33.304806,31.99,33.346954,31.89,33.216377,31.43,33.284195
32.24,32.891685,32.01,32.882534,31.91,32.915512,31.65,32.815434,31.43,32.87027
32.12,32.57758,31.99,32.568016,31.89,32.590065,31.43,32.50606,31.4,32.560352
32.01,32.5752,31.91,32.565144,31.65,32.586357,31.43,32.504776,31.4,32.5557
31.99,32.375473,31.89,32.36362,31.43,32.377163,31.43,32.31106,31.51,32.353348
31.91,32.152786,31.65,32.14043,31.43,32.145424,31.4,32.09134,31.27,32.13104
31.89,31.954681,31.43,31.944508,31.43,31.943836,31.4,31.897003,31.26,31.936037
31.65,31.819792,31.43,31.810822,31.4,31.805754,31.51,31.762943,31.26,31.803083
31.43,31.720392,31.43,31.712006,31.4,31.706135,31.27,31.668457,31.26,31.706154
31.43,31.61068,31.4,31.602987,31.51,31.595482,31.26,31.561844,31.29,31.599358
31.43,31.49117,31.4,31.484251,31.27,31.47464,31.26,31.445807,31.29,31.482416
31.4,31.373539,31.51,31.367435,31.26,31.355833,31.26,31.331959,31.3,31.367004
31.4,31.25755,31.27,31.25279,31.26,31.240341,31.29,31.2208,31.27,31.254303
31.51,31.173164,31.26,31.17077,31.26,31.158504,31.29,31.139421,31.16,31.174284
31.27,31.140465,31.26,31.139399,31.29,31.128132,31.3,31.10868,31.16,31.144241
31.26,31.13355,31.26,31.133205,31.29,31.124487,31.27,31.1053,31.16,31.139772
31.26,31.11976,31.29,31.12046,31.3,31.1132,31.16,31.093246,31.16,31.128204
31.26,31.095665,31.29,31.096523,31.27,31.088963,31.16,31.069586,31.18,31.104887
31.29,31.062366,31.3,31.063477,31.16,31.056639,31.16,31.039522,31.28,31.072824
31.29,31.00606,31.27,31.007315,31.16,30.999605,31.16,30.984655,31.2,31.017817
31.3,30.96235,31.16,30.964779,31.16,30.95757,31.18,30.943504,31.2,30.976255
31.27,30.963263,31.16,30.966928,31.16,30.961222,31.28,30.945292,31.2,30.97914
31.16,30.990448,31.16,30.99472,31.18,30.990639,31.2,30.972576,31.19,31.007124
31.16,31.023302,31.16,31.027544,31.28,31.025328,31.2,31.006296,31.18,31.040258
31.16,31.030455,31.18,31.034582,31.2,31.032831,31.2,31.013624,31.24,31.047543
31.16,31.015404,31.28,31.019403,31.2,31.017006,31.19,30.998623,31.29,31.032383
31.18,30.986204,31.2,30.989769,31.2,30.986593,31.18,30.970385,31.28,31.003096
31.28,30.95269,31.2,30.956863,31.19,30.953615,31.24,30.938467,31.31,30.970726
31.2,30.937931,31.2,30.942661,31.18,30.938997,31.29,30.923136,31.35,30.9567
31.2,30.948355,31.19,30.953402,31.24,30.950748,31.28,30.93441,31.39,30.967514
31.2,30.969593,31.18,30.974756,31.29,30.97326,31.31,30.955761,31.39,30.989216
31.19,30.973274,31.24,30.978313,31.28,30.97666,31.35,30.9589,31.39,30.99271
31.18,30.972347,31.29,30.9773,31.31,30.975899,31.39,30.95872,31.38,30.991758
31.24,30.959639,31.28,30.964458,31.35,30.962585,31.39,30.946024,31.38,30.97908
31.29,30.944939,31.31,30.949926,31.39,30.947823,31.39,30.931776,31.35,30.96468
31.28,30.943623,31.35,30.948908,31.39,30.947197,31.38,30.93085,31.3,30.963865
31.31,30.954239,31.39,30.959826,31.39,30.958687,31.38,30.941319,31.29,30.97483
31.35,30.977371,31.39,30.983175,31.38,30.98301,31.35,30.964361,31.26,30.9981
31.39,31.002136,31.39,31.007845,31.38,31.008394,31.3,30.988716,31.21,31.022642
31.39,31.020445,31.38,31.026068,31.35,31.027119,31.29,31.006777,31.16,31.04071
31.39,31.026236,31.38,31.031542,31.3,31.032425,31.26,31.012238,31.18,31.045961
31.38,31.034988,31.35,31.040476,31.29,31.041876,31.21,31.02126,31.19,31.054844
31.38,31.05019,31.3,31.055714,31.26,31.057243,31.16,31.035484,31.07,31.0699
31.35,31.073198,31.29,31.078735,31.21,31.080917,31.18,31.058243,30.98,31.092623
31.3,31.095686,31.26,31.100965,31.16,31.103603,31.19,31.080204,30.93,31.114674
31.29,31.111076,31.21,31.116302,31.18,31.119127,31.07,31.09503,30.9,31.129726
31.26,31.12279,31.16,31.127712,31.19,31.130295,30.98,31.105906,30.88,31.14078
31.21,31.122839,31.18,31.127289,31.07,31.129385,30.93,31.10576,30.87,31.140133
31.16,31.110096,31.19,31.114336,30.98,31.11577,30.9,31.093063,30.86,31.127148
31.18,31.092094,31.07,31.096258,30.93,31.096672,30.88,31.07466,30.86,31.108963
31.19,31.074411,30.98,31.07842,30.9,31.077986,30.87,31.057041,30.85,31.091036
31.07,31.048378,30.93,31.05207,30.88,31.050629,30.86,31.031372,30.81,31.064816
30.98,31.014088,30.9,31.017836,30.87,31.015507,30.86,30.99784,30.83,31.030869
30.93,30.9846,30.88,30.988636,30.86,30.985497,30.85,30.968601,30.83,31.001865
30.9,30.960543,30.87,30.964603,30.86,30.960646,30.81,30.944778,30.8,30.977926
30.88,30.929356,30.86,30.933218,30.85,30.928463,30.83,30.914522,30.8,30.94683
30.87,30.88314,30.86,30.886995,30.81,30.881107,30.83,30.869358,30.8,30.901108
30.86,30.83468,30.85,30.8389,30.83,30.831984,30.8,30.821892,30.75,30.85349
30.86,30.796694,30.81,30.80128,30.83,30.793692,30.8,30.784834,30.7,30.816313
30.85,30.766953,30.83,30.77186,30.8,30.764069,30.8,30.75628,30.7,30.787394
30.81,30.740986,30.83,30.74623,30.8,30.738344,30.75,30.731327,30.7,30.762293
30.83,30.720573,30.8,30.726269,30.8,30.718441,30.7,30.711775,30.7,30.742739
30.83,30.704561,30.8,30.710478,30.75,30.702576,30.7,30.69633,30.68,30.72726
30.8,30.683578,30.8,30.68945,30.7,30.681393,30.7,30.67636,30.66,30.706652
30.8,30.660364,30.75,30.66663,30.7,30.658764,30.7,30.654488,30.65,30.684395
30.8,30.64641,30.7,30.653275,30.7,30.645535,30.68,30.64081,30.6,30.671377
30.75,30.650263,30.7,30.657522,30.7,30.650484,30.66,30.645174,30.55,30.675812
30.7,30.661615,30.7,30.668928,30.68,30.66276,30.65,30.657076,30.55,30.687494
30.7,30.665236,30.7,30.672634,30.66,30.66683,30.6,30.660862,30.52,30.691353
30.7,30.662897,30.68,30.670298,30.65,30.664463,30.55,30.658585,30.51,30.689066
30.7,30.654549,30.66,30.661835,30.6,30.655827,30.55,30.650576,30.51,30.680708
30.68,30.638638,30.65,30.64591,30.55,30.639555,30.52,30.635075,30.5,30.664968
30.66,30.620539,30.6,30.627953,30.55,30.621222,30.51,30.61735,30.45,30.647203
30.65,30.609255,30.55,30.616934,30.52,30.610157,30.51,30.606447,30.45,30.636343
30.6,30.602217,30.55,30.609953,30.51,30.60302,30.5,30.599474,30.45,30.629444
30.55,30.593145,30.52,30.600853,30.51,30.593872,30.45,30.590923,30.45,30.620497
30.55,30.580128,30.51,30.58792,30.5,30.58072,30.45,30.578253,30.45,30.607746
30.52,30.563286,30.51,30.571152,30.45,30.563425,30.45,30.56151,30.47,30.591053
30.51,30.544863,30.5,30.552668,30.45,30.544529,30.45,30.543648,30.49,30.572739
30.51,30.524168,30.45,30.532131,30.45,30.523705,30.45,30.523615,30.5,30.552462
30.5,30.50522,30.45,30.513498,30.45,30.504688,30.47,30.504822,30.5,30.53398
30.45,30.494343,30.45,30.502838,30.45,30.493977,30.49,30.494343,30.5,30.523441
30.45,30.486458,30.45,30.49503,30.47,30.486193,30.5,30.486872,30.65,30.515806
30.45,30.4738,30.45,30.482475,30.49,30.473398,30.5,30.474455,30.65,30.503363
30.45,30.457857,30.47,30.466606,30.5,30.457155,30.5,30.45882,30.63,30.487604
30.45,30.44119,30.49,30.450104,30.5,30.440407,30.65,30.442623,30.63,30.471247
30.47,30.42467,30.5,30.433783,30.5,30.423803,30.65,30.42641,30.63,30.455095
30.49,30.413242,30.5,30.42264,30.65,30.412756,30.63,30.415533,30.61,30.444159
30.5,30.409468,30.5,30.419132,30.65,30.409527,30.63,30.4121,30.59,30.440868
30.5,30.410423,30.65,30.42026,30.63,30.411043,30.63,30.413383,30.57,30.442175
30.5,30.415857,30.65,30.425837,30.63,30.417185,30.61,30.41924,30.55,30.447945
30.65,30.421898,30.63,30.431952,30.63,30.423698,30.59,30.425367,30.55,30.454199
30.65,30.42776,30.63,30.437836,30.61,30.429918,30.57,30.431364,30.54,30.46015
30.63,30.431894,30.63,30.441849,30.59,30.434284,30.55,30.435839,30.54,30.464355
30.63,30.442417,30.61,30.45281,30.57,30.446203,30.55,30.446842,30.54,30.475521
30.63,30.465122,30.59,30.475702,30.55,30.469715,30.54,30.468758,30.53,30.498373
30.61,30.497292,30.57,30.507757,30.55,30.502895,30.54,30.50099,30.51,30.530296
30.59,30.52352,30.55,30.533613,30.54,30.529352,30.54,30.52682,30.47,30.55607
30.57,30.534697,30.55,30.544695,30.54,30.54046,30.53,30.537476,30.43,30.56693
30.55,30.544212,30.54,30.554043,30.54,30.549723,30.51,30.54647,30.43,30.57603
30.55,30.550447,30.54,30.560043,30.53,30.555582,30.47,30.552408,30.43,30.581848
30.54,30.550478,30.54,30.559858,30.51,30.55508,30.43,30.552177,30.43,30.58153
30.54,30.546352,30.53,30.55561,30.47,30.550455,30.43,30.54787,30.43,30.577179
30.54,30.543755,30.51,30.553051,30.43,30.5476,30.43,30.545027,30.42,30.574461
30.53,30.53588,30.47,30.544788,30.43,30.538519,30.43,30.536661,30.42,30.566034
30.51,30.519808,30.43,30.528538,30.43,30.521847,30.43,30.521257,30.44,30.549828
30.47,30.498161,30.43,30.50695,30.43,30.499454,30.42,30.499487,30.45,30.52834
30.43,30.481094,30.43,30.49015,30.43,30.482166,30.42,30.482529,30.45,30.511505
30.43,30.474968,30.43,30.484055,30.42,30.475954,30.44,30.47658,30.45,30.505447
30.43,30.465853,30.43,30.47493,30.42,30.466576,30.45,30.467615,30.45,30.496376
30.43,30.452322,30.42,30.461424,30.44,30.452688,30.45,30.454254,30.43,30.482927
30.43,30.438526,30.42,30.44778,30.45,30.438791,30.45,30.44077,30.43,30.469378
30.42,30.434315,30.44,30.443712,30.45,30.4349,30.45,30.43666,30.43,30.465748
30.42,30.44207,30.45,30.451508,30.45,30.443365,30.43,30.44437,30.44,30.474306
30.44,30.437565,30.45,30.4471,30.45,30.439035,30.43,30.440172,30.45,30.47001
30.45,30.431404,30.45,30.440992,30.43,30.432846,30.43,30.434166,30.45,30.464
30.45,30.423574,30.45,30.433226,30.43,30.425005,30.44,30.426641,30.45,30.456331
30.45,30.416346,30.43,30.426128,30.43,30.417913,30.45,30.419706,30.44,30.449362
30.45,30.411753,30.43,30.421707,30.44,30.413582,30.45,30.41533,30.44,30.445063
30.43,30.413017,30.43,30.423147,30.45,30.415365,30.45,30.416874,30.44,30.446632
30.43,30.419676,30.44,30.429934,30.45,30.422623,30.44,30.423693,30.43,30.453547
30.43,30.428284,30.45,30.43857,30.45,30.431625,30.44,30.432299,30.39,30.462229
30.44,30.428621,30.45,30.43886,30.44,30.4318,30.44,30.432737,30.39,30.462196
30.45,30.41675,30.45,30.427004,30.44,30.419313,30.43,30.421135,30.39,30.449673
30.45,30.414892,30.44,30.42513,30.44,30.417355,30.39,30.419235,30.38,30.447802
30.45,30.414297,30.44,30.424604,30.43,30.416868,30.39,30.418701,30.35,30.447287
30.44,30.4169,30.44,30.427256,30.39,30.419611,30.39,30.421234,30.32,30.44993
30.44,30.420221,30.43,30.430534,30.39,30.422949,30.38,30.424484,30.32,30.453184
30.44,30.42202,30.39,30.43225,30.39,30.424688,30.35,30.426304,30.32,30.45489
30.43,30.420137,30.39,30.430315,30.38,30.422613,30.32,30.424356,30.32,30.45294
30.39,30.416822,30.39,30.427006,30.35,30.419178,30.32,30.421045,30.29,30.44961
30.39,30.41453,30.38,30.424736,30.32,30.416819,30.32,30.418741,30.28,30.447336
30.39,30.414375,30.35,30.424637,30.32,30.416744,30.32,30.418577,30.28,30.447247
30.38,30.413046,30.32,30.423227,30.32,30.415182,30.29,30.41713,30.29,30.445805
30.35,30.409845,30.32,30.420002,30.32,30.411886,30.28,30.414091,30.29,30.442583
30.32,30.404064,30.32,30.414213,30.29,30.405827,30.28,30.408207,30.31,30.436789
30.32,30.396881,30.32,30.407082,30.28,30.398424,30.29,30.40103,30.31,30.429605
30.32,30.389524,30.29,30.39969,30.28,30.390724,30.29,30.393686,30.29,30.422194
30.32,30.378086,30.28,30.38822,30.29,30.37885,30.31,30.382332,30.26,30.41072
30.29,30.364864,30.28,30.375095,30.29,30.365383,30.31,30.369316,30.26,30.397635
30.28,30.352648,30.29,30.36301,30.31,30.35297,30.29,30.357162,30.27,30.385582
30.28,30.343632,30.29,30.354134,30.31,30.343946,30.26,30.348341,30.27,30.376759
30.29,30.33493,30.31,30.345451,30.29,30.33507,30.26,30.339823,30.26,30.368126
30.29,30.326359,30.31,30.337019,30.26,30.326593,30.27,30.331581,30.26,30.35979
30.31,30.318518,30.29,30.329296,30.26,30.318726,30.27,30.323814,30.26,30.352152
30.31,30.312897,30.26,30.323805,30.27,30.313269,30.26,30.318491,30.28,30.346735
30.29,30.309034,30.26,30.319994,30.27,30.30953,30.26,30.314865,30.3,30.34306
30.26,30.306366,30.27,30.317501,30.26,30.307245,30.26,30.312504,30.31,30.340702
30.26,30.308538,30.27,30.319849,30.26,30.30984,30.28,30.31474,30.28,30.343138
30.27,30.31334,30.26,30.324667,30.26,30.314894,30.3,30.319574,30.25,30.347984
30.27,30.315569,30.26,30.326763,30.28,30.317064,30.31,30.321918,30.25,30.350115
30.26,30.311571,30.26,30.322691,30.3,30.312923,30.28,30.31805,30.25,30.346146
30.26,30.305296,30.28,30.316565,30.31,30.30672,30.25,30.311888,30.24,30.340067
30.26,30.303804,30.3,30.315218,30.28,30.30538,30.25,30.31036,30.26,30.338726
30.28,30.306627,30.31,30.318054,30.25,30.308378,30.25,30.31326,30.31,30.341585
30.3,30.308277,30.28,30.31963,30.25,30.310034,30.24,30.31498,30.35,30.3432
30.31,30.30582,30.25,30.317167,30.25,30.307499,30.26,30.312569,30.35,30.340748
30.28,30.302198,30.25,30.313564,30.24,30.303799,30.31,30.308971,30.35,30.33717
30.25,30.300238,30.25,30.311657,30.26,30.301933,30.35,30.30713,30.36,30.335306
30.25,30.308025,30.24,30.319504,30.31,30.310293,30.35,30.31494,30.36,30.34356
30.25,30.312307,30.26,30.323835,30.35,30.314793,30.35,30.319164,30.39,30.347897
30.24,30.315624,30.31,30.327063,30.35,30.31807,30.36,30.32247,30.41,30.35108
30.26,30.315605,30.35,30.326942,30.35,30.317923,30.36,30.322506,30.41,30.350962
30.31,30.31134,30.35,30.322674,30.36,30.31346,30.39,30.318201,30.41,30.346678
30.35,30.306946,30.35,30.31832,30.36,30.30896,30.41,30.313816,30.39,30.34231
30.35,30.305532,30.36,30.316956,30.39,30.307665,30.41,30.31253,30.37,30.341
30.35,30.308283,30.36,30.31984,30.41,30.310808,30.41,30.315395,30.4,30.343956
30.36,30.318245,30.39,30.329891,30.41,30.321299,30.39,30.325262,30.44,30.354141
30.36,30.328583,30.41,30.34015,30.41,30.331875,30.37,30.335533,30.45,30.364393
30.39,30.32928,30.41,30.340744,30.39,30.332321,30.4,30.336327,30.45,30.36464
30.41,30.332794,30.41,30.344254,30.37,30.335999,30.44,30.339865,30.49,30.368185
30.41,30.33836,30.39,30.349895,30.4,30.341831,30.45,30.345293,30.51,30.373829
30.41,30.350603,30.37,30.362188,30.44,30.3546,30.45,30.357513,30.51,30.386122
30.39,30.367125,30.4,30.378647,30.45,30.371609,30.49,30.373926,30.52,30.402596
30.37,30.383558,30.44,30.394997,30.45,30.388412,30.51,30.390171,30.57,30.418905
30.4,30.39831,30.45,30.409586,30.49,30.40325,30.51,30.404577,30.61,30.433369
30.44,30.406898,30.45,30.417883,30.51,30.41142,30.52,30.41277,30.66,30.441486
30.45,30.4035,30.49,30.414167,30.51,30.407207,30.57,30.40921,30.7,30.437515
30.45,30.396084,30.51,30.406698,30.52,30.399385,30.61,30.401785,30.7,30.429987
30.49,30.392035,30.51,30.40283,30.57,30.395319,30.66,30.397503,30.68,30.426052
30.51,30.431826,30.52,30.442177,30.61,30.436562,30.7,30.436914,30.63,30.467081
30.51,30.444788,30.57,30.455029,30.66,30.449856,30.7,30.449846,30.63,30.479988
30.52,30.45425,30.61,30.464388,30.7,30.45945,30.68,30.459187,30.59,30.489334
30.57,30.464197,30.66,30.47425,30.7,30.469576,30.63,30.468908,30.55,30.499271
30.61,30.482931,30.7,30.492859,30.68,30.488855,30.63,30.487328,30.52,30.518288
30.66,30.490953,30.7,30.500774,30.63,30.496975,30.59,30.49524,30.5,30.52619
30.7,30.503096,30.68,30.512978,30.63,30.509686,30.55,30.507357,30.46,30.538458
30.7,30.522541,30.63,30.532541,30.59,30.529877,30.52,30.526447,30.45,30.557962
30.68,30.550741,30.63,30.560732,30.55,30.558876,30.5,30.554186,30.45,30.586002
30.63,30.582031,30.59,30.591852,30.52,30.590706,30.46,30.584856,30.45,30.616852
30.63,30.568007,30.55,30.57817,30.5,30.575634,30.45,30.570612,30.46,30.601187
30.59,30.584965,30.52,30.59493,30.46,30.592455,30.45,30.586916,30.46,30.617592
30.55,30.595339,30.5,30.60492,30.45,30.602158,30.45,30.5966,30.49,30.627264
30.52,30.595095,30.46,30.60442,30.45,30.601269,30.46,30.596218,30.49,30.626446
30.5,30.579475,30.45,30.588673,30.45,30.584387,30.46,30.58032,30.49,30.610056
30.46,30.572832,30.45,30.58191,30.46,30.577068,30.49,30.57343,30.53,30.60309
30.45,30.563097,30.45,30.571915,30.46,30.566355,30.49,30.563475,30.57,30.592926
30.45,30.546293,30.46,30.55494,30.49,30.548538,30.49,30.546635,30.59,30.575842
30.45,30.521246,30.46,30.529722,30.49,30.522182,30.53,30.52153,30.67,30.550571
30.46,30.490341,30.49,30.498758,30.49,30.490171,30.57,30.490967,30.74,30.519648
30.46,30.458782,30.49,30.467337,30.53,30.45782,30.59,30.459755,30.73,30.488335
30.49,30.43177,30.49,30.440632,30.57,30.430513,30.67,30.433126,30.7,30.461765
30.49,30.416208,30.53,30.425468,30.59,30.415295,30.74,30.418049,30.67,30.44677
30.49,30.408474,30.57,30.417925,30.67,30.407827,30.73,30.410624,30.64,30.439434
30.53,30.406565,30.59,30.416273,30.74,30.406681,30.7,30.409424,30.63,30.438023
30.57,30.408285,30.67,30.418163,30.73,30.408955,30.67,30.411327,30.61,30.440145
30.59,30.412987,30.74,30.423021,30.7,30.414347,30.64,30.41641,30.61,30.445168
30.67,30.422804,30.73,30.432922,30.67,30.424963,30.63,30.426607,30.63,30.455301
30.74,30.435963,30.7,30.446272,30.64,30.439083,30.61,30.43993,30.63,30.468817
30.73,30.454924,30.67,30.465282,30.63,30.458914,30.61,30.45889,30.61,30.487936
30.7,30.480501,30.64,30.490913,30.61,30.485682,30.63,30.484644,30.63,30.513666
30.67,30.51155,30.63,30.522055,30.61,30.517801,30.63,30.51518,30.65,30.544704
30.64,30.544529,30.61,30.55495,30.63,30.551428,30.61,30.54736,30.67,30.577288
30.63,30.574213,30.61,30.58435,30.63,30.581387,30.63,30.576468,30.68,30.606367
30.61,30.590345,30.63,30.600063,30.61,30.597054,30.65,30.591908,30.7,30.621819
30.61,30.594782,30.63,30.604242,30.63,30.600937,30.67,30.595968,30.87,30.62574
30.63,30.595781,30.61,30.605099,30.65,30.601429,30.68,30.596523,30.77,30.626383
30.63,30.718977,30.63,30.728405,30.67,30.727291,30.7,30.71366,30.73,30.75038
30.61,30.717432,30.65,30.726627,30.68,30.725172,30.87,30.711973,30.73,30.748453
30.63,30.713516,30.67,30.722631,30.7,30.72083,30.77,30.70785,30.77,30.744394
30.65,30.712898,30.68,30.721857,30.87,30.719677,30.73,30.706608,30.89,30.743715
30.67,30.70278,30.7,30.711437,30.77,30.70875,30.73,30.696571,30.93,30.733395
30.68,30.683252,30.87,30.691847,30.73,30.688671,30.77,30.67753,30.94,30.714018
30.7,30.66464,30.77,30.673483,30.73,30.669882,30.89,30.659082,30.94,30.695808
30.87,30.695017,30.73,30.703875,30.77,30.701946,30.93,30.689169,30.9,30.727545
30.77,30.721643,30.73,30.73061,30.89,30.72994,30.94,30.715544,30.93,30.754877
30.73,30.7903,30.77,30.798906,30.93,30.8011,30.94,30.783337,30.89,30.824877
30.73,30.679554,30.89,30.688158,30.94,30.688526,30.9,30.67894,30.86,30.71354
30.77,30.714817,30.93,30.723318,30.94,30.724268,30.93,30.71264,30.88,30.748545
30.89,30.73957,30.94,30.747719,30.9,30.749334,30.89,30.737534,30.86,30.77266
30.93,30.740217,30.94,30.747923,30.93,30.74919,30.86,30.738056,30.86,30.772621
30.94,30.814333,30.9,30.82215,30.89,30.825895,30.88,30.809824,30.39,30.848238
30.94,30.908943,30.93,30.916948,30.86,30.924028,30.86,30.901983,30.93,30.944508
30.9,31.016033,30.89,31.023903,30.88,31.034517,30.86,31.006441,30.95,31.052795
30.93,31.030704,30.86,31.038757,30.86,31.049202,30.39,31.020506,31.03,31.066319
30.89,31.045572,30.88,31.05339,30.86,31.063667,30.93,31.03479,31.02,31.080097
30.86,31.015068,30.86,31.022913,30.39,31.031366,30.95,31.004366,31.04,31.04814
30.88,31.098131,30.86,31.105352,30.93,31.115631,31.03,31.084442,31.1,31.131296
30.86,31.099712,30.39,31.106794,30.95,31.117039,31.02,31.08604,31.04,31.132797
30.86,31.159079,30.93,31.16616,31.03,31.177948,31.04,31.142977,30.92,31.193045
30.39,31.24839,30.95,31.2558,31.02,31.270199,31.1,31.22959,30.9,31.283249
30.93,31.179163,31.03,31.18606,31.04,31.198107,31.04,31.162592,30.91,31.212603
30.95,31.124859,31.02,31.131302,31.1,31.141083,30.92,31.109594,31.11,31.15698
31.03,31.020678,31.04,31.025452,31.04,31.030455,30.9,31.006916,31.74,31.050045
31.02,30.95117,31.1,30.95667,30.92,30.961355,30.91,30.941494,31.87,30.98186
31.04,30.92548,31.04,30.931776,30.9,30.935024,31.11,30.913052,31.43,30.957455
31.1,30.940966,30.92,30.948524,30.91,30.95355,31.74,30.930357,31.43,30.973568
31.04,30.915934,30.9,30.923054,31.11,30.927095,31.87,30.906551,31.44,30.94693
30.92,30.927307,30.91,30.934467,31.74,30.939077,31.43,30.918457,31.55,30.957989
30.9,30.894144,31.11,30.901632,31.87,30.904873,31.43,30.885939,31.75,30.923779
30.91,30.880949,31.74,30.888197,31.43,30.890789,31.44,30.873161,32.35,30.909876
31.11,30.925726,31.87,30.932219,31.43,30.936049,31.55,30.917236,32.51,30.954433
31.74,31.004362,31.43,31.011023,31.44,31.016201,31.75,30.991972,32.44,31.032984
31.87,31.017385,31.43,31.025446,31.55,31.03202,32.35,31.005432,32.35,31.047457
31.43,31.072535,31.44,31.080032,31.75,31.087223,32.51,31.057323,32.52,31.102184
31.43,31.14929,31.55,31.158014,32.35,31.16983,32.44,31.136724,32.93,31.179672
31.44,31.2783,31.75,31.287363,32.51,31.301529,32.35,31.259079,33.41,31.308525
31.55,31.4022,32.35,31.410429,32.44,31.427107,32.52,31.379797,33.8,31.430283
31.75,31.485044,32.51,31.491453,32.35,31.510305,32.93,31.461979,33.68,31.511612
32.35,31.508953,32.44,31.514528,32.52,31.532677,33.41,31.482943,33.7,31.534966
32.51,31.559153,32.35,31.565441,32.93,31.585045,33.8,31.531445,33.86,31.585705
32.44,31.584251,32.52,31.590801,33.41,31.611614,33.68,31.556664,33.37,31.610449
32.35,31.699184,32.93,31.705984,33.8,31.734207,33.7,31.67449,33.24,31.727928
32.52,31.941933,33.41,31.94944,33.68,31.984316,33.86,31.910288,33.36,31.96892
32.93,32.179207,33.8,32.185516,33.7,32.22561,33.37,32.14113,33.47,32.201633
33.41,32.301243,33.68,32.302948,33.86,32.343422,33.24,32.259125,33.39,32.31773
33.8,32.49289,33.7,32.492214,33.37,32.535355,33.36,32.443275,33.48,32.504707
33.68,32.51112,33.86,32.51225,33.24,32.555973,33.47,32.4597,33.75,32.523827
33.7,32.689545,33.37,32.691444,33.36,32.74047,33.39,32.632366,33.61,32.69999
33.86,33.080196,33.24,33.078228,33.47,33.14311,33.48,33.019394,33.53,33.087383
33.37,33.276608,33.36,33.270206,33.39,33.341118,33.75,33.21447,33.29,33.27693
33.24,33.48368,33.47,33.473804,33.48,33.549114,33.61,33.416237,33.31,33.476093
33.36,33.46879,33.39,33.456295,33.75,33.527004,33.53,33.39937,33.36,33.455677
33.47,33.467865,33.48,33.454178,33.61,33.518177,33.29,33.392498,33.2,33.447308
33.39,33.436657,33.75,33.42285,33.53,33.483093,33.31,33.360367,33.33,33.413776
33.48,33.444107,33.61,33.431545,33.29,33.48966,33.36,33.36381,33.53,33.420185
33.75,33.300945,33.53,33.285553,33.31,33.33773,33.2,33.223423,33.48,33.278004
33.61,33.530556,33.29,33.514153,33.36,33.570675,33.33,33.442116,33.52,33.502228
33.53,33.708378,33.31,33.691463,33.2,33.750328,33.53,33.60969,33.59,33.675446
33.29,33.763103,33.36,33.74749,33.33,33.8042,33.48,33.657223,33.44,33.72688
33.31,33.770195,33.2,33.755535,33.53,33.810486,33.52,33.660297,33.64,33.734097
33.36,33.768913,33.33,33.75491,33.48,33.80863,33.59,33.657013,34.12,33.732872
33.2,33.777462,33.53,33.763176,33.52,33.81579,33.44,33.66326,34.31,33.740475
33.33,33.728725,33.48,33.71523,33.59,33.76874,33.64,33.619194,34.32,33.695053
33.53,33.73296,33.52,33.72051,33.44,33.77354,34.12,33.620533,34.26,33.70057
33.48,33.849857,33.59,33.837322,33.64,33.893707,34.31,33.73313,34.33,33.815758
33.52,33.857292,33.44,33.84383,34.12,33.902378,34.32,33.743507,34.41,33.8242
33.59,33.73795,33.64,33.724846,34.31,33.779446,34.26,33.62883,34.63,33.70631
33.44,33.593113,34.12,33.579193,34.32,33.62849,34.33,33.489304,34.88,33.56188
33.64,33.381084,34.31,33.364513,34.26,33.408024,34.41,33.28782,34.36,33.35108
34.12,33.539574,34.32,33.525772,34.33,33.574825,34.63,33.44119,35.1,33.508396
34.31,33.82194,34.26,33.811123,34.41,33.867683,34.88,33.709385,35.24,33.787426
34.32,33.966743,34.33,33.956127,34.63,34.018703,34.36,33.84952,35.31,33.932346
34.26,34.17741,34.41,34.166893,34.88,34.237564,35.1,34.051712,35.24,34.14316
34.33,34.503036,34.63,34.49169,34.36,34.574146,35.24,34.364426,35.18,34.464886
34.41,34.688953,34.88,34.67675,35.1,34.76724,35.31,34.54453,35.23,34.64938
34.63,34.838573,34.36,34.82571,35.24,34.921406,35.24,34.687706,35.21,34.797012
34.88,35.019894,35.1,35.004936,35.31,35.10794,35.18,34.862175,35.2,34.975655
34.36,35.20149,35.24,35.18498,35.24,35.297173,35.23,35.037334,35.15,35.15787
35.1,35.49788,35.31,35.478302,35.18,35.605072,35.21,35.32267,35.11,35.4536
35.24,35.406227,35.24,35.38846,35.23,35.509148,35.2,35.233772,34.94,35.359753
35.31,35.362724,35.18,35.34187,35.21,35.45835,35.15,35.191315,34.86,35.31241
35.24,35.30422,35.23,35.28531,35.2,35.400517,35.11,35.138466,34.83,35.254078
35.18,35.346657,35.21,35.327995,35.15,35.442528,34.94,35.1755,34.65,35.294754
35.23,35.31605,35.2,35.296436,35.11,35.406963,34.86,35.14615,34.54,35.258823
35.21,35.261528,35.15,35.24206,34.94,35.348434,34.83,35.09283,34.52,35.20253
35.2,35.2833,35.11,35.264515,34.86,35.370586,34.65,35.11301,34.6,35.22276
35.15,35.2812,34.94,35.2604,34.83,35.36524,34.54,35.109516,34.55,35.219803
35.11,35.272793,34.86,35.25026,34.65,35.353237,34.52,35.0998,34.44,35.209934
34.94,35.155773,34.83,35.131565,34.54,35.22579,34.6,34.984108,34.22,35.08844
34.86,35.11716,34.65,35.092224,34.52,35.182182,34.55,34.94506,33.99,35.0462
34.83,35.039898,34.54,35.015953,34.6,35.10163,34.44,34.87057,33.92,34.968098
34.65,35.031628,34.52,35.00664,34.55,35.087128,34.22,34.856266,34.07,34.95586
34.54,34.962635,34.6,34.937504,34.44,35.01514,33.99,34.79243,34.26,34.885857
34.52,34.84791,34.55,34.824196,34.22,34.896683,33.92,34.680164,34.18,34.77391
34.6,34.86085,34.44,34.83895,33.99,34.911236,34.07,34.690575,34.03,34.78719
34.55,34.79759,34.22,34.77626,33.92,34.846188,34.26,34.629883,33.82,34.72487
34.44,34.635357,33.99,34.613144,34.07,34.676254,34.18,34.474716,33.73,34.562965
34.22,34.52273,33.92,34.50026,34.26,34.559185,34.03,34.367447,33.99,34.451042
33.99,34.524902,34.07,34.503204,34.18,34.562836,33.82,34.368855,33.77,34.455544
33.92,34.456738,34.26,34.434746,34.03,34.492245,33.73,34.303673,33.55,34.388683
34.07,34.373466,34.18,34.35083,33.82,34.40587,33.99,34.223984,33.47,34.30737
34.26,34.28145,34.03,34.2594,33.73,34.311756,33.77,34.1357,33.44,34.21748
34.18,34.09623,33.82,34.073566,33.99,34.119896,33.55,33.958218,33.32,34.034115
34.03,33.9423,33.73,33.919453,33.77,33.962067,33.47,33.812138,33.21,33.882786
33.82,33.776894,33.99,33.75449,33.55,33.79282,33.44,33.6555,33.26,33.719913
33.73,33.727985,33.77,33.705154,33.47,33.743267,33.32,33.610294,33.54,33.67241
33.99,33.725986,33.55,33.703037,33.44,33.74231,33.21,33.610294,33.95,33.671165
33.77,33.61795,33.47,33.594204,33.32,33.63053,33.26,33.5071,34.37,33.564022
33.55,33.456326,33.44,33.432365,33.21,33.464436,33.54,33.35267,34.71,33.404213
33.47,33.391838,33.32,33.369595,33.26,33.401245,33.95,33.290905,34.65,33.34353
33.44,33.451183,33.21,33.430187,33.54,33.463337,34.37,33.34541,34.7,33.403854
33.32,33.40772,33.26,33.38628,33.95,33.419506,34.71,33.305824,38.0,33.361366
33.21,33.37807,33.54,33.356926,34.37,33.390324,34.65,33.278267,37.86,33.33327
33.26,33.40625,33.95,33.38601,34.71,33.419975,34.7,33.303917,37.33,33.361973
33.54,33.499584,34.37,33.48138,34.65,33.51804,38.0,33.3922,34.64,33.454914
33.95,33.65531,34.71,33.64203,34.7,33.684486,37.86,33.54188,34.47,33.61093
34.37,33.88407,34.65,33.8765,38.0,33.926304,37.33,33.75989,34.47,33.838856
34.71,34.143032,34.7,34.13763,37.86,34.197994,34.64,34.008884,34.65,34.09843
34.65,34.318314,38.0,34.312397,37.33,34.38189,34.47,34.178967,34.91,34.276478
34.7,34.506622,37.86,34.498928,34.64,34.578117,34.47,34.362762,34.08,34.465973
38.0,34.70126,37.33,34.691708,34.47,34.78223,34.65,34.554256,35.0,34.661953
37.86,34.899178,34.64,34.88796,34.47,34.98814,34.91,34.74681,34.67,34.860207
37.33,35.189167,34.47,35.17364,34.65,35.2896,34.08,35.032852,34.71,35.14751
34.64,35.33957,34.47,35.32762,34.91,35.464725,35.0,35.196373,34.78,35.302002
34.47,35.60892,34.65,35.600754,34.08,35.74732,34.67,35.448753,34.88,35.558453
34.47,35.843525,34.91,35.83001,35.0,35.986782,34.71,35.674683,34.87,35.781696
34.65,35.88228,34.08,35.859688,34.67,36.011147,34.78,35.703957,34.84,35.81187
34.91,35.713085,35.0,35.68552,34.71,35.82384,34.88,35.538452,35.01,35.63978
34.08,35.446857,34.67,35.430824,34.78,35.54589,34.87,35.26351,35.07,35.37308
35.0,35.47109,34.71,35.466133,34.88,35.571712,34.84,35.265026,35.02,35.390244
34.67,35.22703,34.78,35.219543,34.87,35.31012,35.01,35.030785,35.05,35.14579
34.71,35.25477,34.88,35.25006,34.84,35.339333,35.07,35.052967,35.01,35.17223
34.78,35.26781,34.87,35.267754,35.01,35.357475,35.02,35.065105,34.9,35.186035
34.88,35.261753,34.84,35.25498,35.07,35.32987,35.05,35.042374,34.79,35.16933
34.87,35.140133,35.01,35.126785,35.02,35.20166,35.01,34.93941,34.75,35.053787
34.84,34.985516,35.07,34.974716,35.05,35.042137,34.9,34.786022,34.65,34.905323
35.01,34.884808,35.02,34.879215,35.01,34.946335,34.79,34.692375,34.57,34.81105
35.07,34.985424,35.05,34.98265,34.9,35.055115,34.75,34.78594,34.55,34.915188
35.02,35.143726,35.01,35.134724,34.79,35.220028,34.65,34.95344,34.5,35.072624
35.05,35.127926,34.9,35.108994,34.75,35.201805,34.57,34.95339,34.39,35.063404
35.01,35.267895,34.79,35.24668,34.65,35.346565,34.55,35.08793,34.31,35.20419
34.9,35.284237,34.75,35.262943,34.57,35.3645,34.5,35.10505,34.19,35.2212
34.79,35.26927,34.65,35.246975,34.55,35.34488,34.39,35.08657,34.14,35.204243
34.75,35.34559,34.57,35.32318,34.5,35.428574,34.31,35.166748,34.09,35.282665
34.65,35.319122,34.55,35.29758,34.39,35.400364,34.19,35.137394,34.21,35.25759
34.57,35.198654,34.5,35.17742,34.31,35.271736,34.14,35.01945,34.3,35.13336
34.55,35.037884,34.39,35.017174,34.19,35.103138,34.09,34.864727,34.3,34.970947
34.5,34.907333,34.31,34.8866,34.14,34.96529,34.21,34.73818,34.05,34.838604
34.39,34.863194,34.19,34.842724,34.09,34.919163,34.3,34.694874,33.83,34.79482
34.31,34.658817,34.14,34.636257,34.21,34.703136,34.3,34.49838,33.67,34.58957
34.19,34.48142,34.09,34.457638,34.3,34.51706,34.05,34.328903,33.52,34.41183
34.14,34.237434,34.21,34.21128,34.3,34.26077,33.83,34.09485,33.57,34.16826
34.09,34.093678,34.3,34.067146,34.05,34.11149,33.67,33.957245,33.37,34.02533
34.21,34.2219,34.3,34.20516,33.83,34.253372,33.52,34.079628,33.06,34.151993
34.3,34.205486,34.05,34.1896,33.67,34.23791,33.57,34.06392,33.99,34.136242
34.3,34.233887,33.83,34.218567,33.52,34.2693,33.37,34.090797,32.83,34.167377
34.05,34.202602,33.67,34.186802,33.57,34.238308,33.06,34.06246,32.71,34.13883
33.83,34.193626,33.52,34.177532,33.37,34.23046,33.99,34.055317,32.54,34.13233
33.67,34.19463,33.57,34.17829,33.06,34.23226,32.83,34.057083,32.44,34.134663
33.52,34.17704,33.37,34.159733,33.99,34.213425,32.71,34.040474,32.28,34.117622
33.57,34.10466,33.06,34.08627,32.83,34.13851,32.54,33.97217,32.23,34.04692
33.37,33.99482,33.99,33.975872,32.71,34.025257,32.44,33.86675,32.11,33.93973
33.06,33.880962,32.83,33.861805,32.54,33.90758,32.28,33.756683,31.93,33.82752
33.99,33.501343,32.71,33.479313,32.44,33.514072,32.23,33.39331,31.93,33.452797
32.83,33.236183,32.54,33.213997,32.28,33.239834,32.11,33.137016,31.88,33.1895
32.71,33.039722,32.44,33.017284,32.23,33.03746,31.93,32.948563,31.82,32.993923
32.54,32.946712,32.28,32.92731,32.11,32.94819,31.93,32.861435,31.79,32.906166
32.44,32.883774,32.23,32.863266,31.93,32.87652,31.88,32.790203,31.75,32.840126
32.28,32.742546,32.11,32.72101,31.93,32.733784,31.82,32.661278,31.75,32.700264
32.23,32.477108,31.93,32.45664,31.88,32.46208,31.79,32.400993,31.75,32.43972
32.11,32.282307,31.93,32.265083,31.82,32.26464,31.75,32.20879,31.7,32.24854
31.93,32.163124,31.88,32.147476,31.79,32.145123,31.75,32.09351,31.61,32.132614
31.93,32.063175,31.82,32.049427,31.75,32.046356,31.75,31.997995,31.55,32.036156
31.88,31.956255,31.79,31.943722,31.75,31.93855,31.7,31.893833,31.49,31.93166
31.82,31.835443,31.75,31.824131,31.75,31.817554,31.61,31.778034,31.43,31.813831
31.79,31.720556,31.75,31.711803,31.7,31.703848,31.55,31.666332,31.44,31.70315
31.75,31.599335,31.75,31.58885,31.61,31.576777,31.49,31.546803,31.45,31.58188
31.75,31.467094,31.7,31.459143,31.55,31.45093,31.43,31.428043,31.44,31.457432
31.75,31.36733,31.61,31.361967,31.49,31.35089,31.44,31.325882,31.4,31.361856
31.7,31.360182,31.55,31.357235,31.43,31.34889,31.45,31.322742,31.37,31.357496
31.61,31.37782,31.49,31.375126,31.44,31.36953,31.44,31.34128,31.35,31.378006
31.55,31.35633,31.43,31.354736,31.45,31.350328,31.4,31.321922,31.31,31.35862
31.49,31.341455,31.44,31.340477,31.44,31.336702,31.37,31.308142,31.25,31.345064
31.43,31.323395,31.45,31.322786,31.4,31.319784,31.35,31.292034,31.2,31.328176
31.44,31.300632,31.44,31.300655,31.37,31.298126,31.31,31.270746,31.15,31.306814
31.45,31.276016,31.4,31.276388,31.35,31.273582,31.25,31.246735,31.1,31.283016
31.44,31.251183,31.37,31.251715,31.31,31.249083,31.2,31.22364,31.05,31.258982
31.4,31.219194,31.35,31.220028,31.25,31.217293,31.15,31.193026,31.04,31.2281
31.37,31.189804,31.31,31.19116,31.2,31.188221,31.1,31.164577,31.03,31.199766
31.35,31.173195,31.25,31.174994,31.15,31.172293,31.05,31.14894,31.05,31.184044
31.31,31.15676,31.2,31.158691,31.1,31.155949,31.04,31.133228,31.05,31.16815
31.25,31.131224,31.15,31.13321,31.05,31.13019,31.03,31.108797,31.04,31.143137
31.2,31.099148,31.1,31.101324,31.04,31.09794,31.05,31.077879,31.04,31.111828
31.15,31.070175,31.05,31.07279,31.03,31.069118,31.05,31.049814,31.03,31.083773
31.1,31.050304,31.04,31.053236,31.05,31.049477,31.04,31.03067,31.03,31.0646
31.05,31.034418,31.03,31.037567,31.05,31.033907,31.04,31.015715,31.01,31.049334
31.04,31.016222,31.05,31.019585,31.04,31.015825,31.03,30.99821,31.0,31.031729
31.03,30.99307,31.05,30.996525,31.04,30.992285,31.03,30.975603,30.98,31.008955
31.05,30.962523,31.04,30.965958,31.03,30.96111,31.01,30.946022,30.98,30.978771
31.05,30.923397,31.04,30.926943,31.03,30.921366,31.0,30.908022,30.96,30.940283
31.04,30.884169,31.03,30.888063,31.01,30.881847,30.98,30.869823,30.95,30.901924
31.04,30.85583,31.03,30.8602,31.0,30.853813,30.98,30.84249,30.95,30.874535
31.03,30.837843,31.01,30.842556,30.98,30.836227,30.96,30.825302,30.91,30.857302
31.03,30.824415,31.0,30.829395,30.98,30.823326,30.95,30.812805,30.86,30.844557
31.01,30.81365,30.98,30.818933,30.96,30.813185,30.95,30.802828,30.89,30.8345
31.0,30.806793,30.98,30.812374,30.95,30.806957,30.91,30.79652,30.82,30.828266
30.98,30.806282,30.96,30.812143,30.95,30.807251,30.86,30.796564,30.82,30.828293
30.98,30.809134,30.95,30.815168,30.91,30.810768,30.89,30.799751,30.81,30.831532
30.96,30.813557,30.95,30.819782,30.86,30.815878,30.82,30.804468,30.81,30.836296
30.95,30.817657,30.91,30.823923,30.89,30.820272,30.82,30.80861,30.81,30.840506
30.95,30.819376,30.86,30.825697,30.82,30.822277,30.81,30.810568,30.75,30.842348
30.91,30.815962,30.89,30.822184,30.82,30.818605,30.81,30.807117,30.75,30.838886
30.86,30.80713,30.82,30.81333,30.81,30.809578,30.81,30.798635,30.81,30.830116
30.89,30.796497,30.82,30.80276,30.81,30.798752,30.75,30.788176,30.83,30.819654
30.82,30.784655,30.81,30.790947,30.81,30.786543,30.75,30.776396,30.83,30.807888
30.82,30.771378,30.81,30.77758,30.75,30.772858,30.81,30.763521,30.83,30.794657
30.81,30.755234,30.81,30.761553,30.75,30.756538,30.83,30.747845,30.83,30.778809
30.81,30.737003,30.75,30.74335,30.81,30.73776,30.83,30.729702,30.83,30.760746
30.81,30.721241,30.75,30.727707,30.83,30.721964,30.83,30.714645,30.82,30.745287
30.75,30.706106,30.81,30.712673,30.83,30.706669,30.83,30.699823,30.8,30.730492
30.75,30.69137,30.83,30.698112,30.83,30.691923,30.83,30.68554,30.75,30.716114
30.81,30.68165,30.83,30.688578,30.83,30.682373,30.82,30.676237,30.74,30.706749
30.83,30.669842,30.83,30.676756,30.83,30.670269,30.8,30.664623,30.74,30.69508
30.83,30.654514,30.83,30.661444,30.82,30.65483,30.75,30.65006,30.73,30.68002
30.83,30.640957,30.83,30.648172,30.8,30.64165,30.74,30.637136,30.69,30.667082
30.83,30.637985,30.82,30.645674,30.75,30.639425,30.74,30.634266,30.67,30.664728
30.83,30.647034,30.8,30.654797,30.74,30.649038,30.73,30.643394,30.65,30.6739
30.82,30.658628,30.75,30.666483,30.74,30.66151,30.69,30.655474,30.53,30.685719
30.8,30.664598,30.74,30.67247,30.73,30.667645,30.67,30.66114,30.53,30.691753
30.75,30.670532,30.74,30.67849,30.69,30.673994,30.65,30.66721,30.53,30.697737
30.74,30.677076,30.73,30.684954,30.67,30.680603,30.53,30.673607,30.48,30.704195
30.74,30.677345,30.69,30.685144,30.65,30.680752,30.53,30.673872,30.43,30.704363
30.73,30.675953,30.67,30.683743,30.53,30.679312,30.53,30.672543,30.41,30.702969
30.69,30.67346,30.65,30.681267,30.53,30.676668,30.48,30.669905,30.38,30.70046
30.67,30.669052,30.53,30.676743,30.53,30.671846,30.43,30.66543,30.35,30.695885
30.65,30.659681,30.53,30.667238,30.48,30.662,30.41,30.65626,30.3,30.686409
30.53,30.642677,30.53,30.650146,30.43,30.644276,30.38,30.639357,30.3,30.669386
30.53,30.62269,30.48,30.630188,30.41,30.62374,30.35,30.619719,30.34,30.649529
30.53,30.603668,30.43,30.61126,30.38,30.604235,30.3,30.600895,30.35,30.630676
30.48,30.579275,30.41,30.586685,30.35,30.578773,30.3,30.576715,30.35,30.606215
30.43,30.549816,30.38,30.557247,30.3,30.54877,30.34,30.548235,30.38,30.577053
30.41,30.51833,30.35,30.526007,30.3,30.516727,30.35,30.517048,30.39,30.546055
30.38,30.493532,30.3,30.501625,30.34,30.491838,30.35,30.492634,30.39,30.521755
30.35,30.476393,30.3,30.48461,30.35,30.474499,30.38,30.475863,30.39,30.504883
30.3,30.454641,30.34,30.46297,30.35,30.452442,30.39,30.454655,30.45,30.48342
30.3,30.427324,30.35,30.435827,30.38,30.424654,30.39,30.427782,30.47,30.45645
30.34,30.399267,30.35,30.408085,30.39,30.39636,30.39,30.40026,30.45,30.42887
30.35,30.37254,30.38,30.381573,30.39,30.36926,30.45,30.373962,30.43,30.402544
30.35,30.34646,30.39,30.35572,30.39,30.343151,30.47,30.348799,30.43,30.377014
30.38,30.328949,30.39,30.338837,30.45,30.326551,30.45,30.332172,30.43,30.360518
30.39,30.322325,30.39,30.332653,30.47,30.320553,30.43,30.32563,30.43,30.354557
30.39,30.325712,30.45,30.336163,30.45,30.32478,30.43,30.329882,30.45,30.358334
30.39,30.329119,30.47,30.339642,30.43,30.328934,30.43,30.33395,30.45,30.362194
30.45,30.328598,30.45,30.339415,30.43,30.32906,30.43,30.333614,30.45,30.362162
30.47,30.33584,30.43,30.346827,30.43,30.337046,30.45,30.341139,30.45,30.36972
30.45,30.347057,30.43,30.358027,30.43,30.348946,30.45,30.35273,30.45,30.381126
30.43,30.358393,30.43,30.369495,30.45,30.361166,30.45,30.364376,30.43,30.39281
30.43,30.375547,30.43,30.386856,30.45,30.379301,30.45,30.381443,30.39,30.410255
30.43,30.398829,30.45,30.41009,30.45,30.403254,30.45,30.404482,30.93,30.433449
30.43,30.417856,30.45,30.42874,30.45,30.422338,30.43,30.423378,30.35,30.452044
30.45,30.424196,30.45,30.4348,30.45,30.42841,30.39,30.429634,30.31,30.45806
30.45,30.42248,30.45,30.433043,30.43,30.426342,30.93,30.427593,30.33,30.456163
30.45,30.42133,30.45,30.43183,30.39,30.424873,30.35,30.426197,30.39,30.45483
30.45,30.423193,30.43,30.43365,30.93,30.426697,30.31,30.42807,30.34,30.456604
30.45,30.424862,30.39,30.435276,30.35,30.428265,30.33,30.429523,30.45,30.458181
30.43,30.429277,30.93,30.439705,30.31,30.432766,30.39,30.433792,30.39,30.462587
30.39,30.43146,30.35,30.44171,30.33,30.434582,30.34,30.435705,30.35,30.464489
30.93,30.428303,30.31,30.43842,30.39,30.431084,30.45,30.43262,30.33,30.461143
30.35,30.421007,30.33,30.431091,30.34,30.423391,30.39,30.425186,30.35,30.453773
30.31,30.410347,30.39,30.42023,30.45,30.412403,30.35,30.415005,30.35,30.443178
30.33,30.431314,30.34,30.442673,30.39,30.43682,30.33,30.436821,30.35,30.465727
30.39,30.46078,30.45,30.471285,30.35,30.464182,30.35,30.462402,30.38,30.49367
30.34,30.47783,30.39,30.487617,30.33,30.4818,30.35,30.482164,30.38,30.509823
30.45,30.455051,30.35,30.464018,30.35,30.456615,30.35,30.458303,30.38,30.486506
30.39,30.404112,30.33,30.414167,30.35,30.405079,30.38,30.40729,30.39,30.436068
30.35,30.39568,30.35,30.405771,30.35,30.396393,30.38,30.398832,30.39,30.427664
30.33,30.396809,30.35,30.407194,30.38,30.398365,30.38,30.400623,30.36,30.429216
30.35,30.398407,30.35,30.408749,30.38,30.399765,30.39,30.4017,30.35,30.430796
30.35,30.397509,30.38,30.407839,30.38,30.399029,30.39,30.40131,30.35,30.42989
30.35,30.397285,30.38,30.407755,30.39,30.398699,30.36,30.40063,30.35,30.42963
30.38,30.363207,30.38,30.372421,30.39,30.361084,30.35,30.365898,30.35,30.394165
30.38,30.328735,30.39,30.338928,30.36,30.328726,30.35,30.33529,30.35,30.361347
30.38,30.308353,30.39,30.319307,30.35,30.307858,30.35,30.312408,30.36,30.341951
30.39,30.326134,30.36,30.337982,30.35,30.328085,30.35,30.331463,30.36,30.36042
30.39,30.372877,30.35,30.383707,30.35,30.375458,30.35,30.378344,30.35,30.406849
30.36,30.376284,30.35,30.387144,30.35,30.379095,30.36,30.381948,30.35,30.410267
30.35,30.37173,30.35,30.38235,30.35,30.373758,30.36,30.376865,30.35,30.405416
30.35,30.36671,30.35,30.377445,30.36,30.368963,30.35,30.372429,30.35,30.400515
30.35,30.36408,30.35,30.374828,30.36,30.36614,30.35,30.36944,30.36,30.397951
30.35,30.363834,30.36,30.374777,30.35,30.366182,30.35,30.36931,30.37,30.397835
30.35,30.369816,30.36,30.380627,30.35,30.372204,30.35,30.375233,30.38,30.403728
30.36,30.370659,30.35,30.381433,30.35,30.373043,30.36,30.376146,30.38,30.404533
30.36,30.369755,30.35,30.380527,30.35,30.372044,30.37,30.37516,30.38,30.4036
30.35,30.367027,30.35,30.377747,30.36,30.369091,30.38,30.372362,30.41,30.400785
30.35,30.364367,30.35,30.375082,30.37,30.366386,30.38,30.36983,30.41,30.398136
30.35,30.360899,30.36,30.371653,30.38,30.362791,30.38,30.366264,30.41,30.394686
30.35,30.357502,30.37,30.368263,30.38,30.35927,30.41,30.362867,30.35,30.391273
30.36,30.354687,30.38,30.365425,30.38,30.356392,30.41,30.360197,30.35,30.388475
30.37,30.351551,30.38,30.362373,30.41,30.353344,30.41,30.35715,30.36,30.385471
30.38,30.350973,30.38,30.361898,30.41,30.352903,30.35,30.356562,30.37,30.38502
30.38,30.354351,30.41,30.365307,30.41,30.356535,30.35,30.360044,30.38,30.388466
30.38,30.358763,30.41,30.369705,30.35,30.361132,30.36,30.36449,30.38,30.39291
30.41,30.362448,30.41,30.37341,30.35,30.364996,30.37,30.368189,30.38,30.396635
30.41,30.366423,30.35,30.377365,30.36,30.36908,30.38,30.372112,30.41,30.400587
30.41,30.3694,30.35,30.380281,30.37,30.372059,30.38,30.37508,30.41,30.403503
30.35,30.37228,30.36,30.383186,30.38,30.375126,30.38,30.378042,30.41,30.406427
30.35,30.376251,30.37,30.38718,30.38,30.379227,30.41,30.381863,30.36,30.410423
30.36,30.506033,30.38,30.517199,30.38,30.512392,30.41,30.506105,30.35,30.54121
30.37,30.516205,30.38,30.527115,30.41,30.522503,30.41,30.515968,30.33,30.551308
30.38,30.514717,30.38,30.525528,30.41,30.520824,30.36,30.514606,30.33,30.549683
30.38,30.509422,30.41,30.520218,30.41,30.51521,30.35,30.509123,30.32,30.544352
30.38,30.505829,30.41,30.516705,30.36,30.511555,30.33,30.505495,30.28,30.54079
30.41,30.505829,30.41,30.516705,30.35,30.511553,30.33,30.505491,30.28,30.54079
30.41,30.505829,30.36,30.516705,30.33,30.511555,30.32,30.505493,30.28,30.54079
30.41,30.5075,30.35,30.518356,30.33,30.513292,30.28,30.507137,30.28,30.542519
30.36,30.516335,30.33,30.52715,30.32,30.522503,30.28,30.51586,30.3,30.551697
30.35,30.516336,30.33,30.527151,30.28,30.522503,30.28,30.51586,30.33,30.551699
30.33,30.400776,30.32,30.411283,30.28,30.404175,30.28,30.405758,30.31,30.435553
30.33,30.396545,30.28,30.407127,30.28,30.399803,30.3,30.401585,30.26,30.431152
30.32,30.397295,30.28,30.40787,30.28,30.400524,30.33,30.40224,30.25,30.431871
30.28,30.396553,30.28,30.407043,30.3,30.3996,30.31,30.401457,30.25,30.431017
30.28,30.405746,30.28,30.416079,30.33,30.409138,30.26,30.41055,30.25,30.440722
30.28,30.398615,30.3,30.40894,30.31,30.401665,30.25,30.403326,30.28,30.433533
30.28,30.3891,30.33,30.399387,30.26,30.391714,30.25,30.393824,30.29,30.423946
30.3,30.395582,30.31,30.405733,30.25,30.398592,30.25,30.400257,30.29,30.43113
30.33,30.376408,30.26,30.386625,30.25,30.378677,30.28,30.381111,30.32,30.411718
30.31,30.363932,30.25,30.374243,30.25,30.36605,30.29,30.368942,30.35,30.399412
30.26,30.342224,30.25,30.352709,30.28,30.343796,30.29,30.347593,30.35,30.37746
30.25,30.33686,30.25,30.347689,30.29,30.338968,30.32,30.342567,30.37,30.372553
30.25,30.339195,30.28,30.350172,30.29,30.341616,30.35,30.344812,30.37,30.375092
30.25,30.343225,30.29,30.354153,30.32,30.345852,30.35,30.349089,30.43,30.379112
30.28,30.329247,30.29,30.340149,30.35,30.331142,30.37,30.335356,30.48,30.364473
30.29,30.320448,30.32,30.33141,30.35,30.322195,30.37,30.326681,30.5,30.355787
30.29,30.31471,30.35,30.325853,30.37,30.316652,30.43,30.321136,30.57,30.350304
30.32,30.299488,30.35,30.310944,30.37,30.301065,30.48,30.306143,30.57,30.33455
30.35,30.305313,30.37,30.316833,30.43,30.307291,30.5,30.312067,30.57,30.340511
30.35,30.311192,30.37,30.322672,30.48,30.313385,30.57,30.318026,30.57,30.346376
30.37,30.316025,30.43,30.327478,30.5,30.318413,30.57,30.3229,30.6,30.351261
30.37,30.318804,30.48,30.330221,30.57,30.321264,30.57,30.325645,30.65,30.354048
30.43,30.322277,30.5,30.333693,30.57,30.324957,30.57,30.329233,30.63,30.357616
30.48,30.329863,30.57,30.34142,30.57,30.333122,30.6,30.336906,30.67,30.365435
30.5,30.3442,30.57,30.355764,30.57,30.348024,30.65,30.351057,30.54,30.379961
30.57,30.417368,30.57,30.42862,30.6,30.4242,30.63,30.423536,30.54,30.455042
30.57,30.441391,30.57,30.452627,30.65,30.448997,30.67,30.447226,30.53,30.479109
30.57,30.474762,30.6,30.48583,30.63,30.483307,30.54,30.480106,30.53,30.512629
30.57,30.50007,30.65,30.511068,30.67,30.509317,30.54,30.505287,30.53,30.537724
30.6,30.536545,30.63,30.54736,30.54,30.546555,30.53,30.540766,30.52,30.574238
30.65,30.615381,30.67,30.625654,30.54,30.627556,30.53,30.618093,30.52,30.654047
30.63,30.641241,30.54,30.651157,30.53,30.653435,30.53,30.643175,30.52,30.679415
30.67,30.689056,30.54,30.698597,30.53,30.702463,30.52,30.689943,30.54,30.727823
30.54,30.713335,30.53,30.72285,30.53,30.72715,30.52,30.713255,30.54,30.75197
30.54,30.77282,30.53,30.781914,30.52,30.788061,30.52,30.771366,30.55,30.811954
30.53,30.720125,30.53,30.729141,30.52,30.732925,30.54,30.720074,30.55,30.757208
30.53,30.728636,30.52,30.736958,30.52,30.740068,30.54,30.727596,30.55,30.764637
30.53,30.710327,30.52,30.718338,30.54,30.720419,30.55,30.70968,30.6,30.74543
30.52,30.690248,30.52,30.697954,30.54,30.698723,30.55,30.688963,30.65,30.724913
30.52,30.657146,30.54,30.664991,30.55,30.66452,30.55,30.656382,30.65,30.691431
30.52,30.584341,30.54,30.592505,30.55,30.589231,30.6,30.584871,30.67,30.61727
30.54,30.571466,30.55,30.579763,30.55,30.576038,30.65,30.57215,30.67,30.604368
30.54,30.53546,30.55,30.544115,30.6,30.53872,30.65,30.536507,30.68,30.567356
30.55,30.519321,30.55,30.527863,30.65,30.521837,30.67,30.520624,30.7,30.550926
30.55,30.478113,30.6,30.487202,30.65,30.479553,30.67,30.48,30.68,30.509
30.55,30.464478,30.65,30.473558,30.67,30.465448,30.68,30.466364,30.65,30.495455
30.6,30.461155,30.65,30.470663,30.67,30.46308,30.7,30.463797,30.65,30.492764
30.65,30.46693,30.67,30.476568,30.68,30.4692,30.68,30.469173,30.67,30.498806
30.65,30.49161,30.67,30.501259,30.7,30.495213,30.65,30.494032,30.75,30.524128
30.67,30.624031,30.68,30.633768,30.68,30.631424,30.65,30.621473,30.8,30.658012
30.67,30.63777,30.7,30.647644,30.65,30.645885,30.67,30.635036,30.82,30.672005
30.68,30.654213,30.68,30.664108,30.65,30.662853,30.75,30.651236,30.82,30.688362
30.7,30.673843,30.65,30.683691,30.67,30.683018,30.8,30.670652,30.87,30.707817
30.68,30.698536,30.65,30.708263,30.75,30.708227,30.82,30.694704,30.87,30.732452
30.65,30.763254,30.67,30.772549,30.8,30.774693,30.82,30.758055,30.87,30.797968
30.65,30.808886,30.75,30.817934,30.82,30.821653,30.87,30.802685,30.95,30.844229
30.67,30.868767,30.8,30.877417,30.82,30.883005,30.87,30.86096,31.15,30.904842
30.75,30.879923,30.82,30.88838,30.87,30.894043,30.87,30.871756,31.25,30.91563
30.8,30.875582,30.82,30.883905,30.87,30.889091,30.95,30.86736,31.39,30.910707
30.82,30.738396,30.87,30.746183,30.87,30.747896,31.15,30.736055,31.49,30.77223
30.82,30.738968,30.87,30.746735,30.95,30.748426,31.25,30.736694,31.35,30.772633
30.87,30.749372,30.87,30.757221,31.15,30.759182,31.39,30.746737,30.95,30.783077
30.87,30.765501,30.95,30.773396,31.25,30.775698,31.49,30.76236,30.95,30.79908
30.87,30.811644,31.15,30.819159,31.39,30.823126,31.35,30.807858,30.89,30.845654
30.95,30.772453,31.25,30.78018,31.49,30.782473,30.95,30.769587,30.88,30.805119
31.15,30.76019,31.39,30.768122,31.35,30.769339,30.95,30.75706,30.91,30.791748
31.25,30.750736,31.49,30.75886,30.95,30.759535,30.89,30.747875,31.08,30.781616
31.39,30.809355,31.35,30.81706,30.95,30.820272,30.88,30.805956,31.03,30.841337
31.49,30.878586,30.95,30.886436,30.89,30.8926,30.91,30.874395,30.99,30.911777
31.35,30.954203,30.95,30.962173,30.88,30.970629,31.08,30.94839,30.99,30.987381
30.95,31.150206,30.89,31.157967,30.91,31.172733,31.03,31.139782,31.07,31.184559
30.95,31.291248,30.88,31.298332,31.08,31.317295,30.99,31.277744,31.18,31.325607
30.89,31.358274,30.91,31.36457,31.03,31.38406,30.99,31.342024,31.18,31.390783
30.88,31.34494,31.08,31.349878,30.99,31.366655,31.07,31.327538,31.14,31.37409
30.91,31.320549,31.03,31.324442,30.99,31.339607,31.18,31.303503,31.25,31.34839
31.08,31.26779,30.99,31.271389,31.07,31.283495,31.18,31.249598,31.28,31.294762
31.03,31.322287,30.99,31.327036,31.18,31.339506,31.14,31.299744,31.46,31.349722
30.99,31.264654,31.07,31.269579,31.18,31.279648,31.25,31.24275,31.59,31.29117
30.99,31.206848,31.18,31.212297,31.14,31.21987,31.28,31.185635,31.58,31.232283
31.07,31.427557,31.18,31.432545,31.25,31.44382,31.46,31.39686,31.69,31.450357
31.18,31.381851,31.14,31.386728,31.28,31.395643,31.59,31.35115,31.76,31.40386
31.18,31.254845,31.25,31.259836,31.46,31.264296,31.58,31.226604,31.78,31.275902
31.14,31.186958,31.28,31.19247,31.59,31.196066,31.69,31.161232,31.98,31.209518
31.25,31.245522,31.46,31.252668,31.58,31.26021,31.76,31.219393,32.1,31.27176
31.28,31.303057,31.59,31.311167,31.69,31.320698,31.78,31.275164,32.46,31.329916
31.46,31.392017,31.58,31.39996,31.76,31.413372,31.98,31.364727,32.7,31.418964
31.59,31.420958,31.69,31.42786,31.78,31.443043,32.1,31.39534,32.66,31.447458
31.58,31.5271,31.76,31.533787,31.98,31.552153,32.46,31.498615,32.53,31.55412
31.69,31.5814,31.78,31.587748,32.1,31.607605,32.7,31.551937,32.58,31.607704
31.76,31.390106,31.98,31.396872,32.46,31.412794,32.66,31.368073,32.67,31.41801
31.78,31.471333,32.1,31.477879,32.7,31.496107,32.53,31.447216,32.89,31.498869
31.98,31.625452,32.46,31.631714,32.66,31.65481,32.58,31.598106,33.24,31.653158
32.1,31.743036,32.7,31.74882,32.53,31.774628,32.67,31.711859,33.26,31.769804
32.46,31.77126,32.66,31.776163,32.58,31.801947,32.89,31.73959,33.48,31.79586
32.7,31.839314,32.53,31.843784,32.67,31.871548,33.24,31.806503,33.79,31.863049
32.66,31.926722,32.58,31.931164,32.89,31.960945,33.26,31.890886,33.84,31.949516
32.53,31.9637,32.67,31.968256,33.24,31.999561,33.48,31.929028,33.95,31.9848
32.58,32.072475,32.89,32.076797,33.26,32.111244,33.79,32.0363,34.08,32.091427
32.67,32.238007,33.24,32.24062,33.48,32.27803,33.84,32.196762,34.19,32.25279
32.89,32.344822,33.26,32.344994,33.79,32.383835,33.95,32.30104,34.75,32.355392
33.24,32.232567,33.48,32.23183,33.84,32.266205,34.08,32.19235,33.63,32.241417
33.26,32.191547,33.79,32.19052,33.95,32.221275,34.19,32.150364,33.96,32.197594
33.48,32.36117,33.84,32.358704,34.08,32.394676,34.75,32.31592,34.63,32.36616
33.79,32.44204,33.95,32.439926,34.19,32.47802,33.63,32.3947,34.62,32.445534
33.84,32.8591,34.08,32.853333,34.75,32.90276,33.96,32.798996,34.39,32.857162
33.95,33.440647,34.19,33.431095,33.63,33.49323,34.63,33.357803,34.2,33.425476
34.08,33.893776,34.75,33.8825,33.96,33.953815,34.62,33.78903,33.97,33.868473
34.19,34.094196,33.63,34.08283,34.63,34.15699,34.39,33.977394,34.11,34.063778
34.75,34.210392,33.96,34.199017,34.62,34.277058,34.2,34.09004,34.16,34.178772
33.63,34.4068,34.63,34.39646,34.39,34.48045,33.97,34.27747,34.26,34.373466
33.96,34.67728,34.62,34.667442,34.2,34.76046,34.11,34.536312,34.3,34.641068
34.63,35.01173,34.39,35.001095,33.97,35.108513,34.16,34.858788,34.23,34.973885
34.62,35.176544,34.2,35.16402,34.11,35.275467,34.26,35.012943,34.11,35.13472
34.39,35.276295,33.97,35.263157,34.16,35.38241,34.3,35.11516,33.93,35.234818
34.2,35.10089,34.11,35.09189,34.26,35.20107,34.23,34.942394,34.06,35.060238
33.97,35.081215,34.16,35.071365,34.3,35.174877,34.11,34.91794,34.27,35.034554
34.11,34.93789,34.26,34.924057,34.23,35.019485,33.93,34.78046,34.38,34.887093
34.16,34.753437,34.3,34.73923,34.11,34.82502,34.06,34.60229,34.44,34.70072
34.26,34.627556,34.23,34.6135,33.93,34.691204,34.27,34.47785,34.21,34.57244
34.3,34.490387,34.11,34.4768,34.06,34.547928,34.38,34.345566,34.09,34.43448
34.23,34.358574,33.93,34.34512,34.27,34.409714,34.44,34.21767,33.91,34.302204
34.11,34.18341,34.06,34.16816,34.38,34.22541,34.21,34.04983,34.07,34.126755
33.93,33.974556,34.27,33.95334,34.44,34.00695,34.09,33.854378,34.48,33.922688
34.06,34.01616,34.38,33.99504,34.21,34.04661,33.91,33.887573,34.74,33.96323
34.27,34.145657,34.44,34.12429,34.09,34.17957,34.07,34.01355,34.7,34.088715
34.38,33.9728,34.21,33.95016,33.91,34.000816,34.48,33.84988,34.45,33.918774
34.44,33.904823,34.09,33.884018,34.07,33.93213,34.74,33.782177,34.88,33.853752
34.21,33.988758,33.91,33.969986,34.48,34.02078,34.7,33.860878,35.14,33.938976
34.09,34.192215,34.07,34.17504,34.74,34.23436,34.45,34.05714,35.16,34.143215
33.91,34.284447,34.48,34.266853,34.7,34.32977,34.88,34.146816,35.05,34.234016
34.07,34.30894,34.74,34.290295,34.45,34.353954,35.14,34.17129,35.09,34.256783
34.48,34.348614,34.7,34.330326,34.88,34.39526,35.16,34.208447,35.19,34.296555
34.74,34.278534,34.45,34.26011,35.14,34.321728,35.05,34.140156,35.2,34.226524
34.7,34.26743,34.88,34.249687,35.16,34.31171,35.09,34.129818,35.31,34.216797
34.45,34.28911,35.14,34.271847,35.05,34.33589,35.19,34.15137,35.51,34.240116
34.88,34.496635,35.16,34.48007,35.09,34.553883,35.2,34.352024,35.69,34.448307
35.14,34.63487,35.05,34.617294,35.19,34.69632,35.31,34.48541,35.87,34.58441
35.16,34.632214,35.09,34.612225,35.2,34.690853,35.51,34.484936,35.99,34.57848
35.05,34.531345,35.19,34.5107,35.31,34.586468,35.69,34.390945,36.09,34.477715
35.09,34.60227,35.2,34.582264,35.51,34.659657,35.87,34.456944,35.87,34.547886
35.19,34.821846,35.31,34.802105,35.69,34.888805,35.99,34.668007,35.8,34.766644
35.2,34.972443,35.51,34.951183,35.87,35.043938,36.09,34.81251,36.0,34.91523
35.31,35.164497,35.69,35.14204,35.99,35.242905,35.87,34.99698,35.79,35.105133
35.51,35.315784,35.87,35.292656,36.09,35.398956,35.8,35.139942,35.75,35.254387
35.69,35.52204,35.99,35.504395,35.87,35.61079,36.0,35.324486,35.69,35.453495
35.87,35.597866,36.09,35.58271,35.8,35.69074,35.79,35.393826,35.59,35.52789
35.99,35.606968,35.87,35.5931,36.0,35.70156,35.75,35.402424,35.58,35.537575
36.09,35.671494,35.8,35.659855,35.79,35.7713,35.69,35.46396,35.52,35.601513
35.87,35.747234,36.0,35.73616,35.75,35.849747,35.59,35.535084,35.4,35.674095
35.8,35.7799,35.79,35.76893,35.69,35.884487,35.58,35.56795,35.39,35.7052
36.0,35.741673,35.75,35.73326,35.59,35.84457,35.52,35.52963,35.32,35.66396
35.79,35.708626,35.69,35.704426,35.58,35.809566,35.4,35.49381,35.24,35.625248
35.75,35.726673,35.59,35.725307,35.52,35.82954,35.39,35.51041,35.18,35.640858
35.69,35.716675,35.58,35.720943,35.4,35.820847,35.32,35.497494,35.12,35.626507
35.59,35.67476,35.52,35.67678,35.39,35.769543,35.24,35.45358,35.07,35.578506
35.58,35.36793,35.4,35.33717,35.32,35.426304,35.18,35.177677,35.14,35.277096
35.52,35.283047,35.39,35.251312,35.24,35.334675,35.12,35.094612,35.25,35.190422
35.4,35.241016,35.32,35.20942,35.18,35.28945,35.07,35.052856,35.33,35.147175
35.39,35.167492,35.24,35.136223,35.12,35.212086,35.14,34.98143,35.28,35.073364
35.32,35.16297,35.18,35.13313,35.07,35.208427,35.25,34.97553,35.17,35.06978
35.24,35.143284,35.12,35.114346,35.14,35.188725,35.33,34.955845,34.94,35.050934
35.18,35.089497,35.07,35.061146,35.25,35.134357,35.28,34.905334,34.82,34.999462
35.12,34.96409,35.14,34.935493,35.33,35.001503,35.17,34.78343,34.7,34.87262
35.07,34.909058,35.25,34.87992,35.28,34.943146,34.94,34.730526,34.58,34.81677
35.14,34.902992,35.33,34.875282,35.17,34.941277,34.82,34.72722,34.37,34.815186
35.25,34.95232,35.28,34.929188,34.94,34.997513,34.7,34.77278,34.3,34.86635
35.33,35.028557,35.17,35.00677,34.82,35.080055,34.58,34.84634,34.3,34.945168
35.28,35.027885,34.94,35.005985,34.7,35.081917,34.37,34.847973,34.31,34.94835
35.17,35.00866,34.82,34.986652,34.58,35.062542,34.3,34.8301,34.34,34.930374
34.94,34.942802,34.7,34.920517,34.37,34.993347,34.3,34.76793,34.14,34.863255
34.82,34.897827,34.58,34.87497,34.3,34.945473,34.31,34.725174,33.9,34.817078
34.7,34.90165,34.37,34.87849,34.3,34.94954,34.34,34.72928,33.67,34.821312
34.58,34.89788,34.3,34.87407,34.31,34.945923,34.14,34.726784,33.63,34.81892
34.37,34.894367,34.3,34.87074,34.34,34.94396,33.9,34.72456,33.79,34.818
34.3,34.83421,34.31,34.810776,34.14,34.881386,33.67,34.666336,33.81,34.75851
34.3,34.63233,34.34,34.607338,33.9,34.668785,33.63,34.4726,33.78,34.55628
34.31,34.421238,34.14,34.394535,33.67,34.446964,33.79,34.270107,33.88,34.345226
34.34,34.260044,33.9,34.232414,33.63,34.279446,33.81,34.116425,33.69,34.185207
34.14,34.149284,33.67,34.12174,33.79,34.16555,33.78,34.010235,33.46,34.07688
33.9,34.031338,33.63,34.003822,33.81,34.04427,33.88,33.897144,33.43,33.961308
33.67,34.00589,33.79,33.980328,33.78,34.020634,33.69,33.871765,33.35,33.93838
33.63,34.028557,33.81,34.00522,33.88,34.046955,33.46,33.892174,33.23,33.963078
33.79,33.981052,33.78,33.95911,33.69,34.00043,33.43,33.846947,33.1,33.918083
33.81,33.96712,33.88,33.94725,33.46,33.98889,33.35,33.832924,33.87,33.906
33.78,33.932076,33.69,33.913548,33.43,33.955425,33.23,33.79968,32.85,33.873367
33.88,33.87806,33.46,33.860554,33.35,33.90267,33.1,33.74856,32.97,33.823643
33.69,33.834972,33.43,33.8178,33.23,33.860134,33.87,33.708115,33.21,33.78357
33.46,33.85925,33.35,33.842163,33.1,33.887188,32.85,33.73352,33.41,33.809982
33.43,33.832,33.23,33.81471,33.87,33.86107,32.97,33.710045,33.17,33.78522
33.35,33.780533,33.1,33.76258,32.85,33.80795,33.21,33.660904,32.82,33.735477
33.23,33.631363,33.87,33.61211,32.97,33.653164,33.41,33.518593,32.81,33.58706
33.1,33.40054,32.85,33.38117,33.21,33.41654,33.17,33.298496,32.81,33.35937
33.87,33.342186,32.97,33.32384,33.41,33.357506,32.82,33.240562,32.81,33.30312
32.85,33.170395,33.21,33.15234,33.17,33.181576,32.81,33.07638,32.81,33.133244
32.97,33.16329,33.41,33.145515,32.82,33.175644,32.81,33.070526,32.81,33.127193
33.21,33.388165,33.17,33.373856,32.81,33.41236,32.81,33.289143,32.71,33.351025
33.41,33.373226,32.82,33.356598,32.81,33.391018,32.81,33.26885,32.81,33.333504
33.17,33.273293,32.81,33.256454,32.81,33.29028,32.81,33.177475,32.79,33.234707
32.82,33.121254,32.81,33.105133,32.81,33.13394,32.71,33.02686,32.81,33.086052
32.81,33.099228,32.81,33.085617,32.81,33.114605,32.81,33.00542,32.81,33.066204
32.81,33.11159,32.81,33.098175,32.71,33.128548,32.79,33.01781,32.81,33.079956
32.81,33.117702,32.81,33.10388,32.81,33.134632,32.81,33.024437,32.79,33.085728
32.81,32.98391,32.71,32.969795,32.79,32.99795,32.81,32.897068,32.79,32.953762
32.81,33.044033,32.81,33.03111,32.81,33.06073,32.81,32.952312,32.79,33.015
32.71,33.060364,32.79,33.04917,32.81,33.07955,32.79,32.96687,32.79,33.032513
32.81,32.752003,32.81,32.739513,32.81,32.760345,32.79,32.668518,32.81,32.72624
32.79,32.672,32.81,32.661602,32.79,32.685658,32.79,32.598705,32.81,32.651955
